coor   697
         1    0.00000E+00    0.10000E+02    0.00000E+00
         2    0.25000E+01    0.10000E+02    0.00000E+00
         3    0.50000E+01    0.10000E+02    0.00000E+00
         4    0.75000E+01    0.10000E+02    0.00000E+00
         5    0.10000E+02    0.10000E+02    0.00000E+00
         6    0.12500E+02    0.10000E+02    0.00000E+00
         7    0.15000E+02    0.10000E+02    0.00000E+00
         8    0.17500E+02    0.10000E+02    0.00000E+00
         9    0.20000E+02    0.10000E+02    0.00000E+00
        10    0.22500E+02    0.10000E+02    0.00000E+00
        11    0.25000E+02    0.10000E+02    0.00000E+00
        12    0.27500E+02    0.10000E+02    0.00000E+00
        13    0.30000E+02    0.10000E+02    0.00000E+00
        14    0.32500E+02    0.10000E+02    0.00000E+00
        15    0.35000E+02    0.10000E+02    0.00000E+00
        16    0.37500E+02    0.10000E+02    0.00000E+00
        17    0.40000E+02    0.10000E+02    0.00000E+00
        18    0.42500E+02    0.10000E+02    0.00000E+00
        19    0.45000E+02    0.10000E+02    0.00000E+00
        20    0.47500E+02    0.10000E+02    0.00000E+00
        21    0.50000E+02    0.10000E+02    0.00000E+00
        22    0.52500E+02    0.10000E+02    0.00000E+00
        23    0.55000E+02    0.10000E+02    0.00000E+00
        24    0.57500E+02    0.10000E+02    0.00000E+00
        25    0.60000E+02    0.10000E+02    0.00000E+00
        26    0.62500E+02    0.10000E+02    0.00000E+00
        27    0.65000E+02    0.10000E+02    0.00000E+00
        28    0.67500E+02    0.10000E+02    0.00000E+00
        29    0.70000E+02    0.10000E+02    0.00000E+00
        30    0.72500E+02    0.10000E+02    0.00000E+00
        31    0.75000E+02    0.10000E+02    0.00000E+00
        32    0.77500E+02    0.10000E+02    0.00000E+00
        33    0.80000E+02    0.10000E+02    0.00000E+00
        34    0.82500E+02    0.10000E+02    0.00000E+00
        35    0.85000E+02    0.10000E+02    0.00000E+00
        36    0.87500E+02    0.10000E+02    0.00000E+00
        37    0.90000E+02    0.10000E+02    0.00000E+00
        38    0.92500E+02    0.10000E+02    0.00000E+00
        39    0.95000E+02    0.10000E+02    0.00000E+00
        40    0.97500E+02    0.10000E+02    0.00000E+00
        41    0.10000E+03    0.10000E+02    0.00000E+00
        42    0.00000E+00    0.93750E+01    0.00000E+00
        43    0.25000E+01    0.93750E+01    0.00000E+00
        44    0.50000E+01    0.93750E+01    0.00000E+00
        45    0.75000E+01    0.93750E+01    0.00000E+00
        46    0.10000E+02    0.93750E+01    0.00000E+00
        47    0.12500E+02    0.93750E+01    0.00000E+00
        48    0.15000E+02    0.93750E+01    0.00000E+00
        49    0.17500E+02    0.93750E+01    0.00000E+00
        50    0.20000E+02    0.93750E+01    0.00000E+00
        51    0.22500E+02    0.93750E+01    0.00000E+00
        52    0.25000E+02    0.93750E+01    0.00000E+00
        53    0.27500E+02    0.93750E+01    0.00000E+00
        54    0.30000E+02    0.93750E+01    0.00000E+00
        55    0.32500E+02    0.93750E+01    0.00000E+00
        56    0.35000E+02    0.93750E+01    0.00000E+00
        57    0.37500E+02    0.93750E+01    0.00000E+00
        58    0.40000E+02    0.93750E+01    0.00000E+00
        59    0.42500E+02    0.93750E+01    0.00000E+00
        60    0.45000E+02    0.93750E+01    0.00000E+00
        61    0.47500E+02    0.93750E+01    0.00000E+00
        62    0.50000E+02    0.93750E+01    0.00000E+00
        63    0.52500E+02    0.93750E+01    0.00000E+00
        64    0.55000E+02    0.93750E+01    0.00000E+00
        65    0.57500E+02    0.93750E+01    0.00000E+00
        66    0.60000E+02    0.93750E+01    0.00000E+00
        67    0.62500E+02    0.93750E+01    0.00000E+00
        68    0.65000E+02    0.93750E+01    0.00000E+00
        69    0.67500E+02    0.93750E+01    0.00000E+00
        70    0.70000E+02    0.93750E+01    0.00000E+00
        71    0.72500E+02    0.93750E+01    0.00000E+00
        72    0.75000E+02    0.93750E+01    0.00000E+00
        73    0.77500E+02    0.93750E+01    0.00000E+00
        74    0.80000E+02    0.93750E+01    0.00000E+00
        75    0.82500E+02    0.93750E+01    0.00000E+00
        76    0.85000E+02    0.93750E+01    0.00000E+00
        77    0.87500E+02    0.93750E+01    0.00000E+00
        78    0.90000E+02    0.93750E+01    0.00000E+00
        79    0.92500E+02    0.93750E+01    0.00000E+00
        80    0.95000E+02    0.93750E+01    0.00000E+00
        81    0.97500E+02    0.93750E+01    0.00000E+00
        82    0.10000E+03    0.93750E+01    0.00000E+00
        83    0.00000E+00    0.87500E+01    0.00000E+00
        84    0.25000E+01    0.87500E+01    0.00000E+00
        85    0.50000E+01    0.87500E+01    0.00000E+00
        86    0.75000E+01    0.87500E+01    0.00000E+00
        87    0.10000E+02    0.87500E+01    0.00000E+00
        88    0.12500E+02    0.87500E+01    0.00000E+00
        89    0.15000E+02    0.87500E+01    0.00000E+00
        90    0.17500E+02    0.87500E+01    0.00000E+00
        91    0.20000E+02    0.87500E+01    0.00000E+00
        92    0.22500E+02    0.87500E+01    0.00000E+00
        93    0.25000E+02    0.87500E+01    0.00000E+00
        94    0.27500E+02    0.87500E+01    0.00000E+00
        95    0.30000E+02    0.87500E+01    0.00000E+00
        96    0.32500E+02    0.87500E+01    0.00000E+00
        97    0.35000E+02    0.87500E+01    0.00000E+00
        98    0.37500E+02    0.87500E+01    0.00000E+00
        99    0.40000E+02    0.87500E+01    0.00000E+00
       100    0.42500E+02    0.87500E+01    0.00000E+00
       101    0.45000E+02    0.87500E+01    0.00000E+00
       102    0.47500E+02    0.87500E+01    0.00000E+00
       103    0.50000E+02    0.87500E+01    0.00000E+00
       104    0.52500E+02    0.87500E+01    0.00000E+00
       105    0.55000E+02    0.87500E+01    0.00000E+00
       106    0.57500E+02    0.87500E+01    0.00000E+00
       107    0.60000E+02    0.87500E+01    0.00000E+00
       108    0.62500E+02    0.87500E+01    0.00000E+00
       109    0.65000E+02    0.87500E+01    0.00000E+00
       110    0.67500E+02    0.87500E+01    0.00000E+00
       111    0.70000E+02    0.87500E+01    0.00000E+00
       112    0.72500E+02    0.87500E+01    0.00000E+00
       113    0.75000E+02    0.87500E+01    0.00000E+00
       114    0.77500E+02    0.87500E+01    0.00000E+00
       115    0.80000E+02    0.87500E+01    0.00000E+00
       116    0.82500E+02    0.87500E+01    0.00000E+00
       117    0.85000E+02    0.87500E+01    0.00000E+00
       118    0.87500E+02    0.87500E+01    0.00000E+00
       119    0.90000E+02    0.87500E+01    0.00000E+00
       120    0.92500E+02    0.87500E+01    0.00000E+00
       121    0.95000E+02    0.87500E+01    0.00000E+00
       122    0.97500E+02    0.87500E+01    0.00000E+00
       123    0.10000E+03    0.87500E+01    0.00000E+00
       124    0.00000E+00    0.81250E+01    0.00000E+00
       125    0.25000E+01    0.81250E+01    0.00000E+00
       126    0.50000E+01    0.81250E+01    0.00000E+00
       127    0.75000E+01    0.81250E+01    0.00000E+00
       128    0.10000E+02    0.81250E+01    0.00000E+00
       129    0.12500E+02    0.81250E+01    0.00000E+00
       130    0.15000E+02    0.81250E+01    0.00000E+00
       131    0.17500E+02    0.81250E+01    0.00000E+00
       132    0.20000E+02    0.81250E+01    0.00000E+00
       133    0.22500E+02    0.81250E+01    0.00000E+00
       134    0.25000E+02    0.81250E+01    0.00000E+00
       135    0.27500E+02    0.81250E+01    0.00000E+00
       136    0.30000E+02    0.81250E+01    0.00000E+00
       137    0.32500E+02    0.81250E+01    0.00000E+00
       138    0.35000E+02    0.81250E+01    0.00000E+00
       139    0.37500E+02    0.81250E+01    0.00000E+00
       140    0.40000E+02    0.81250E+01    0.00000E+00
       141    0.42500E+02    0.81250E+01    0.00000E+00
       142    0.45000E+02    0.81250E+01    0.00000E+00
       143    0.47500E+02    0.81250E+01    0.00000E+00
       144    0.50000E+02    0.81250E+01    0.00000E+00
       145    0.52500E+02    0.81250E+01    0.00000E+00
       146    0.55000E+02    0.81250E+01    0.00000E+00
       147    0.57500E+02    0.81250E+01    0.00000E+00
       148    0.60000E+02    0.81250E+01    0.00000E+00
       149    0.62500E+02    0.81250E+01    0.00000E+00
       150    0.65000E+02    0.81250E+01    0.00000E+00
       151    0.67500E+02    0.81250E+01    0.00000E+00
       152    0.70000E+02    0.81250E+01    0.00000E+00
       153    0.72500E+02    0.81250E+01    0.00000E+00
       154    0.75000E+02    0.81250E+01    0.00000E+00
       155    0.77500E+02    0.81250E+01    0.00000E+00
       156    0.80000E+02    0.81250E+01    0.00000E+00
       157    0.82500E+02    0.81250E+01    0.00000E+00
       158    0.85000E+02    0.81250E+01    0.00000E+00
       159    0.87500E+02    0.81250E+01    0.00000E+00
       160    0.90000E+02    0.81250E+01    0.00000E+00
       161    0.92500E+02    0.81250E+01    0.00000E+00
       162    0.95000E+02    0.81250E+01    0.00000E+00
       163    0.97500E+02    0.81250E+01    0.00000E+00
       164    0.10000E+03    0.81250E+01    0.00000E+00
       165    0.00000E+00    0.75000E+01    0.00000E+00
       166    0.25000E+01    0.75000E+01    0.00000E+00
       167    0.50000E+01    0.75000E+01    0.00000E+00
       168    0.75000E+01    0.75000E+01    0.00000E+00
       169    0.10000E+02    0.75000E+01    0.00000E+00
       170    0.12500E+02    0.75000E+01    0.00000E+00
       171    0.15000E+02    0.75000E+01    0.00000E+00
       172    0.17500E+02    0.75000E+01    0.00000E+00
       173    0.20000E+02    0.75000E+01    0.00000E+00
       174    0.22500E+02    0.75000E+01    0.00000E+00
       175    0.25000E+02    0.75000E+01    0.00000E+00
       176    0.27500E+02    0.75000E+01    0.00000E+00
       177    0.30000E+02    0.75000E+01    0.00000E+00
       178    0.32500E+02    0.75000E+01    0.00000E+00
       179    0.35000E+02    0.75000E+01    0.00000E+00
       180    0.37500E+02    0.75000E+01    0.00000E+00
       181    0.40000E+02    0.75000E+01    0.00000E+00
       182    0.42500E+02    0.75000E+01    0.00000E+00
       183    0.45000E+02    0.75000E+01    0.00000E+00
       184    0.47500E+02    0.75000E+01    0.00000E+00
       185    0.50000E+02    0.75000E+01    0.00000E+00
       186    0.52500E+02    0.75000E+01    0.00000E+00
       187    0.55000E+02    0.75000E+01    0.00000E+00
       188    0.57500E+02    0.75000E+01    0.00000E+00
       189    0.60000E+02    0.75000E+01    0.00000E+00
       190    0.62500E+02    0.75000E+01    0.00000E+00
       191    0.65000E+02    0.75000E+01    0.00000E+00
       192    0.67500E+02    0.75000E+01    0.00000E+00
       193    0.70000E+02    0.75000E+01    0.00000E+00
       194    0.72500E+02    0.75000E+01    0.00000E+00
       195    0.75000E+02    0.75000E+01    0.00000E+00
       196    0.77500E+02    0.75000E+01    0.00000E+00
       197    0.80000E+02    0.75000E+01    0.00000E+00
       198    0.82500E+02    0.75000E+01    0.00000E+00
       199    0.85000E+02    0.75000E+01    0.00000E+00
       200    0.87500E+02    0.75000E+01    0.00000E+00
       201    0.90000E+02    0.75000E+01    0.00000E+00
       202    0.92500E+02    0.75000E+01    0.00000E+00
       203    0.95000E+02    0.75000E+01    0.00000E+00
       204    0.97500E+02    0.75000E+01    0.00000E+00
       205    0.10000E+03    0.75000E+01    0.00000E+00
       206    0.00000E+00    0.68750E+01    0.00000E+00
       207    0.25000E+01    0.68750E+01    0.00000E+00
       208    0.50000E+01    0.68750E+01    0.00000E+00
       209    0.75000E+01    0.68750E+01    0.00000E+00
       210    0.10000E+02    0.68750E+01    0.00000E+00
       211    0.12500E+02    0.68750E+01    0.00000E+00
       212    0.15000E+02    0.68750E+01    0.00000E+00
       213    0.17500E+02    0.68750E+01    0.00000E+00
       214    0.20000E+02    0.68750E+01    0.00000E+00
       215    0.22500E+02    0.68750E+01    0.00000E+00
       216    0.25000E+02    0.68750E+01    0.00000E+00
       217    0.27500E+02    0.68750E+01    0.00000E+00
       218    0.30000E+02    0.68750E+01    0.00000E+00
       219    0.32500E+02    0.68750E+01    0.00000E+00
       220    0.35000E+02    0.68750E+01    0.00000E+00
       221    0.37500E+02    0.68750E+01    0.00000E+00
       222    0.40000E+02    0.68750E+01    0.00000E+00
       223    0.42500E+02    0.68750E+01    0.00000E+00
       224    0.45000E+02    0.68750E+01    0.00000E+00
       225    0.47500E+02    0.68750E+01    0.00000E+00
       226    0.50000E+02    0.68750E+01    0.00000E+00
       227    0.52500E+02    0.68750E+01    0.00000E+00
       228    0.55000E+02    0.68750E+01    0.00000E+00
       229    0.57500E+02    0.68750E+01    0.00000E+00
       230    0.60000E+02    0.68750E+01    0.00000E+00
       231    0.62500E+02    0.68750E+01    0.00000E+00
       232    0.65000E+02    0.68750E+01    0.00000E+00
       233    0.67500E+02    0.68750E+01    0.00000E+00
       234    0.70000E+02    0.68750E+01    0.00000E+00
       235    0.72500E+02    0.68750E+01    0.00000E+00
       236    0.75000E+02    0.68750E+01    0.00000E+00
       237    0.77500E+02    0.68750E+01    0.00000E+00
       238    0.80000E+02    0.68750E+01    0.00000E+00
       239    0.82500E+02    0.68750E+01    0.00000E+00
       240    0.85000E+02    0.68750E+01    0.00000E+00
       241    0.87500E+02    0.68750E+01    0.00000E+00
       242    0.90000E+02    0.68750E+01    0.00000E+00
       243    0.92500E+02    0.68750E+01    0.00000E+00
       244    0.95000E+02    0.68750E+01    0.00000E+00
       245    0.97500E+02    0.68750E+01    0.00000E+00
       246    0.10000E+03    0.68750E+01    0.00000E+00
       247    0.00000E+00    0.62500E+01    0.00000E+00
       248    0.25000E+01    0.62500E+01    0.00000E+00
       249    0.50000E+01    0.62500E+01    0.00000E+00
       250    0.75000E+01    0.62500E+01    0.00000E+00
       251    0.10000E+02    0.62500E+01    0.00000E+00
       252    0.12500E+02    0.62500E+01    0.00000E+00
       253    0.15000E+02    0.62500E+01    0.00000E+00
       254    0.17500E+02    0.62500E+01    0.00000E+00
       255    0.20000E+02    0.62500E+01    0.00000E+00
       256    0.22500E+02    0.62500E+01    0.00000E+00
       257    0.25000E+02    0.62500E+01    0.00000E+00
       258    0.27500E+02    0.62500E+01    0.00000E+00
       259    0.30000E+02    0.62500E+01    0.00000E+00
       260    0.32500E+02    0.62500E+01    0.00000E+00
       261    0.35000E+02    0.62500E+01    0.00000E+00
       262    0.37500E+02    0.62500E+01    0.00000E+00
       263    0.40000E+02    0.62500E+01    0.00000E+00
       264    0.42500E+02    0.62500E+01    0.00000E+00
       265    0.45000E+02    0.62500E+01    0.00000E+00
       266    0.47500E+02    0.62500E+01    0.00000E+00
       267    0.50000E+02    0.62500E+01    0.00000E+00
       268    0.52500E+02    0.62500E+01    0.00000E+00
       269    0.55000E+02    0.62500E+01    0.00000E+00
       270    0.57500E+02    0.62500E+01    0.00000E+00
       271    0.60000E+02    0.62500E+01    0.00000E+00
       272    0.62500E+02    0.62500E+01    0.00000E+00
       273    0.65000E+02    0.62500E+01    0.00000E+00
       274    0.67500E+02    0.62500E+01    0.00000E+00
       275    0.70000E+02    0.62500E+01    0.00000E+00
       276    0.72500E+02    0.62500E+01    0.00000E+00
       277    0.75000E+02    0.62500E+01    0.00000E+00
       278    0.77500E+02    0.62500E+01    0.00000E+00
       279    0.80000E+02    0.62500E+01    0.00000E+00
       280    0.82500E+02    0.62500E+01    0.00000E+00
       281    0.85000E+02    0.62500E+01    0.00000E+00
       282    0.87500E+02    0.62500E+01    0.00000E+00
       283    0.90000E+02    0.62500E+01    0.00000E+00
       284    0.92500E+02    0.62500E+01    0.00000E+00
       285    0.95000E+02    0.62500E+01    0.00000E+00
       286    0.97500E+02    0.62500E+01    0.00000E+00
       287    0.10000E+03    0.62500E+01    0.00000E+00
       288    0.00000E+00    0.56250E+01    0.00000E+00
       289    0.25000E+01    0.56250E+01    0.00000E+00
       290    0.50000E+01    0.56250E+01    0.00000E+00
       291    0.75000E+01    0.56250E+01    0.00000E+00
       292    0.10000E+02    0.56250E+01    0.00000E+00
       293    0.12500E+02    0.56250E+01    0.00000E+00
       294    0.15000E+02    0.56250E+01    0.00000E+00
       295    0.17500E+02    0.56250E+01    0.00000E+00
       296    0.20000E+02    0.56250E+01    0.00000E+00
       297    0.22500E+02    0.56250E+01    0.00000E+00
       298    0.25000E+02    0.56250E+01    0.00000E+00
       299    0.27500E+02    0.56250E+01    0.00000E+00
       300    0.30000E+02    0.56250E+01    0.00000E+00
       301    0.32500E+02    0.56250E+01    0.00000E+00
       302    0.35000E+02    0.56250E+01    0.00000E+00
       303    0.37500E+02    0.56250E+01    0.00000E+00
       304    0.40000E+02    0.56250E+01    0.00000E+00
       305    0.42500E+02    0.56250E+01    0.00000E+00
       306    0.45000E+02    0.56250E+01    0.00000E+00
       307    0.47500E+02    0.56250E+01    0.00000E+00
       308    0.50000E+02    0.56250E+01    0.00000E+00
       309    0.52500E+02    0.56250E+01    0.00000E+00
       310    0.55000E+02    0.56250E+01    0.00000E+00
       311    0.57500E+02    0.56250E+01    0.00000E+00
       312    0.60000E+02    0.56250E+01    0.00000E+00
       313    0.62500E+02    0.56250E+01    0.00000E+00
       314    0.65000E+02    0.56250E+01    0.00000E+00
       315    0.67500E+02    0.56250E+01    0.00000E+00
       316    0.70000E+02    0.56250E+01    0.00000E+00
       317    0.72500E+02    0.56250E+01    0.00000E+00
       318    0.75000E+02    0.56250E+01    0.00000E+00
       319    0.77500E+02    0.56250E+01    0.00000E+00
       320    0.80000E+02    0.56250E+01    0.00000E+00
       321    0.82500E+02    0.56250E+01    0.00000E+00
       322    0.85000E+02    0.56250E+01    0.00000E+00
       323    0.87500E+02    0.56250E+01    0.00000E+00
       324    0.90000E+02    0.56250E+01    0.00000E+00
       325    0.92500E+02    0.56250E+01    0.00000E+00
       326    0.95000E+02    0.56250E+01    0.00000E+00
       327    0.97500E+02    0.56250E+01    0.00000E+00
       328    0.10000E+03    0.56250E+01    0.00000E+00
       329    0.00000E+00    0.50000E+01    0.00000E+00
       330    0.25000E+01    0.50000E+01    0.00000E+00
       331    0.50000E+01    0.50000E+01    0.00000E+00
       332    0.75000E+01    0.50000E+01    0.00000E+00
       333    0.10000E+02    0.50000E+01    0.00000E+00
       334    0.12500E+02    0.50000E+01    0.00000E+00
       335    0.15000E+02    0.50000E+01    0.00000E+00
       336    0.17500E+02    0.50000E+01    0.00000E+00
       337    0.20000E+02    0.50000E+01    0.00000E+00
       338    0.22500E+02    0.50000E+01    0.00000E+00
       339    0.25000E+02    0.50000E+01    0.00000E+00
       340    0.27500E+02    0.50000E+01    0.00000E+00
       341    0.30000E+02    0.50000E+01    0.00000E+00
       342    0.32500E+02    0.50000E+01    0.00000E+00
       343    0.35000E+02    0.50000E+01    0.00000E+00
       344    0.37500E+02    0.50000E+01    0.00000E+00
       345    0.40000E+02    0.50000E+01    0.00000E+00
       346    0.42500E+02    0.50000E+01    0.00000E+00
       347    0.45000E+02    0.50000E+01    0.00000E+00
       348    0.47500E+02    0.50000E+01    0.00000E+00
       349    0.50000E+02    0.50000E+01    0.00000E+00
       350    0.52500E+02    0.50000E+01    0.00000E+00
       351    0.55000E+02    0.50000E+01    0.00000E+00
       352    0.57500E+02    0.50000E+01    0.00000E+00
       353    0.60000E+02    0.50000E+01    0.00000E+00
       354    0.62500E+02    0.50000E+01    0.00000E+00
       355    0.65000E+02    0.50000E+01    0.00000E+00
       356    0.67500E+02    0.50000E+01    0.00000E+00
       357    0.70000E+02    0.50000E+01    0.00000E+00
       358    0.72500E+02    0.50000E+01    0.00000E+00
       359    0.75000E+02    0.50000E+01    0.00000E+00
       360    0.77500E+02    0.50000E+01    0.00000E+00
       361    0.80000E+02    0.50000E+01    0.00000E+00
       362    0.82500E+02    0.50000E+01    0.00000E+00
       363    0.85000E+02    0.50000E+01    0.00000E+00
       364    0.87500E+02    0.50000E+01    0.00000E+00
       365    0.90000E+02    0.50000E+01    0.00000E+00
       366    0.92500E+02    0.50000E+01    0.00000E+00
       367    0.95000E+02    0.50000E+01    0.00000E+00
       368    0.97500E+02    0.50000E+01    0.00000E+00
       369    0.10000E+03    0.50000E+01    0.00000E+00
       370    0.00000E+00    0.43750E+01    0.00000E+00
       371    0.25000E+01    0.43750E+01    0.00000E+00
       372    0.50000E+01    0.43750E+01    0.00000E+00
       373    0.75000E+01    0.43750E+01    0.00000E+00
       374    0.10000E+02    0.43750E+01    0.00000E+00
       375    0.12500E+02    0.43750E+01    0.00000E+00
       376    0.15000E+02    0.43750E+01    0.00000E+00
       377    0.17500E+02    0.43750E+01    0.00000E+00
       378    0.20000E+02    0.43750E+01    0.00000E+00
       379    0.22500E+02    0.43750E+01    0.00000E+00
       380    0.25000E+02    0.43750E+01    0.00000E+00
       381    0.27500E+02    0.43750E+01    0.00000E+00
       382    0.30000E+02    0.43750E+01    0.00000E+00
       383    0.32500E+02    0.43750E+01    0.00000E+00
       384    0.35000E+02    0.43750E+01    0.00000E+00
       385    0.37500E+02    0.43750E+01    0.00000E+00
       386    0.40000E+02    0.43750E+01    0.00000E+00
       387    0.42500E+02    0.43750E+01    0.00000E+00
       388    0.45000E+02    0.43750E+01    0.00000E+00
       389    0.47500E+02    0.43750E+01    0.00000E+00
       390    0.50000E+02    0.43750E+01    0.00000E+00
       391    0.52500E+02    0.43750E+01    0.00000E+00
       392    0.55000E+02    0.43750E+01    0.00000E+00
       393    0.57500E+02    0.43750E+01    0.00000E+00
       394    0.60000E+02    0.43750E+01    0.00000E+00
       395    0.62500E+02    0.43750E+01    0.00000E+00
       396    0.65000E+02    0.43750E+01    0.00000E+00
       397    0.67500E+02    0.43750E+01    0.00000E+00
       398    0.70000E+02    0.43750E+01    0.00000E+00
       399    0.72500E+02    0.43750E+01    0.00000E+00
       400    0.75000E+02    0.43750E+01    0.00000E+00
       401    0.77500E+02    0.43750E+01    0.00000E+00
       402    0.80000E+02    0.43750E+01    0.00000E+00
       403    0.82500E+02    0.43750E+01    0.00000E+00
       404    0.85000E+02    0.43750E+01    0.00000E+00
       405    0.87500E+02    0.43750E+01    0.00000E+00
       406    0.90000E+02    0.43750E+01    0.00000E+00
       407    0.92500E+02    0.43750E+01    0.00000E+00
       408    0.95000E+02    0.43750E+01    0.00000E+00
       409    0.97500E+02    0.43750E+01    0.00000E+00
       410    0.10000E+03    0.43750E+01    0.00000E+00
       411    0.00000E+00    0.37500E+01    0.00000E+00
       412    0.25000E+01    0.37500E+01    0.00000E+00
       413    0.50000E+01    0.37500E+01    0.00000E+00
       414    0.75000E+01    0.37500E+01    0.00000E+00
       415    0.10000E+02    0.37500E+01    0.00000E+00
       416    0.12500E+02    0.37500E+01    0.00000E+00
       417    0.15000E+02    0.37500E+01    0.00000E+00
       418    0.17500E+02    0.37500E+01    0.00000E+00
       419    0.20000E+02    0.37500E+01    0.00000E+00
       420    0.22500E+02    0.37500E+01    0.00000E+00
       421    0.25000E+02    0.37500E+01    0.00000E+00
       422    0.27500E+02    0.37500E+01    0.00000E+00
       423    0.30000E+02    0.37500E+01    0.00000E+00
       424    0.32500E+02    0.37500E+01    0.00000E+00
       425    0.35000E+02    0.37500E+01    0.00000E+00
       426    0.37500E+02    0.37500E+01    0.00000E+00
       427    0.40000E+02    0.37500E+01    0.00000E+00
       428    0.42500E+02    0.37500E+01    0.00000E+00
       429    0.45000E+02    0.37500E+01    0.00000E+00
       430    0.47500E+02    0.37500E+01    0.00000E+00
       431    0.50000E+02    0.37500E+01    0.00000E+00
       432    0.52500E+02    0.37500E+01    0.00000E+00
       433    0.55000E+02    0.37500E+01    0.00000E+00
       434    0.57500E+02    0.37500E+01    0.00000E+00
       435    0.60000E+02    0.37500E+01    0.00000E+00
       436    0.62500E+02    0.37500E+01    0.00000E+00
       437    0.65000E+02    0.37500E+01    0.00000E+00
       438    0.67500E+02    0.37500E+01    0.00000E+00
       439    0.70000E+02    0.37500E+01    0.00000E+00
       440    0.72500E+02    0.37500E+01    0.00000E+00
       441    0.75000E+02    0.37500E+01    0.00000E+00
       442    0.77500E+02    0.37500E+01    0.00000E+00
       443    0.80000E+02    0.37500E+01    0.00000E+00
       444    0.82500E+02    0.37500E+01    0.00000E+00
       445    0.85000E+02    0.37500E+01    0.00000E+00
       446    0.87500E+02    0.37500E+01    0.00000E+00
       447    0.90000E+02    0.37500E+01    0.00000E+00
       448    0.92500E+02    0.37500E+01    0.00000E+00
       449    0.95000E+02    0.37500E+01    0.00000E+00
       450    0.97500E+02    0.37500E+01    0.00000E+00
       451    0.10000E+03    0.37500E+01    0.00000E+00
       452    0.00000E+00    0.31250E+01    0.00000E+00
       453    0.25000E+01    0.31250E+01    0.00000E+00
       454    0.50000E+01    0.31250E+01    0.00000E+00
       455    0.75000E+01    0.31250E+01    0.00000E+00
       456    0.10000E+02    0.31250E+01    0.00000E+00
       457    0.12500E+02    0.31250E+01    0.00000E+00
       458    0.15000E+02    0.31250E+01    0.00000E+00
       459    0.17500E+02    0.31250E+01    0.00000E+00
       460    0.20000E+02    0.31250E+01    0.00000E+00
       461    0.22500E+02    0.31250E+01    0.00000E+00
       462    0.25000E+02    0.31250E+01    0.00000E+00
       463    0.27500E+02    0.31250E+01    0.00000E+00
       464    0.30000E+02    0.31250E+01    0.00000E+00
       465    0.32500E+02    0.31250E+01    0.00000E+00
       466    0.35000E+02    0.31250E+01    0.00000E+00
       467    0.37500E+02    0.31250E+01    0.00000E+00
       468    0.40000E+02    0.31250E+01    0.00000E+00
       469    0.42500E+02    0.31250E+01    0.00000E+00
       470    0.45000E+02    0.31250E+01    0.00000E+00
       471    0.47500E+02    0.31250E+01    0.00000E+00
       472    0.50000E+02    0.31250E+01    0.00000E+00
       473    0.52500E+02    0.31250E+01    0.00000E+00
       474    0.55000E+02    0.31250E+01    0.00000E+00
       475    0.57500E+02    0.31250E+01    0.00000E+00
       476    0.60000E+02    0.31250E+01    0.00000E+00
       477    0.62500E+02    0.31250E+01    0.00000E+00
       478    0.65000E+02    0.31250E+01    0.00000E+00
       479    0.67500E+02    0.31250E+01    0.00000E+00
       480    0.70000E+02    0.31250E+01    0.00000E+00
       481    0.72500E+02    0.31250E+01    0.00000E+00
       482    0.75000E+02    0.31250E+01    0.00000E+00
       483    0.77500E+02    0.31250E+01    0.00000E+00
       484    0.80000E+02    0.31250E+01    0.00000E+00
       485    0.82500E+02    0.31250E+01    0.00000E+00
       486    0.85000E+02    0.31250E+01    0.00000E+00
       487    0.87500E+02    0.31250E+01    0.00000E+00
       488    0.90000E+02    0.31250E+01    0.00000E+00
       489    0.92500E+02    0.31250E+01    0.00000E+00
       490    0.95000E+02    0.31250E+01    0.00000E+00
       491    0.97500E+02    0.31250E+01    0.00000E+00
       492    0.10000E+03    0.31250E+01    0.00000E+00
       493    0.00000E+00    0.25000E+01    0.00000E+00
       494    0.25000E+01    0.25000E+01    0.00000E+00
       495    0.50000E+01    0.25000E+01    0.00000E+00
       496    0.75000E+01    0.25000E+01    0.00000E+00
       497    0.10000E+02    0.25000E+01    0.00000E+00
       498    0.12500E+02    0.25000E+01    0.00000E+00
       499    0.15000E+02    0.25000E+01    0.00000E+00
       500    0.17500E+02    0.25000E+01    0.00000E+00
       501    0.20000E+02    0.25000E+01    0.00000E+00
       502    0.22500E+02    0.25000E+01    0.00000E+00
       503    0.25000E+02    0.25000E+01    0.00000E+00
       504    0.27500E+02    0.25000E+01    0.00000E+00
       505    0.30000E+02    0.25000E+01    0.00000E+00
       506    0.32500E+02    0.25000E+01    0.00000E+00
       507    0.35000E+02    0.25000E+01    0.00000E+00
       508    0.37500E+02    0.25000E+01    0.00000E+00
       509    0.40000E+02    0.25000E+01    0.00000E+00
       510    0.42500E+02    0.25000E+01    0.00000E+00
       511    0.45000E+02    0.25000E+01    0.00000E+00
       512    0.47500E+02    0.25000E+01    0.00000E+00
       513    0.50000E+02    0.25000E+01    0.00000E+00
       514    0.52500E+02    0.25000E+01    0.00000E+00
       515    0.55000E+02    0.25000E+01    0.00000E+00
       516    0.57500E+02    0.25000E+01    0.00000E+00
       517    0.60000E+02    0.25000E+01    0.00000E+00
       518    0.62500E+02    0.25000E+01    0.00000E+00
       519    0.65000E+02    0.25000E+01    0.00000E+00
       520    0.67500E+02    0.25000E+01    0.00000E+00
       521    0.70000E+02    0.25000E+01    0.00000E+00
       522    0.72500E+02    0.25000E+01    0.00000E+00
       523    0.75000E+02    0.25000E+01    0.00000E+00
       524    0.77500E+02    0.25000E+01    0.00000E+00
       525    0.80000E+02    0.25000E+01    0.00000E+00
       526    0.82500E+02    0.25000E+01    0.00000E+00
       527    0.85000E+02    0.25000E+01    0.00000E+00
       528    0.87500E+02    0.25000E+01    0.00000E+00
       529    0.90000E+02    0.25000E+01    0.00000E+00
       530    0.92500E+02    0.25000E+01    0.00000E+00
       531    0.95000E+02    0.25000E+01    0.00000E+00
       532    0.97500E+02    0.25000E+01    0.00000E+00
       533    0.10000E+03    0.25000E+01    0.00000E+00
       534    0.00000E+00    0.18750E+01    0.00000E+00
       535    0.25000E+01    0.18750E+01    0.00000E+00
       536    0.50000E+01    0.18750E+01    0.00000E+00
       537    0.75000E+01    0.18750E+01    0.00000E+00
       538    0.10000E+02    0.18750E+01    0.00000E+00
       539    0.12500E+02    0.18750E+01    0.00000E+00
       540    0.15000E+02    0.18750E+01    0.00000E+00
       541    0.17500E+02    0.18750E+01    0.00000E+00
       542    0.20000E+02    0.18750E+01    0.00000E+00
       543    0.22500E+02    0.18750E+01    0.00000E+00
       544    0.25000E+02    0.18750E+01    0.00000E+00
       545    0.27500E+02    0.18750E+01    0.00000E+00
       546    0.30000E+02    0.18750E+01    0.00000E+00
       547    0.32500E+02    0.18750E+01    0.00000E+00
       548    0.35000E+02    0.18750E+01    0.00000E+00
       549    0.37500E+02    0.18750E+01    0.00000E+00
       550    0.40000E+02    0.18750E+01    0.00000E+00
       551    0.42500E+02    0.18750E+01    0.00000E+00
       552    0.45000E+02    0.18750E+01    0.00000E+00
       553    0.47500E+02    0.18750E+01    0.00000E+00
       554    0.50000E+02    0.18750E+01    0.00000E+00
       555    0.52500E+02    0.18750E+01    0.00000E+00
       556    0.55000E+02    0.18750E+01    0.00000E+00
       557    0.57500E+02    0.18750E+01    0.00000E+00
       558    0.60000E+02    0.18750E+01    0.00000E+00
       559    0.62500E+02    0.18750E+01    0.00000E+00
       560    0.65000E+02    0.18750E+01    0.00000E+00
       561    0.67500E+02    0.18750E+01    0.00000E+00
       562    0.70000E+02    0.18750E+01    0.00000E+00
       563    0.72500E+02    0.18750E+01    0.00000E+00
       564    0.75000E+02    0.18750E+01    0.00000E+00
       565    0.77500E+02    0.18750E+01    0.00000E+00
       566    0.80000E+02    0.18750E+01    0.00000E+00
       567    0.82500E+02    0.18750E+01    0.00000E+00
       568    0.85000E+02    0.18750E+01    0.00000E+00
       569    0.87500E+02    0.18750E+01    0.00000E+00
       570    0.90000E+02    0.18750E+01    0.00000E+00
       571    0.92500E+02    0.18750E+01    0.00000E+00
       572    0.95000E+02    0.18750E+01    0.00000E+00
       573    0.97500E+02    0.18750E+01    0.00000E+00
       574    0.10000E+03    0.18750E+01    0.00000E+00
       575    0.00000E+00    0.12500E+01    0.00000E+00
       576    0.25000E+01    0.12500E+01    0.00000E+00
       577    0.50000E+01    0.12500E+01    0.00000E+00
       578    0.75000E+01    0.12500E+01    0.00000E+00
       579    0.10000E+02    0.12500E+01    0.00000E+00
       580    0.12500E+02    0.12500E+01    0.00000E+00
       581    0.15000E+02    0.12500E+01    0.00000E+00
       582    0.17500E+02    0.12500E+01    0.00000E+00
       583    0.20000E+02    0.12500E+01    0.00000E+00
       584    0.22500E+02    0.12500E+01    0.00000E+00
       585    0.25000E+02    0.12500E+01    0.00000E+00
       586    0.27500E+02    0.12500E+01    0.00000E+00
       587    0.30000E+02    0.12500E+01    0.00000E+00
       588    0.32500E+02    0.12500E+01    0.00000E+00
       589    0.35000E+02    0.12500E+01    0.00000E+00
       590    0.37500E+02    0.12500E+01    0.00000E+00
       591    0.40000E+02    0.12500E+01    0.00000E+00
       592    0.42500E+02    0.12500E+01    0.00000E+00
       593    0.45000E+02    0.12500E+01    0.00000E+00
       594    0.47500E+02    0.12500E+01    0.00000E+00
       595    0.50000E+02    0.12500E+01    0.00000E+00
       596    0.52500E+02    0.12500E+01    0.00000E+00
       597    0.55000E+02    0.12500E+01    0.00000E+00
       598    0.57500E+02    0.12500E+01    0.00000E+00
       599    0.60000E+02    0.12500E+01    0.00000E+00
       600    0.62500E+02    0.12500E+01    0.00000E+00
       601    0.65000E+02    0.12500E+01    0.00000E+00
       602    0.67500E+02    0.12500E+01    0.00000E+00
       603    0.70000E+02    0.12500E+01    0.00000E+00
       604    0.72500E+02    0.12500E+01    0.00000E+00
       605    0.75000E+02    0.12500E+01    0.00000E+00
       606    0.77500E+02    0.12500E+01    0.00000E+00
       607    0.80000E+02    0.12500E+01    0.00000E+00
       608    0.82500E+02    0.12500E+01    0.00000E+00
       609    0.85000E+02    0.12500E+01    0.00000E+00
       610    0.87500E+02    0.12500E+01    0.00000E+00
       611    0.90000E+02    0.12500E+01    0.00000E+00
       612    0.92500E+02    0.12500E+01    0.00000E+00
       613    0.95000E+02    0.12500E+01    0.00000E+00
       614    0.97500E+02    0.12500E+01    0.00000E+00
       615    0.10000E+03    0.12500E+01    0.00000E+00
       616    0.00000E+00    0.62500E+00    0.00000E+00
       617    0.25000E+01    0.62500E+00    0.00000E+00
       618    0.50000E+01    0.62500E+00    0.00000E+00
       619    0.75000E+01    0.62500E+00    0.00000E+00
       620    0.10000E+02    0.62500E+00    0.00000E+00
       621    0.12500E+02    0.62500E+00    0.00000E+00
       622    0.15000E+02    0.62500E+00    0.00000E+00
       623    0.17500E+02    0.62500E+00    0.00000E+00
       624    0.20000E+02    0.62500E+00    0.00000E+00
       625    0.22500E+02    0.62500E+00    0.00000E+00
       626    0.25000E+02    0.62500E+00    0.00000E+00
       627    0.27500E+02    0.62500E+00    0.00000E+00
       628    0.30000E+02    0.62500E+00    0.00000E+00
       629    0.32500E+02    0.62500E+00    0.00000E+00
       630    0.35000E+02    0.62500E+00    0.00000E+00
       631    0.37500E+02    0.62500E+00    0.00000E+00
       632    0.40000E+02    0.62500E+00    0.00000E+00
       633    0.42500E+02    0.62500E+00    0.00000E+00
       634    0.45000E+02    0.62500E+00    0.00000E+00
       635    0.47500E+02    0.62500E+00    0.00000E+00
       636    0.50000E+02    0.62500E+00    0.00000E+00
       637    0.52500E+02    0.62500E+00    0.00000E+00
       638    0.55000E+02    0.62500E+00    0.00000E+00
       639    0.57500E+02    0.62500E+00    0.00000E+00
       640    0.60000E+02    0.62500E+00    0.00000E+00
       641    0.62500E+02    0.62500E+00    0.00000E+00
       642    0.65000E+02    0.62500E+00    0.00000E+00
       643    0.67500E+02    0.62500E+00    0.00000E+00
       644    0.70000E+02    0.62500E+00    0.00000E+00
       645    0.72500E+02    0.62500E+00    0.00000E+00
       646    0.75000E+02    0.62500E+00    0.00000E+00
       647    0.77500E+02    0.62500E+00    0.00000E+00
       648    0.80000E+02    0.62500E+00    0.00000E+00
       649    0.82500E+02    0.62500E+00    0.00000E+00
       650    0.85000E+02    0.62500E+00    0.00000E+00
       651    0.87500E+02    0.62500E+00    0.00000E+00
       652    0.90000E+02    0.62500E+00    0.00000E+00
       653    0.92500E+02    0.62500E+00    0.00000E+00
       654    0.95000E+02    0.62500E+00    0.00000E+00
       655    0.97500E+02    0.62500E+00    0.00000E+00
       656    0.10000E+03    0.62500E+00    0.00000E+00
       657    0.00000E+00    0.00000E+00    0.00000E+00
       658    0.25000E+01    0.00000E+00    0.00000E+00
       659    0.50000E+01    0.00000E+00    0.00000E+00
       660    0.75000E+01    0.00000E+00    0.00000E+00
       661    0.10000E+02    0.00000E+00    0.00000E+00
       662    0.12500E+02    0.00000E+00    0.00000E+00
       663    0.15000E+02    0.00000E+00    0.00000E+00
       664    0.17500E+02    0.00000E+00    0.00000E+00
       665    0.20000E+02    0.00000E+00    0.00000E+00
       666    0.22500E+02    0.00000E+00    0.00000E+00
       667    0.25000E+02    0.00000E+00    0.00000E+00
       668    0.27500E+02    0.00000E+00    0.00000E+00
       669    0.30000E+02    0.00000E+00    0.00000E+00
       670    0.32500E+02    0.00000E+00    0.00000E+00
       671    0.35000E+02    0.00000E+00    0.00000E+00
       672    0.37500E+02    0.00000E+00    0.00000E+00
       673    0.40000E+02    0.00000E+00    0.00000E+00
       674    0.42500E+02    0.00000E+00    0.00000E+00
       675    0.45000E+02    0.00000E+00    0.00000E+00
       676    0.47500E+02    0.00000E+00    0.00000E+00
       677    0.50000E+02    0.00000E+00    0.00000E+00
       678    0.52500E+02    0.00000E+00    0.00000E+00
       679    0.55000E+02    0.00000E+00    0.00000E+00
       680    0.57500E+02    0.00000E+00    0.00000E+00
       681    0.60000E+02    0.00000E+00    0.00000E+00
       682    0.62500E+02    0.00000E+00    0.00000E+00
       683    0.65000E+02    0.00000E+00    0.00000E+00
       684    0.67500E+02    0.00000E+00    0.00000E+00
       685    0.70000E+02    0.00000E+00    0.00000E+00
       686    0.72500E+02    0.00000E+00    0.00000E+00
       687    0.75000E+02    0.00000E+00    0.00000E+00
       688    0.77500E+02    0.00000E+00    0.00000E+00
       689    0.80000E+02    0.00000E+00    0.00000E+00
       690    0.82500E+02    0.00000E+00    0.00000E+00
       691    0.85000E+02    0.00000E+00    0.00000E+00
       692    0.87500E+02    0.00000E+00    0.00000E+00
       693    0.90000E+02    0.00000E+00    0.00000E+00
       694    0.92500E+02    0.00000E+00    0.00000E+00
       695    0.95000E+02    0.00000E+00    0.00000E+00
       696    0.97500E+02    0.00000E+00    0.00000E+00
       697    0.10000E+03    0.00000E+00    0.00000E+00
elem       1280
         1         3         1        42        43
         2         3         1        43         2
         3         3         2        43        44
         4         3         2        44         3
         5         3         3        44        45
         6         3         3        45         4
         7         3         4        45        46
         8         3         4        46         5
         9         3         5        46        47
        10         3         5        47         6
        11         3         6        47        48
        12         3         6        48         7
        13         3         7        48        49
        14         3         7        49         8
        15         3         8        49        50
        16         3         8        50         9
        17         3         9        50        51
        18         3         9        51        10
        19         3        10        51        52
        20         3        10        52        11
        21         3        11        52        53
        22         3        11        53        12
        23         3        12        53        54
        24         3        12        54        13
        25         3        13        54        55
        26         3        13        55        14
        27         3        14        55        56
        28         3        14        56        15
        29         3        15        56        57
        30         3        15        57        16
        31         3        16        57        58
        32         3        16        58        17
        33         3        17        58        59
        34         3        17        59        18
        35         3        18        59        60
        36         3        18        60        19
        37         3        19        60        61
        38         3        19        61        20
        39         3        20        61        62
        40         3        20        62        21
        41         3        21        62        63
        42         3        21        63        22
        43         3        22        63        64
        44         3        22        64        23
        45         3        23        64        65
        46         3        23        65        24
        47         3        24        65        66
        48         3        24        66        25
        49         3        25        66        67
        50         3        25        67        26
        51         3        26        67        68
        52         3        26        68        27
        53         3        27        68        69
        54         3        27        69        28
        55         3        28        69        70
        56         3        28        70        29
        57         3        29        70        71
        58         3        29        71        30
        59         3        30        71        72
        60         3        30        72        31
        61         3        31        72        73
        62         3        31        73        32
        63         3        32        73        74
        64         3        32        74        33
        65         3        33        74        75
        66         3        33        75        34
        67         3        34        75        76
        68         3        34        76        35
        69         3        35        76        77
        70         3        35        77        36
        71         3        36        77        78
        72         3        36        78        37
        73         3        37        78        79
        74         3        37        79        38
        75         3        38        79        80
        76         3        38        80        39
        77         3        39        80        81
        78         3        39        81        40
        79         3        40        81        82
        80         3        40        82        41
        81         3        42        83        84
        82         3        42        84        43
        83         3        43        84        85
        84         3        43        85        44
        85         3        44        85        86
        86         3        44        86        45
        87         3        45        86        87
        88         3        45        87        46
        89         3        46        87        88
        90         3        46        88        47
        91         3        47        88        89
        92         3        47        89        48
        93         3        48        89        90
        94         3        48        90        49
        95         3        49        90        91
        96         3        49        91        50
        97         3        50        91        92
        98         3        50        92        51
        99         3        51        92        93
       100         3        51        93        52
       101         3        52        93        94
       102         3        52        94        53
       103         3        53        94        95
       104         3        53        95        54
       105         3        54        95        96
       106         3        54        96        55
       107         3        55        96        97
       108         3        55        97        56
       109         3        56        97        98
       110         3        56        98        57
       111         3        57        98        99
       112         3        57        99        58
       113         3        58        99       100
       114         3        58       100        59
       115         3        59       100       101
       116         3        59       101        60
       117         3        60       101       102
       118         3        60       102        61
       119         3        61       102       103
       120         3        61       103        62
       121         3        62       103       104
       122         3        62       104        63
       123         3        63       104       105
       124         3        63       105        64
       125         3        64       105       106
       126         3        64       106        65
       127         3        65       106       107
       128         3        65       107        66
       129         3        66       107       108
       130         3        66       108        67
       131         3        67       108       109
       132         3        67       109        68
       133         3        68       109       110
       134         3        68       110        69
       135         3        69       110       111
       136         3        69       111        70
       137         3        70       111       112
       138         3        70       112        71
       139         3        71       112       113
       140         3        71       113        72
       141         3        72       113       114
       142         3        72       114        73
       143         3        73       114       115
       144         3        73       115        74
       145         3        74       115       116
       146         3        74       116        75
       147         3        75       116       117
       148         3        75       117        76
       149         3        76       117       118
       150         3        76       118        77
       151         3        77       118       119
       152         3        77       119        78
       153         3        78       119       120
       154         3        78       120        79
       155         3        79       120       121
       156         3        79       121        80
       157         3        80       121       122
       158         3        80       122        81
       159         3        81       122       123
       160         3        81       123        82
       161         3        83       124       125
       162         3        83       125        84
       163         3        84       125       126
       164         3        84       126        85
       165         3        85       126       127
       166         3        85       127        86
       167         3        86       127       128
       168         3        86       128        87
       169         3        87       128       129
       170         3        87       129        88
       171         3        88       129       130
       172         3        88       130        89
       173         3        89       130       131
       174         3        89       131        90
       175         3        90       131       132
       176         3        90       132        91
       177         3        91       132       133
       178         3        91       133        92
       179         3        92       133       134
       180         3        92       134        93
       181         3        93       134       135
       182         3        93       135        94
       183         3        94       135       136
       184         3        94       136        95
       185         3        95       136       137
       186         3        95       137        96
       187         3        96       137       138
       188         3        96       138        97
       189         3        97       138       139
       190         3        97       139        98
       191         3        98       139       140
       192         3        98       140        99
       193         3        99       140       141
       194         3        99       141       100
       195         3       100       141       142
       196         3       100       142       101
       197         3       101       142       143
       198         3       101       143       102
       199         3       102       143       144
       200         3       102       144       103
       201         3       103       144       145
       202         3       103       145       104
       203         3       104       145       146
       204         3       104       146       105
       205         3       105       146       147
       206         3       105       147       106
       207         3       106       147       148
       208         3       106       148       107
       209         3       107       148       149
       210         3       107       149       108
       211         3       108       149       150
       212         3       108       150       109
       213         3       109       150       151
       214         3       109       151       110
       215         3       110       151       152
       216         3       110       152       111
       217         3       111       152       153
       218         3       111       153       112
       219         3       112       153       154
       220         3       112       154       113
       221         3       113       154       155
       222         3       113       155       114
       223         3       114       155       156
       224         3       114       156       115
       225         3       115       156       157
       226         3       115       157       116
       227         3       116       157       158
       228         3       116       158       117
       229         3       117       158       159
       230         3       117       159       118
       231         3       118       159       160
       232         3       118       160       119
       233         3       119       160       161
       234         3       119       161       120
       235         3       120       161       162
       236         3       120       162       121
       237         3       121       162       163
       238         3       121       163       122
       239         3       122       163       164
       240         3       122       164       123
       241         3       124       165       166
       242         3       124       166       125
       243         3       125       166       167
       244         3       125       167       126
       245         3       126       167       168
       246         3       126       168       127
       247         3       127       168       169
       248         3       127       169       128
       249         3       128       169       170
       250         3       128       170       129
       251         3       129       170       171
       252         3       129       171       130
       253         3       130       171       172
       254         3       130       172       131
       255         3       131       172       173
       256         3       131       173       132
       257         3       132       173       174
       258         3       132       174       133
       259         3       133       174       175
       260         3       133       175       134
       261         3       134       175       176
       262         3       134       176       135
       263         3       135       176       177
       264         3       135       177       136
       265         3       136       177       178
       266         3       136       178       137
       267         3       137       178       179
       268         3       137       179       138
       269         3       138       179       180
       270         3       138       180       139
       271         3       139       180       181
       272         3       139       181       140
       273         3       140       181       182
       274         3       140       182       141
       275         3       141       182       183
       276         3       141       183       142
       277         3       142       183       184
       278         3       142       184       143
       279         3       143       184       185
       280         3       143       185       144
       281         3       144       185       186
       282         3       144       186       145
       283         3       145       186       187
       284         3       145       187       146
       285         3       146       187       188
       286         3       146       188       147
       287         3       147       188       189
       288         3       147       189       148
       289         3       148       189       190
       290         3       148       190       149
       291         3       149       190       191
       292         3       149       191       150
       293         3       150       191       192
       294         3       150       192       151
       295         3       151       192       193
       296         3       151       193       152
       297         3       152       193       194
       298         3       152       194       153
       299         3       153       194       195
       300         3       153       195       154
       301         3       154       195       196
       302         3       154       196       155
       303         3       155       196       197
       304         3       155       197       156
       305         3       156       197       198
       306         3       156       198       157
       307         3       157       198       199
       308         3       157       199       158
       309         3       158       199       200
       310         3       158       200       159
       311         3       159       200       201
       312         3       159       201       160
       313         3       160       201       202
       314         3       160       202       161
       315         3       161       202       203
       316         3       161       203       162
       317         3       162       203       204
       318         3       162       204       163
       319         3       163       204       205
       320         3       163       205       164
       321         3       165       206       207
       322         3       165       207       166
       323         3       166       207       208
       324         3       166       208       167
       325         3       167       208       209
       326         3       167       209       168
       327         3       168       209       210
       328         3       168       210       169
       329         3       169       210       211
       330         3       169       211       170
       331         3       170       211       212
       332         3       170       212       171
       333         3       171       212       213
       334         3       171       213       172
       335         3       172       213       214
       336         3       172       214       173
       337         3       173       214       215
       338         3       173       215       174
       339         3       174       215       216
       340         3       174       216       175
       341         3       175       216       217
       342         3       175       217       176
       343         3       176       217       218
       344         3       176       218       177
       345         3       177       218       219
       346         3       177       219       178
       347         3       178       219       220
       348         3       178       220       179
       349         3       179       220       221
       350         3       179       221       180
       351         3       180       221       222
       352         3       180       222       181
       353         3       181       222       223
       354         3       181       223       182
       355         3       182       223       224
       356         3       182       224       183
       357         3       183       224       225
       358         3       183       225       184
       359         3       184       225       226
       360         3       184       226       185
       361         3       185       226       227
       362         3       185       227       186
       363         3       186       227       228
       364         3       186       228       187
       365         3       187       228       229
       366         3       187       229       188
       367         3       188       229       230
       368         3       188       230       189
       369         3       189       230       231
       370         3       189       231       190
       371         3       190       231       232
       372         3       190       232       191
       373         3       191       232       233
       374         3       191       233       192
       375         3       192       233       234
       376         3       192       234       193
       377         3       193       234       235
       378         3       193       235       194
       379         3       194       235       236
       380         3       194       236       195
       381         3       195       236       237
       382         3       195       237       196
       383         3       196       237       238
       384         3       196       238       197
       385         3       197       238       239
       386         3       197       239       198
       387         3       198       239       240
       388         3       198       240       199
       389         3       199       240       241
       390         3       199       241       200
       391         3       200       241       242
       392         3       200       242       201
       393         3       201       242       243
       394         3       201       243       202
       395         3       202       243       244
       396         3       202       244       203
       397         3       203       244       245
       398         3       203       245       204
       399         3       204       245       246
       400         3       204       246       205
       401         3       206       247       248
       402         3       206       248       207
       403         3       207       248       249
       404         3       207       249       208
       405         3       208       249       250
       406         3       208       250       209
       407         3       209       250       251
       408         3       209       251       210
       409         3       210       251       252
       410         3       210       252       211
       411         3       211       252       253
       412         3       211       253       212
       413         3       212       253       254
       414         3       212       254       213
       415         3       213       254       255
       416         3       213       255       214
       417         3       214       255       256
       418         3       214       256       215
       419         3       215       256       257
       420         3       215       257       216
       421         3       216       257       258
       422         3       216       258       217
       423         3       217       258       259
       424         3       217       259       218
       425         3       218       259       260
       426         3       218       260       219
       427         3       219       260       261
       428         3       219       261       220
       429         3       220       261       262
       430         3       220       262       221
       431         3       221       262       263
       432         3       221       263       222
       433         3       222       263       264
       434         3       222       264       223
       435         3       223       264       265
       436         3       223       265       224
       437         3       224       265       266
       438         3       224       266       225
       439         3       225       266       267
       440         3       225       267       226
       441         3       226       267       268
       442         3       226       268       227
       443         3       227       268       269
       444         3       227       269       228
       445         3       228       269       270
       446         3       228       270       229
       447         3       229       270       271
       448         3       229       271       230
       449         3       230       271       272
       450         3       230       272       231
       451         3       231       272       273
       452         3       231       273       232
       453         3       232       273       274
       454         3       232       274       233
       455         3       233       274       275
       456         3       233       275       234
       457         3       234       275       276
       458         3       234       276       235
       459         3       235       276       277
       460         3       235       277       236
       461         3       236       277       278
       462         3       236       278       237
       463         3       237       278       279
       464         3       237       279       238
       465         3       238       279       280
       466         3       238       280       239
       467         3       239       280       281
       468         3       239       281       240
       469         3       240       281       282
       470         3       240       282       241
       471         3       241       282       283
       472         3       241       283       242
       473         3       242       283       284
       474         3       242       284       243
       475         3       243       284       285
       476         3       243       285       244
       477         3       244       285       286
       478         3       244       286       245
       479         3       245       286       287
       480         3       245       287       246
       481         3       247       288       289
       482         3       247       289       248
       483         3       248       289       290
       484         3       248       290       249
       485         3       249       290       291
       486         3       249       291       250
       487         3       250       291       292
       488         3       250       292       251
       489         3       251       292       293
       490         3       251       293       252
       491         3       252       293       294
       492         3       252       294       253
       493         3       253       294       295
       494         3       253       295       254
       495         3       254       295       296
       496         3       254       296       255
       497         3       255       296       297
       498         3       255       297       256
       499         3       256       297       298
       500         3       256       298       257
       501         3       257       298       299
       502         3       257       299       258
       503         3       258       299       300
       504         3       258       300       259
       505         3       259       300       301
       506         3       259       301       260
       507         3       260       301       302
       508         3       260       302       261
       509         3       261       302       303
       510         3       261       303       262
       511         3       262       303       304
       512         3       262       304       263
       513         3       263       304       305
       514         3       263       305       264
       515         3       264       305       306
       516         3       264       306       265
       517         3       265       306       307
       518         3       265       307       266
       519         3       266       307       308
       520         3       266       308       267
       521         3       267       308       309
       522         3       267       309       268
       523         3       268       309       310
       524         3       268       310       269
       525         3       269       310       311
       526         3       269       311       270
       527         3       270       311       312
       528         3       270       312       271
       529         3       271       312       313
       530         3       271       313       272
       531         3       272       313       314
       532         3       272       314       273
       533         3       273       314       315
       534         3       273       315       274
       535         3       274       315       316
       536         3       274       316       275
       537         3       275       316       317
       538         3       275       317       276
       539         3       276       317       318
       540         3       276       318       277
       541         3       277       318       319
       542         3       277       319       278
       543         3       278       319       320
       544         3       278       320       279
       545         3       279       320       321
       546         3       279       321       280
       547         3       280       321       322
       548         3       280       322       281
       549         3       281       322       323
       550         3       281       323       282
       551         3       282       323       324
       552         3       282       324       283
       553         3       283       324       325
       554         3       283       325       284
       555         3       284       325       326
       556         3       284       326       285
       557         3       285       326       327
       558         3       285       327       286
       559         3       286       327       328
       560         3       286       328       287
       561         3       288       329       330
       562         3       288       330       289
       563         3       289       330       331
       564         3       289       331       290
       565         3       290       331       332
       566         3       290       332       291
       567         3       291       332       333
       568         3       291       333       292
       569         3       292       333       334
       570         3       292       334       293
       571         3       293       334       335
       572         3       293       335       294
       573         3       294       335       336
       574         3       294       336       295
       575         3       295       336       337
       576         3       295       337       296
       577         3       296       337       338
       578         3       296       338       297
       579         3       297       338       339
       580         3       297       339       298
       581         3       298       339       340
       582         3       298       340       299
       583         3       299       340       341
       584         3       299       341       300
       585         3       300       341       342
       586         3       300       342       301
       587         3       301       342       343
       588         3       301       343       302
       589         3       302       343       344
       590         3       302       344       303
       591         3       303       344       345
       592         3       303       345       304
       593         3       304       345       346
       594         3       304       346       305
       595         3       305       346       347
       596         3       305       347       306
       597         3       306       347       348
       598         3       306       348       307
       599         3       307       348       349
       600         3       307       349       308
       601         3       308       349       350
       602         3       308       350       309
       603         3       309       350       351
       604         3       309       351       310
       605         3       310       351       352
       606         3       310       352       311
       607         3       311       352       353
       608         3       311       353       312
       609         3       312       353       354
       610         3       312       354       313
       611         3       313       354       355
       612         3       313       355       314
       613         3       314       355       356
       614         3       314       356       315
       615         3       315       356       357
       616         3       315       357       316
       617         3       316       357       358
       618         3       316       358       317
       619         3       317       358       359
       620         3       317       359       318
       621         3       318       359       360
       622         3       318       360       319
       623         3       319       360       361
       624         3       319       361       320
       625         3       320       361       362
       626         3       320       362       321
       627         3       321       362       363
       628         3       321       363       322
       629         3       322       363       364
       630         3       322       364       323
       631         3       323       364       365
       632         3       323       365       324
       633         3       324       365       366
       634         3       324       366       325
       635         3       325       366       367
       636         3       325       367       326
       637         3       326       367       368
       638         3       326       368       327
       639         3       327       368       369
       640         3       327       369       328
       641         3       329       370       371
       642         3       329       371       330
       643         3       330       371       372
       644         3       330       372       331
       645         3       331       372       373
       646         3       331       373       332
       647         3       332       373       374
       648         3       332       374       333
       649         3       333       374       375
       650         3       333       375       334
       651         3       334       375       376
       652         3       334       376       335
       653         3       335       376       377
       654         3       335       377       336
       655         3       336       377       378
       656         3       336       378       337
       657         3       337       378       379
       658         3       337       379       338
       659         3       338       379       380
       660         3       338       380       339
       661         3       339       380       381
       662         3       339       381       340
       663         3       340       381       382
       664         3       340       382       341
       665         3       341       382       383
       666         3       341       383       342
       667         3       342       383       384
       668         3       342       384       343
       669         3       343       384       385
       670         3       343       385       344
       671         3       344       385       386
       672         3       344       386       345
       673         3       345       386       387
       674         3       345       387       346
       675         3       346       387       388
       676         3       346       388       347
       677         3       347       388       389
       678         3       347       389       348
       679         3       348       389       390
       680         3       348       390       349
       681         3       349       390       391
       682         3       349       391       350
       683         3       350       391       392
       684         3       350       392       351
       685         3       351       392       393
       686         3       351       393       352
       687         3       352       393       394
       688         3       352       394       353
       689         3       353       394       395
       690         3       353       395       354
       691         3       354       395       396
       692         3       354       396       355
       693         3       355       396       397
       694         3       355       397       356
       695         3       356       397       398
       696         3       356       398       357
       697         3       357       398       399
       698         3       357       399       358
       699         3       358       399       400
       700         3       358       400       359
       701         3       359       400       401
       702         3       359       401       360
       703         3       360       401       402
       704         3       360       402       361
       705         3       361       402       403
       706         3       361       403       362
       707         3       362       403       404
       708         3       362       404       363
       709         3       363       404       405
       710         3       363       405       364
       711         3       364       405       406
       712         3       364       406       365
       713         3       365       406       407
       714         3       365       407       366
       715         3       366       407       408
       716         3       366       408       367
       717         3       367       408       409
       718         3       367       409       368
       719         3       368       409       410
       720         3       368       410       369
       721         3       370       411       412
       722         3       370       412       371
       723         3       371       412       413
       724         3       371       413       372
       725         3       372       413       414
       726         3       372       414       373
       727         3       373       414       415
       728         3       373       415       374
       729         3       374       415       416
       730         3       374       416       375
       731         3       375       416       417
       732         3       375       417       376
       733         3       376       417       418
       734         3       376       418       377
       735         3       377       418       419
       736         3       377       419       378
       737         3       378       419       420
       738         3       378       420       379
       739         3       379       420       421
       740         3       379       421       380
       741         3       380       421       422
       742         3       380       422       381
       743         3       381       422       423
       744         3       381       423       382
       745         3       382       423       424
       746         3       382       424       383
       747         3       383       424       425
       748         3       383       425       384
       749         3       384       425       426
       750         3       384       426       385
       751         3       385       426       427
       752         3       385       427       386
       753         3       386       427       428
       754         3       386       428       387
       755         3       387       428       429
       756         3       387       429       388
       757         3       388       429       430
       758         3       388       430       389
       759         3       389       430       431
       760         3       389       431       390
       761         3       390       431       432
       762         3       390       432       391
       763         3       391       432       433
       764         3       391       433       392
       765         3       392       433       434
       766         3       392       434       393
       767         3       393       434       435
       768         3       393       435       394
       769         3       394       435       436
       770         3       394       436       395
       771         3       395       436       437
       772         3       395       437       396
       773         3       396       437       438
       774         3       396       438       397
       775         3       397       438       439
       776         3       397       439       398
       777         3       398       439       440
       778         3       398       440       399
       779         3       399       440       441
       780         3       399       441       400
       781         3       400       441       442
       782         3       400       442       401
       783         3       401       442       443
       784         3       401       443       402
       785         3       402       443       444
       786         3       402       444       403
       787         3       403       444       445
       788         3       403       445       404
       789         3       404       445       446
       790         3       404       446       405
       791         3       405       446       447
       792         3       405       447       406
       793         3       406       447       448
       794         3       406       448       407
       795         3       407       448       449
       796         3       407       449       408
       797         3       408       449       450
       798         3       408       450       409
       799         3       409       450       451
       800         3       409       451       410
       801         3       411       452       453
       802         3       411       453       412
       803         3       412       453       454
       804         3       412       454       413
       805         3       413       454       455
       806         3       413       455       414
       807         3       414       455       456
       808         3       414       456       415
       809         3       415       456       457
       810         3       415       457       416
       811         3       416       457       458
       812         3       416       458       417
       813         3       417       458       459
       814         3       417       459       418
       815         3       418       459       460
       816         3       418       460       419
       817         3       419       460       461
       818         3       419       461       420
       819         3       420       461       462
       820         3       420       462       421
       821         3       421       462       463
       822         3       421       463       422
       823         3       422       463       464
       824         3       422       464       423
       825         3       423       464       465
       826         3       423       465       424
       827         3       424       465       466
       828         3       424       466       425
       829         3       425       466       467
       830         3       425       467       426
       831         3       426       467       468
       832         3       426       468       427
       833         3       427       468       469
       834         3       427       469       428
       835         3       428       469       470
       836         3       428       470       429
       837         3       429       470       471
       838         3       429       471       430
       839         3       430       471       472
       840         3       430       472       431
       841         3       431       472       473
       842         3       431       473       432
       843         3       432       473       474
       844         3       432       474       433
       845         3       433       474       475
       846         3       433       475       434
       847         3       434       475       476
       848         3       434       476       435
       849         3       435       476       477
       850         3       435       477       436
       851         3       436       477       478
       852         3       436       478       437
       853         3       437       478       479
       854         3       437       479       438
       855         3       438       479       480
       856         3       438       480       439
       857         3       439       480       481
       858         3       439       481       440
       859         3       440       481       482
       860         3       440       482       441
       861         3       441       482       483
       862         3       441       483       442
       863         3       442       483       484
       864         3       442       484       443
       865         3       443       484       485
       866         3       443       485       444
       867         3       444       485       486
       868         3       444       486       445
       869         3       445       486       487
       870         3       445       487       446
       871         3       446       487       488
       872         3       446       488       447
       873         3       447       488       489
       874         3       447       489       448
       875         3       448       489       490
       876         3       448       490       449
       877         3       449       490       491
       878         3       449       491       450
       879         3       450       491       492
       880         3       450       492       451
       881         3       452       493       494
       882         3       452       494       453
       883         3       453       494       495
       884         3       453       495       454
       885         3       454       495       496
       886         3       454       496       455
       887         3       455       496       497
       888         3       455       497       456
       889         3       456       497       498
       890         3       456       498       457
       891         3       457       498       499
       892         3       457       499       458
       893         3       458       499       500
       894         3       458       500       459
       895         3       459       500       501
       896         3       459       501       460
       897         3       460       501       502
       898         3       460       502       461
       899         3       461       502       503
       900         3       461       503       462
       901         3       462       503       504
       902         3       462       504       463
       903         3       463       504       505
       904         3       463       505       464
       905         3       464       505       506
       906         3       464       506       465
       907         3       465       506       507
       908         3       465       507       466
       909         3       466       507       508
       910         3       466       508       467
       911         3       467       508       509
       912         3       467       509       468
       913         3       468       509       510
       914         3       468       510       469
       915         3       469       510       511
       916         3       469       511       470
       917         3       470       511       512
       918         3       470       512       471
       919         3       471       512       513
       920         3       471       513       472
       921         3       472       513       514
       922         3       472       514       473
       923         3       473       514       515
       924         3       473       515       474
       925         3       474       515       516
       926         3       474       516       475
       927         3       475       516       517
       928         3       475       517       476
       929         3       476       517       518
       930         3       476       518       477
       931         3       477       518       519
       932         3       477       519       478
       933         3       478       519       520
       934         3       478       520       479
       935         3       479       520       521
       936         3       479       521       480
       937         3       480       521       522
       938         3       480       522       481
       939         3       481       522       523
       940         3       481       523       482
       941         3       482       523       524
       942         3       482       524       483
       943         3       483       524       525
       944         3       483       525       484
       945         3       484       525       526
       946         3       484       526       485
       947         3       485       526       527
       948         3       485       527       486
       949         3       486       527       528
       950         3       486       528       487
       951         3       487       528       529
       952         3       487       529       488
       953         3       488       529       530
       954         3       488       530       489
       955         3       489       530       531
       956         3       489       531       490
       957         3       490       531       532
       958         3       490       532       491
       959         3       491       532       533
       960         3       491       533       492
       961         3       493       534       535
       962         3       493       535       494
       963         3       494       535       536
       964         3       494       536       495
       965         3       495       536       537
       966         3       495       537       496
       967         3       496       537       538
       968         3       496       538       497
       969         3       497       538       539
       970         3       497       539       498
       971         3       498       539       540
       972         3       498       540       499
       973         3       499       540       541
       974         3       499       541       500
       975         3       500       541       542
       976         3       500       542       501
       977         3       501       542       543
       978         3       501       543       502
       979         3       502       543       544
       980         3       502       544       503
       981         3       503       544       545
       982         3       503       545       504
       983         3       504       545       546
       984         3       504       546       505
       985         3       505       546       547
       986         3       505       547       506
       987         3       506       547       548
       988         3       506       548       507
       989         3       507       548       549
       990         3       507       549       508
       991         3       508       549       550
       992         3       508       550       509
       993         3       509       550       551
       994         3       509       551       510
       995         3       510       551       552
       996         3       510       552       511
       997         3       511       552       553
       998         3       511       553       512
       999         3       512       553       554
      1000         3       512       554       513
      1001         3       513       554       555
      1002         3       513       555       514
      1003         3       514       555       556
      1004         3       514       556       515
      1005         3       515       556       557
      1006         3       515       557       516
      1007         3       516       557       558
      1008         3       516       558       517
      1009         3       517       558       559
      1010         3       517       559       518
      1011         3       518       559       560
      1012         3       518       560       519
      1013         3       519       560       561
      1014         3       519       561       520
      1015         3       520       561       562
      1016         3       520       562       521
      1017         3       521       562       563
      1018         3       521       563       522
      1019         3       522       563       564
      1020         3       522       564       523
      1021         3       523       564       565
      1022         3       523       565       524
      1023         3       524       565       566
      1024         3       524       566       525
      1025         3       525       566       567
      1026         3       525       567       526
      1027         3       526       567       568
      1028         3       526       568       527
      1029         3       527       568       569
      1030         3       527       569       528
      1031         3       528       569       570
      1032         3       528       570       529
      1033         3       529       570       571
      1034         3       529       571       530
      1035         3       530       571       572
      1036         3       530       572       531
      1037         3       531       572       573
      1038         3       531       573       532
      1039         3       532       573       574
      1040         3       532       574       533
      1041         3       534       575       576
      1042         3       534       576       535
      1043         3       535       576       577
      1044         3       535       577       536
      1045         3       536       577       578
      1046         3       536       578       537
      1047         3       537       578       579
      1048         3       537       579       538
      1049         3       538       579       580
      1050         3       538       580       539
      1051         3       539       580       581
      1052         3       539       581       540
      1053         3       540       581       582
      1054         3       540       582       541
      1055         3       541       582       583
      1056         3       541       583       542
      1057         3       542       583       584
      1058         3       542       584       543
      1059         3       543       584       585
      1060         3       543       585       544
      1061         3       544       585       586
      1062         3       544       586       545
      1063         3       545       586       587
      1064         3       545       587       546
      1065         3       546       587       588
      1066         3       546       588       547
      1067         3       547       588       589
      1068         3       547       589       548
      1069         3       548       589       590
      1070         3       548       590       549
      1071         3       549       590       591
      1072         3       549       591       550
      1073         3       550       591       592
      1074         3       550       592       551
      1075         3       551       592       593
      1076         3       551       593       552
      1077         3       552       593       594
      1078         3       552       594       553
      1079         3       553       594       595
      1080         3       553       595       554
      1081         3       554       595       596
      1082         3       554       596       555
      1083         3       555       596       597
      1084         3       555       597       556
      1085         3       556       597       598
      1086         3       556       598       557
      1087         3       557       598       599
      1088         3       557       599       558
      1089         3       558       599       600
      1090         3       558       600       559
      1091         3       559       600       601
      1092         3       559       601       560
      1093         3       560       601       602
      1094         3       560       602       561
      1095         3       561       602       603
      1096         3       561       603       562
      1097         3       562       603       604
      1098         3       562       604       563
      1099         3       563       604       605
      1100         3       563       605       564
      1101         3       564       605       606
      1102         3       564       606       565
      1103         3       565       606       607
      1104         3       565       607       566
      1105         3       566       607       608
      1106         3       566       608       567
      1107         3       567       608       609
      1108         3       567       609       568
      1109         3       568       609       610
      1110         3       568       610       569
      1111         3       569       610       611
      1112         3       569       611       570
      1113         3       570       611       612
      1114         3       570       612       571
      1115         3       571       612       613
      1116         3       571       613       572
      1117         3       572       613       614
      1118         3       572       614       573
      1119         3       573       614       615
      1120         3       573       615       574
      1121         3       575       616       617
      1122         3       575       617       576
      1123         3       576       617       618
      1124         3       576       618       577
      1125         3       577       618       619
      1126         3       577       619       578
      1127         3       578       619       620
      1128         3       578       620       579
      1129         3       579       620       621
      1130         3       579       621       580
      1131         3       580       621       622
      1132         3       580       622       581
      1133         3       581       622       623
      1134         3       581       623       582
      1135         3       582       623       624
      1136         3       582       624       583
      1137         3       583       624       625
      1138         3       583       625       584
      1139         3       584       625       626
      1140         3       584       626       585
      1141         3       585       626       627
      1142         3       585       627       586
      1143         3       586       627       628
      1144         3       586       628       587
      1145         3       587       628       629
      1146         3       587       629       588
      1147         3       588       629       630
      1148         3       588       630       589
      1149         3       589       630       631
      1150         3       589       631       590
      1151         3       590       631       632
      1152         3       590       632       591
      1153         3       591       632       633
      1154         3       591       633       592
      1155         3       592       633       634
      1156         3       592       634       593
      1157         3       593       634       635
      1158         3       593       635       594
      1159         3       594       635       636
      1160         3       594       636       595
      1161         3       595       636       637
      1162         3       595       637       596
      1163         3       596       637       638
      1164         3       596       638       597
      1165         3       597       638       639
      1166         3       597       639       598
      1167         3       598       639       640
      1168         3       598       640       599
      1169         3       599       640       641
      1170         3       599       641       600
      1171         3       600       641       642
      1172         3       600       642       601
      1173         3       601       642       643
      1174         3       601       643       602
      1175         3       602       643       644
      1176         3       602       644       603
      1177         3       603       644       645
      1178         3       603       645       604
      1179         3       604       645       646
      1180         3       604       646       605
      1181         3       605       646       647
      1182         3       605       647       606
      1183         3       606       647       648
      1184         3       606       648       607
      1185         3       607       648       649
      1186         3       607       649       608
      1187         3       608       649       650
      1188         3       608       650       609
      1189         3       609       650       651
      1190         3       609       651       610
      1191         3       610       651       652
      1192         3       610       652       611
      1193         3       611       652       653
      1194         3       611       653       612
      1195         3       612       653       654
      1196         3       612       654       613
      1197         3       613       654       655
      1198         3       613       655       614
      1199         3       614       655       656
      1200         3       614       656       615
      1201         3       616       657       658
      1202         3       616       658       617
      1203         3       617       658       659
      1204         3       617       659       618
      1205         3       618       659       660
      1206         3       618       660       619
      1207         3       619       660       661
      1208         3       619       661       620
      1209         3       620       661       662
      1210         3       620       662       621
      1211         3       621       662       663
      1212         3       621       663       622
      1213         3       622       663       664
      1214         3       622       664       623
      1215         3       623       664       665
      1216         3       623       665       624
      1217         3       624       665       666
      1218         3       624       666       625
      1219         3       625       666       667
      1220         3       625       667       626
      1221         3       626       667       668
      1222         3       626       668       627
      1223         3       627       668       669
      1224         3       627       669       628
      1225         3       628       669       670
      1226         3       628       670       629
      1227         3       629       670       671
      1228         3       629       671       630
      1229         3       630       671       672
      1230         3       630       672       631
      1231         3       631       672       673
      1232         3       631       673       632
      1233         3       632       673       674
      1234         3       632       674       633
      1235         3       633       674       675
      1236         3       633       675       634
      1237         3       634       675       676
      1238         3       634       676       635
      1239         3       635       676       677
      1240         3       635       677       636
      1241         3       636       677       678
      1242         3       636       678       637
      1243         3       637       678       679
      1244         3       637       679       638
      1245         3       638       679       680
      1246         3       638       680       639
      1247         3       639       680       681
      1248         3       639       681       640
      1249         3       640       681       682
      1250         3       640       682       641
      1251         3       641       682       683
      1252         3       641       683       642
      1253         3       642       683       684
      1254         3       642       684       643
      1255         3       643       684       685
      1256         3       643       685       644
      1257         3       644       685       686
      1258         3       644       686       645
      1259         3       645       686       687
      1260         3       645       687       646
      1261         3       646       687       688
      1262         3       646       688       647
      1263         3       647       688       689
      1264         3       647       689       648
      1265         3       648       689       690
      1266         3       648       690       649
      1267         3       649       690       691
      1268         3       649       691       650
      1269         3       650       691       692
      1270         3       650       692       651
      1271         3       651       692       693
      1272         3       651       693       652
      1273         3       652       693       694
      1274         3       652       694       653
      1275         3       653       694       695
      1276         3       653       695       654
      1277         3       654       695       696
      1278         3       654       696       655
      1279         3       655       696       697
      1280         3       655       697       656
nosc  2
         1   0.22230E+000  -0.77958E-002
         2   0.22213E+000  -0.63017E-001
         3   0.22130E+000  -0.11845E+000
         4   0.21960E+000  -0.17335E+000
         5   0.21707E+000  -0.22712E+000
         6   0.21382E+000  -0.27934E+000
         7   0.20993E+000  -0.32969E+000
         8   0.20546E+000  -0.37786E+000
         9   0.20045E+000  -0.42357E+000
        10   0.19494E+000  -0.46657E+000
        11   0.18898E+000  -0.50663E+000
        12   0.18261E+000  -0.54353E+000
        13   0.17587E+000  -0.57707E+000
        14   0.16879E+000  -0.60707E+000
        15   0.16143E+000  -0.63338E+000
        16   0.15382E+000  -0.65588E+000
        17   0.14600E+000  -0.67443E+000
        18   0.13801E+000  -0.68896E+000
        19   0.12990E+000  -0.69938E+000
        20   0.12171E+000  -0.70565E+000
        21   0.11348E+000  -0.70774E+000
        22   0.10525E+000  -0.70563E+000
        23   0.97053E-001  -0.69933E+000
        24   0.88943E-001  -0.68889E+000
        25   0.80956E-001  -0.67434E+000
        26   0.73134E-001  -0.65576E+000
        27   0.65519E-001  -0.63325E+000
        28   0.58151E-001  -0.60691E+000
        29   0.51072E-001  -0.57688E+000
        30   0.44323E-001  -0.54332E+000
        31   0.37945E-001  -0.50640E+000
        32   0.31980E-001  -0.46632E+000
        33   0.26467E-001  -0.42329E+000
        34   0.21449E-001  -0.37755E+000
        35   0.16967E-001  -0.32936E+000
        36   0.13068E-001  -0.27898E+000
        37   0.98117E-002  -0.22673E+000
        38   0.72837E-002  -0.17292E+000
        39   0.55931E-002  -0.11802E+000
        40   0.47983E-002  -0.62612E-001
        41   0.46454E-002  -0.74040E-002
        42   0.20852E+000  -0.77803E-002
        43   0.20835E+000  -0.63020E-001
        44   0.20758E+000  -0.11851E+000
        45   0.20607E+000  -0.17346E+000
        46   0.20387E+000  -0.22729E+000
        47   0.20105E+000  -0.27956E+000
        48   0.19766E+000  -0.32995E+000
        49   0.19376E+000  -0.37816E+000
        50   0.18940E+000  -0.42391E+000
        51   0.18459E+000  -0.46695E+000
        52   0.17940E+000  -0.50704E+000
        53   0.17384E+000  -0.54396E+000
        54   0.16795E+000  -0.57752E+000
        55   0.16177E+000  -0.60755E+000
        56   0.15535E+000  -0.63388E+000
        57   0.14870E+000  -0.65639E+000
        58   0.14187E+000  -0.67496E+000
        59   0.13490E+000  -0.68949E+000
        60   0.12782E+000  -0.69993E+000
        61   0.12067E+000  -0.70620E+000
        62   0.11348E+000  -0.70829E+000
        63   0.10629E+000  -0.70618E+000
        64   0.99140E-001  -0.69988E+000
        65   0.92058E-001  -0.68943E+000
        66   0.85085E-001  -0.67487E+000
        67   0.78256E-001  -0.65628E+000
        68   0.71608E-001  -0.63375E+000
        69   0.65176E-001  -0.60739E+000
        70   0.58997E-001  -0.57734E+000
        71   0.53106E-001  -0.54376E+000
        72   0.47540E-001  -0.50681E+000
        73   0.42336E-001  -0.46670E+000
        74   0.37527E-001  -0.42364E+000
        75   0.33152E-001  -0.37786E+000
        76   0.29246E-001  -0.32963E+000
        77   0.25851E-001  -0.27921E+000
        78   0.23017E-001  -0.22691E+000
        79   0.20811E-001  -0.17305E+000
        80   0.19316E-001  -0.11809E+000
        81   0.18574E-001  -0.62619E-001
        82   0.18416E-001  -0.73857E-002
        83   0.19481E+000  -0.77510E-002
        84   0.19465E+000  -0.63012E-001
        85   0.19396E+000  -0.11856E+000
        86   0.19265E+000  -0.17356E+000
        87   0.19077E+000  -0.22743E+000
        88   0.18835E+000  -0.27975E+000
        89   0.18546E+000  -0.33018E+000
        90   0.18214E+000  -0.37842E+000
        91   0.17841E+000  -0.42420E+000
        92   0.17430E+000  -0.46727E+000
        93   0.16986E+000  -0.50738E+000
        94   0.16511E+000  -0.54433E+000
        95   0.16007E+000  -0.57791E+000
        96   0.15479E+000  -0.60796E+000
        97   0.14929E+000  -0.63431E+000
        98   0.14361E+000  -0.65683E+000
        99   0.13777E+000  -0.67541E+000
       100   0.13181E+000  -0.68996E+000
       101   0.12575E+000  -0.70039E+000
       102   0.11963E+000  -0.70667E+000
       103   0.11348E+000  -0.70876E+000
       104   0.10734E+000  -0.70665E+000
       105   0.10122E+000  -0.70035E+000
       106   0.95158E-001  -0.68989E+000
       107   0.89193E-001  -0.67532E+000
       108   0.83352E-001  -0.65672E+000
       109   0.77665E-001  -0.63418E+000
       110   0.72164E-001  -0.60780E+000
       111   0.66880E-001  -0.57774E+000
       112   0.61842E-001  -0.54413E+000
       113   0.57084E-001  -0.50716E+000
       114   0.52634E-001  -0.46702E+000
       115   0.48525E-001  -0.42393E+000
       116   0.44787E-001  -0.37813E+000
       117   0.41451E-001  -0.32986E+000
       118   0.38553E-001  -0.27941E+000
       119   0.36130E-001  -0.22706E+000
       120   0.34236E-001  -0.17316E+000
       121   0.32933E-001  -0.11814E+000
       122   0.32265E-001  -0.62614E-001
       123   0.32132E-001  -0.73567E-002
       124   0.18115E+000  -0.76935E-002
       125   0.18103E+000  -0.62989E-001
       126   0.18042E+000  -0.11860E+000
       127   0.17931E+000  -0.17365E+000
       128   0.17773E+000  -0.22755E+000
       129   0.17573E+000  -0.27990E+000
       130   0.17333E+000  -0.33036E+000
       131   0.17057E+000  -0.37863E+000
       132   0.16747E+000  -0.42444E+000
       133   0.16406E+000  -0.46753E+000
       134   0.16037E+000  -0.50767E+000
       135   0.15641E+000  -0.54464E+000
       136   0.15223E+000  -0.57824E+000
       137   0.14784E+000  -0.60830E+000
       138   0.14327E+000  -0.63467E+000
       139   0.13854E+000  -0.65720E+000
       140   0.13369E+000  -0.67579E+000
       141   0.12873E+000  -0.69034E+000
       142   0.12369E+000  -0.70079E+000
       143   0.11860E+000  -0.70707E+000
       144   0.11349E+000  -0.70916E+000
       145   0.10837E+000  -0.70705E+000
       146   0.10328E+000  -0.70074E+000
       147   0.98245E-001  -0.69028E+000
       148   0.93284E-001  -0.67570E+000
       149   0.88426E-001  -0.65709E+000
       150   0.83696E-001  -0.63454E+000
       151   0.79121E-001  -0.60815E+000
       152   0.74727E-001  -0.57807E+000
       153   0.70539E-001  -0.54444E+000
       154   0.66582E-001  -0.50745E+000
       155   0.62884E-001  -0.46729E+000
       156   0.59469E-001  -0.42418E+000
       157   0.56364E-001  -0.37835E+000
       158   0.53593E-001  -0.33005E+000
       159   0.51185E-001  -0.27957E+000
       160   0.49168E-001  -0.22719E+000
       161   0.47578E-001  -0.17326E+000
       162   0.46464E-001  -0.11819E+000
       163   0.45882E-001  -0.62594E-001
       164   0.45794E-001  -0.73017E-002
       165   0.16754E+000  -0.75949E-002
       166   0.16746E+000  -0.62948E-001
       167   0.16696E+000  -0.11862E+000
       168   0.16604E+000  -0.17372E+000
       169   0.16476E+000  -0.22765E+000
       170   0.16316E+000  -0.28003E+000
       171   0.16125E+000  -0.33051E+000
       172   0.15904E+000  -0.37880E+000
       173   0.15657E+000  -0.42463E+000
       174   0.15386E+000  -0.46775E+000
       175   0.15091E+000  -0.50790E+000
       176   0.14776E+000  -0.54489E+000
       177   0.14442E+000  -0.57851E+000
       178   0.14092E+000  -0.60858E+000
       179   0.13727E+000  -0.63496E+000
       180   0.13349E+000  -0.65750E+000
       181   0.12962E+000  -0.67610E+000
       182   0.12566E+000  -0.69066E+000
       183   0.12164E+000  -0.70110E+000
       184   0.11757E+000  -0.70739E+000
       185   0.11349E+000  -0.70948E+000
       186   0.10941E+000  -0.70737E+000
       187   0.10534E+000  -0.70106E+000
       188   0.10132E+000  -0.69059E+000
       189   0.97359E-001  -0.67601E+000
       190   0.93480E-001  -0.65739E+000
       191   0.89705E-001  -0.63483E+000
       192   0.86052E-001  -0.60843E+000
       193   0.82544E-001  -0.57833E+000
       194   0.79201E-001  -0.54470E+000
       195   0.76044E-001  -0.50769E+000
       196   0.73093E-001  -0.46751E+000
       197   0.70369E-001  -0.42438E+000
       198   0.67892E-001  -0.37852E+000
       199   0.65683E-001  -0.33021E+000
       200   0.63760E-001  -0.27970E+000
       201   0.62143E-001  -0.22730E+000
       202   0.60853E-001  -0.17333E+000
       203   0.59929E-001  -0.11822E+000
       204   0.59439E-001  -0.62555E-001
       205   0.59409E-001  -0.72071E-002
       206   0.15397E+000  -0.74437E-002
       207   0.15395E+000  -0.62889E-001
       208   0.15354E+000  -0.11864E+000
       209   0.15282E+000  -0.17377E+000
       210   0.15184E+000  -0.22773E+000
       211   0.15063E+000  -0.28012E+000
       212   0.14920E+000  -0.33062E+000
       213   0.14756E+000  -0.37893E+000
       214   0.14572E+000  -0.42478E+000
       215   0.14369E+000  -0.46791E+000
       216   0.14148E+000  -0.50808E+000
       217   0.13913E+000  -0.54508E+000
       218   0.13663E+000  -0.57871E+000
       219   0.13401E+000  -0.60879E+000
       220   0.13128E+000  -0.63518E+000
       221   0.12846E+000  -0.65773E+000
       222   0.12556E+000  -0.67633E+000
       223   0.12260E+000  -0.69090E+000
       224   0.11959E+000  -0.70135E+000
       225   0.11655E+000  -0.70763E+000
       226   0.11349E+000  -0.70973E+000
       227   0.11044E+000  -0.70761E+000
       228   0.10740E+000  -0.70131E+000
       229   0.10439E+000  -0.69083E+000
       230   0.10142E+000  -0.67625E+000
       231   0.98520E-001  -0.65762E+000
       232   0.95695E-001  -0.63505E+000
       233   0.92963E-001  -0.60864E+000
       234   0.90338E-001  -0.57854E+000
       235   0.87837E-001  -0.54489E+000
       236   0.85476E-001  -0.50787E+000
       237   0.83269E-001  -0.46768E+000
       238   0.81232E-001  -0.42453E+000
       239   0.79381E-001  -0.37866E+000
       240   0.77730E-001  -0.33033E+000
       241   0.76290E-001  -0.27980E+000
       242   0.75070E-001  -0.22738E+000
       243   0.74079E-001  -0.17340E+000
       244   0.73345E-001  -0.11824E+000
       245   0.72951E-001  -0.62497E-001
       246   0.72988E-001  -0.70611E-002
       247   0.14042E+000  -0.72294E-002
       248   0.14046E+000  -0.62810E-001
       249   0.14015E+000  -0.11865E+000
       250   0.13963E+000  -0.17381E+000
       251   0.13895E+000  -0.22778E+000
       252   0.13814E+000  -0.28018E+000
       253   0.13719E+000  -0.33070E+000
       254   0.13611E+000  -0.37902E+000
       255   0.13488E+000  -0.42488E+000
       256   0.13354E+000  -0.46802E+000
       257   0.13208E+000  -0.50820E+000
       258   0.13052E+000  -0.54521E+000
       259   0.12886E+000  -0.57885E+000
       260   0.12712E+000  -0.60894E+000
       261   0.12531E+000  -0.63533E+000
       262   0.12344E+000  -0.65789E+000
       263   0.12151E+000  -0.67649E+000
       264   0.11954E+000  -0.69106E+000
       265   0.11755E+000  -0.70152E+000
       266   0.11553E+000  -0.70780E+000
       267   0.11350E+000  -0.70990E+000
       268   0.11147E+000  -0.70778E+000
       269   0.10945E+000  -0.70147E+000
       270   0.10745E+000  -0.69100E+000
       271   0.10548E+000  -0.67641E+000
       272   0.10355E+000  -0.65778E+000
       273   0.10167E+000  -0.63521E+000
       274   0.99857E-001  -0.60879E+000
       275   0.98114E-001  -0.57868E+000
       276   0.96453E-001  -0.54502E+000
       277   0.94885E-001  -0.50799E+000
       278   0.93420E-001  -0.46779E+000
       279   0.92069E-001  -0.42463E+000
       280   0.90841E-001  -0.37875E+000
       281   0.89745E-001  -0.33041E+000
       282   0.88787E-001  -0.27987E+000
       283   0.87964E-001  -0.22745E+000
       284   0.87272E-001  -0.17345E+000
       285   0.86731E-001  -0.11826E+000
       286   0.86434E-001  -0.62417E-001
       287   0.86545E-001  -0.68533E-002
       288   0.12688E+000  -0.69430E-002
       289   0.12699E+000  -0.62713E-001
       290   0.12678E+000  -0.11864E+000
       291   0.12645E+000  -0.17383E+000
       292   0.12609E+000  -0.22781E+000
       293   0.12567E+000  -0.28022E+000
       294   0.12520E+000  -0.33073E+000
       295   0.12467E+000  -0.37906E+000
       296   0.12407E+000  -0.42493E+000
       297   0.12341E+000  -0.46808E+000
       298   0.12269E+000  -0.50827E+000
       299   0.12192E+000  -0.54528E+000
       300   0.12110E+000  -0.57892E+000
       301   0.12024E+000  -0.60902E+000
       302   0.11935E+000  -0.63541E+000
       303   0.11842E+000  -0.65797E+000
       304   0.11747E+000  -0.67659E+000
       305   0.11649E+000  -0.69116E+000
       306   0.11550E+000  -0.70161E+000
       307   0.11450E+000  -0.70790E+000
       308   0.11350E+000  -0.70999E+000
       309   0.11249E+000  -0.70788E+000
       310   0.11149E+000  -0.70157E+000
       311   0.11050E+000  -0.69110E+000
       312   0.10953E+000  -0.67651E+000
       313   0.10857E+000  -0.65787E+000
       314   0.10764E+000  -0.63529E+000
       315   0.10674E+000  -0.60888E+000
       316   0.10588E+000  -0.57876E+000
       317   0.10506E+000  -0.54510E+000
       318   0.10428E+000  -0.50806E+000
       319   0.10356E+000  -0.46786E+000
       320   0.10289E+000  -0.42469E+000
       321   0.10228E+000  -0.37880E+000
       322   0.10174E+000  -0.33045E+000
       323   0.10126E+000  -0.27991E+000
       324   0.10084E+000  -0.22749E+000
       325   0.10045E+000  -0.17348E+000
       326   0.10011E+000  -0.11826E+000
       327   0.99908E-001  -0.62318E-001
       328   0.10010E+000  -0.65746E-002
       329   0.11332E+000  -0.65763E-002
       330   0.11350E+000  -0.62598E-001
       331   0.11340E+000  -0.11863E+000
       332   0.11328E+000  -0.17384E+000
       333   0.11323E+000  -0.22782E+000
       334   0.11321E+000  -0.28022E+000
       335   0.11323E+000  -0.33074E+000
       336   0.11324E+000  -0.37907E+000
       337   0.11327E+000  -0.42494E+000
       338   0.11329E+000  -0.46808E+000
       339   0.11331E+000  -0.50828E+000
       340   0.11333E+000  -0.54529E+000
       341   0.11335E+000  -0.57894E+000
       342   0.11337E+000  -0.60903E+000
       343   0.11339E+000  -0.63543E+000
       344   0.11341E+000  -0.65799E+000
       345   0.11343E+000  -0.67661E+000
       346   0.11345E+000  -0.69118E+000
       347   0.11347E+000  -0.70163E+000
       348   0.11348E+000  -0.70792E+000
       349   0.11350E+000  -0.71002E+000
       350   0.11352E+000  -0.70790E+000
       351   0.11354E+000  -0.70159E+000
       352   0.11355E+000  -0.69112E+000
       353   0.11357E+000  -0.67653E+000
       354   0.11359E+000  -0.65789E+000
       355   0.11360E+000  -0.63531E+000
       356   0.11362E+000  -0.60890E+000
       357   0.11364E+000  -0.57878E+000
       358   0.11365E+000  -0.54511E+000
       359   0.11367E+000  -0.50808E+000
       360   0.11368E+000  -0.46787E+000
       361   0.11370E+000  -0.42470E+000
       362   0.11371E+000  -0.37881E+000
       363   0.11372E+000  -0.33046E+000
       364   0.11373E+000  -0.27993E+000
       365   0.11370E+000  -0.22750E+000
       366   0.11363E+000  -0.17350E+000
       367   0.11349E+000  -0.11825E+000
       368   0.11339E+000  -0.62199E-001
       369   0.11366E+000  -0.62172E-002
       370   0.99721E-001  -0.61222E-002
       371   0.99982E-001  -0.62467E-001
       372   0.99995E-001  -0.11861E+000
       373   0.10010E+000  -0.17383E+000
       374   0.10036E+000  -0.22780E+000
       375   0.10075E+000  -0.28019E+000
       376   0.10125E+000  -0.33070E+000
       377   0.10182E+000  -0.37903E+000
       378   0.10246E+000  -0.42490E+000
       379   0.10317E+000  -0.46804E+000
       380   0.10393E+000  -0.50823E+000
       381   0.10474E+000  -0.54524E+000
       382   0.10560E+000  -0.57889E+000
       383   0.10650E+000  -0.60899E+000
       384   0.10743E+000  -0.63538E+000
       385   0.10840E+000  -0.65794E+000
       386   0.10939E+000  -0.67655E+000
       387   0.11040E+000  -0.69112E+000
       388   0.11143E+000  -0.70158E+000
       389   0.11246E+000  -0.70787E+000
       390   0.11350E+000  -0.70996E+000
       391   0.11455E+000  -0.70785E+000
       392   0.11558E+000  -0.70154E+000
       393   0.11661E+000  -0.69107E+000
       394   0.11762E+000  -0.67648E+000
       395   0.11860E+000  -0.65785E+000
       396   0.11957E+000  -0.63527E+000
       397   0.12050E+000  -0.60885E+000
       398   0.12139E+000  -0.57873E+000
       399   0.12225E+000  -0.54507E+000
       400   0.12305E+000  -0.50804E+000
       401   0.12381E+000  -0.46783E+000
       402   0.12451E+000  -0.42467E+000
       403   0.12514E+000  -0.37878E+000
       404   0.12571E+000  -0.33043E+000
       405   0.12619E+000  -0.27991E+000
       406   0.12658E+000  -0.22749E+000
       407   0.12682E+000  -0.17351E+000
       408   0.12690E+000  -0.11824E+000
       409   0.12691E+000  -0.62064E-001
       410   0.12726E+000  -0.57746E-002
       411   0.86056E-001  -0.55743E-002
       412   0.86405E-001  -0.62324E-001
       413   0.86548E-001  -0.11858E+000
       414   0.86887E-001  -0.17381E+000
       415   0.87476E-001  -0.22776E+000
       416   0.88278E-001  -0.28013E+000
       417   0.89255E-001  -0.33063E+000
       418   0.90384E-001  -0.37895E+000
       419   0.91648E-001  -0.42481E+000
       420   0.93036E-001  -0.46795E+000
       421   0.94538E-001  -0.50813E+000
       422   0.96141E-001  -0.54514E+000
       423   0.97838E-001  -0.57878E+000
       424   0.99617E-001  -0.60887E+000
       425   0.10147E+000  -0.63526E+000
       426   0.10338E+000  -0.65782E+000
       427   0.10534E+000  -0.67643E+000
       428   0.10735E+000  -0.69100E+000
       429   0.10938E+000  -0.70145E+000
       430   0.11144E+000  -0.70774E+000
       431   0.11351E+000  -0.70984E+000
       432   0.11557E+000  -0.70773E+000
       433   0.11763E+000  -0.70142E+000
       434   0.11966E+000  -0.69094E+000
       435   0.12166E+000  -0.67636E+000
       436   0.12363E+000  -0.65773E+000
       437   0.12553E+000  -0.63515E+000
       438   0.12738E+000  -0.60874E+000
       439   0.12916E+000  -0.57863E+000
       440   0.13085E+000  -0.54497E+000
       441   0.13245E+000  -0.50794E+000
       442   0.13394E+000  -0.46774E+000
       443   0.13532E+000  -0.42458E+000
       444   0.13658E+000  -0.37871E+000
       445   0.13770E+000  -0.33037E+000
       446   0.13867E+000  -0.27986E+000
       447   0.13946E+000  -0.22746E+000
       448   0.14004E+000  -0.17349E+000
       449   0.14035E+000  -0.11822E+000
       450   0.14048E+000  -0.61915E-001
       451   0.14093E+000  -0.52410E-002
       452   0.72292E-001  -0.49268E-002
       453   0.72745E-001  -0.62173E-001
       454   0.73039E-001  -0.11854E+000
       455   0.73635E-001  -0.17377E+000
       456   0.74564E-001  -0.22769E+000
       457   0.75780E-001  -0.28004E+000
       458   0.77244E-001  -0.33052E+000
       459   0.78929E-001  -0.37883E+000
       460   0.80817E-001  -0.42467E+000
       461   0.82890E-001  -0.46780E+000
       462   0.85133E-001  -0.50798E+000
       463   0.87531E-001  -0.54498E+000
       464   0.90067E-001  -0.57861E+000
       465   0.92727E-001  -0.60869E+000
       466   0.95496E-001  -0.63508E+000
       467   0.98356E-001  -0.65763E+000
       468   0.10129E+000  -0.67624E+000
       469   0.10429E+000  -0.69080E+000
       470   0.10734E+000  -0.70126E+000
       471   0.11042E+000  -0.70754E+000
       472   0.11351E+000  -0.70964E+000
       473   0.11660E+000  -0.70753E+000
       474   0.11968E+000  -0.70122E+000
       475   0.12272E+000  -0.69075E+000
       476   0.12572E+000  -0.67616E+000
       477   0.12865E+000  -0.65754E+000
       478   0.13151E+000  -0.63497E+000
       479   0.13428E+000  -0.60856E+000
       480   0.13693E+000  -0.57846E+000
       481   0.13946E+000  -0.54481E+000
       482   0.14186E+000  -0.50779E+000
       483   0.14409E+000  -0.46760E+000
       484   0.14616E+000  -0.42446E+000
       485   0.14804E+000  -0.37859E+000
       486   0.14972E+000  -0.33027E+000
       487   0.15117E+000  -0.27977E+000
       488   0.15238E+000  -0.22740E+000
       489   0.15330E+000  -0.17346E+000
       490   0.15387E+000  -0.11819E+000
       491   0.15414E+000  -0.61756E-001
       492   0.15468E+000  -0.46120E-002
       493   0.58390E-001  -0.41744E-002
       494   0.58972E-001  -0.62016E-001
       495   0.59455E-001  -0.11849E+000
       496   0.60332E-001  -0.17371E+000
       497   0.61613E-001  -0.22760E+000
       498   0.63248E-001  -0.27992E+000
       499   0.65202E-001  -0.33038E+000
       500   0.67446E-001  -0.37866E+000
       501   0.69959E-001  -0.42449E+000
       502   0.72719E-001  -0.46761E+000
       503   0.75706E-001  -0.50777E+000
       504   0.78900E-001  -0.54475E+000
       505   0.82278E-001  -0.57837E+000
       506   0.85822E-001  -0.60845E+000
       507   0.89510E-001  -0.63483E+000
       508   0.93321E-001  -0.65737E+000
       509   0.97236E-001  -0.67597E+000
       510   0.10123E+000  -0.69053E+000
       511   0.10529E+000  -0.70098E+000
       512   0.10939E+000  -0.70727E+000
       513   0.11351E+000  -0.70936E+000
       514   0.11763E+000  -0.70725E+000
       515   0.12173E+000  -0.70095E+000
       516   0.12579E+000  -0.69048E+000
       517   0.12978E+000  -0.67590E+000
       518   0.13369E+000  -0.65728E+000
       519   0.13750E+000  -0.63472E+000
       520   0.14119E+000  -0.60832E+000
       521   0.14472E+000  -0.57823E+000
       522   0.14810E+000  -0.54459E+000
       523   0.15129E+000  -0.50759E+000
       524   0.15427E+000  -0.46741E+000
       525   0.15702E+000  -0.42428E+000
       526   0.15953E+000  -0.37843E+000
       527   0.16176E+000  -0.33013E+000
       528   0.16371E+000  -0.27966E+000
       529   0.16534E+000  -0.22732E+000
       530   0.16661E+000  -0.17341E+000
       531   0.16747E+000  -0.11815E+000
       532   0.16791E+000  -0.61594E-001
       533   0.16855E+000  -0.38845E-002
       534   0.44298E-001  -0.33121E-002
       535   0.45058E-001  -0.61860E-001
       536   0.45780E-001  -0.11843E+000
       537   0.46969E-001  -0.17362E+000
       538   0.48613E-001  -0.22747E+000
       539   0.50673E-001  -0.27977E+000
       540   0.53118E-001  -0.33020E+000
       541   0.55924E-001  -0.37846E+000
       542   0.59065E-001  -0.42426E+000
       543   0.62516E-001  -0.46736E+000
       544   0.66250E-001  -0.50750E+000
       545   0.70242E-001  -0.54447E+000
       546   0.74466E-001  -0.57807E+000
       547   0.78896E-001  -0.60814E+000
       548   0.83506E-001  -0.63451E+000
       549   0.88272E-001  -0.65704E+000
       550   0.93165E-001  -0.67563E+000
       551   0.98162E-001  -0.69019E+000
       552   0.10324E+000  -0.70063E+000
       553   0.10836E+000  -0.70692E+000
       554   0.11351E+000  -0.70901E+000
       555   0.11866E+000  -0.70690E+000
       556   0.12379E+000  -0.70060E+000
       557   0.12886E+000  -0.69014E+000
       558   0.13386E+000  -0.67556E+000
       559   0.13875E+000  -0.65695E+000
       560   0.14351E+000  -0.63440E+000
       561   0.14812E+000  -0.60802E+000
       562   0.15254E+000  -0.57794E+000
       563   0.15676E+000  -0.54431E+000
       564   0.16075E+000  -0.50733E+000
       565   0.16448E+000  -0.46717E+000
       566   0.16792E+000  -0.42406E+000
       567   0.17105E+000  -0.37823E+000
       568   0.17385E+000  -0.32995E+000
       569   0.17629E+000  -0.27951E+000
       570   0.17834E+000  -0.22720E+000
       571   0.17999E+000  -0.17333E+000
       572   0.18116E+000  -0.11810E+000
       573   0.18182E+000  -0.61434E-001
       574   0.18258E+000  -0.30569E-002
       575   0.29946E-001  -0.23344E-002
       576   0.30969E-001  -0.61707E-001
       577   0.32008E-001  -0.11835E+000
       578   0.33539E-001  -0.17351E+000
       579   0.35556E-001  -0.22732E+000
       580   0.38043E-001  -0.27958E+000
       581   0.40984E-001  -0.32998E+000
       582   0.44354E-001  -0.37821E+000
       583   0.48127E-001  -0.42399E+000
       584   0.52271E-001  -0.46706E+000
       585   0.56756E-001  -0.50718E+000
       586   0.61550E-001  -0.54413E+000
       587   0.66623E-001  -0.57771E+000
       588   0.71944E-001  -0.60776E+000
       589   0.77481E-001  -0.63411E+000
       590   0.83203E-001  -0.65664E+000
       591   0.89080E-001  -0.67522E+000
       592   0.95081E-001  -0.68977E+000
       593   0.10117E+000  -0.70021E+000
       594   0.10733E+000  -0.70649E+000
       595   0.11351E+000  -0.70858E+000
       596   0.11970E+000  -0.70647E+000
       597   0.12585E+000  -0.70018E+000
       598   0.13195E+000  -0.68972E+000
       599   0.13794E+000  -0.67515E+000
       600   0.14382E+000  -0.65656E+000
       601   0.14954E+000  -0.63401E+000
       602   0.15507E+000  -0.60764E+000
       603   0.16039E+000  -0.57758E+000
       604   0.16546E+000  -0.54398E+000
       605   0.17024E+000  -0.50701E+000
       606   0.17472E+000  -0.46687E+000
       607   0.17886E+000  -0.42379E+000
       608   0.18263E+000  -0.37799E+000
       609   0.18599E+000  -0.32974E+000
       610   0.18892E+000  -0.27932E+000
       611   0.19141E+000  -0.22705E+000
       612   0.19342E+000  -0.17322E+000
       613   0.19496E+000  -0.11804E+000
       614   0.19593E+000  -0.61282E-001
       615   0.19681E+000  -0.21301E-002
       616   0.15232E-001  -0.12342E-002
       617   0.16675E-001  -0.61557E-001
       618   0.18140E-001  -0.11825E+000
       619   0.20041E-001  -0.17336E+000
       620   0.22433E-001  -0.22714E+000
       621   0.25349E-001  -0.27935E+000
       622   0.28787E-001  -0.32971E+000
       623   0.32727E-001  -0.37791E+000
       624   0.37135E-001  -0.42366E+000
       625   0.41978E-001  -0.46670E+000
       626   0.47218E-001  -0.50680E+000
       627   0.52819E-001  -0.54372E+000
       628   0.58745E-001  -0.57729E+000
       629   0.64960E-001  -0.60732E+000
       630   0.71428E-001  -0.63366E+000
       631   0.78112E-001  -0.65617E+000
       632   0.84977E-001  -0.67474E+000
       633   0.91985E-001  -0.68928E+000
       634   0.99102E-001  -0.69971E+000
       635   0.10629E+000  -0.70599E+000
       636   0.11352E+000  -0.70808E+000
       637   0.12074E+000  -0.70597E+000
       638   0.12793E+000  -0.69968E+000
       639   0.13504E+000  -0.68923E+000
       640   0.14205E+000  -0.67467E+000
       641   0.14891E+000  -0.65608E+000
       642   0.15559E+000  -0.63356E+000
       643   0.16206E+000  -0.60720E+000
       644   0.16827E+000  -0.57716E+000
       645   0.17419E+000  -0.54358E+000
       646   0.17979E+000  -0.50663E+000
       647   0.18502E+000  -0.46652E+000
       648   0.18986E+000  -0.42347E+000
       649   0.19426E+000  -0.37770E+000
       650   0.19819E+000  -0.32948E+000
       651   0.20162E+000  -0.27911E+000
       652   0.20453E+000  -0.22687E+000
       653   0.20693E+000  -0.17308E+000
       654   0.20886E+000  -0.11793E+000
       655   0.21027E+000  -0.61146E-001
       656   0.21131E+000  -0.11080E-002
       657   0.00000E+000   0.00000E+000
       658   0.21519E-002  -0.61406E-001
       659   0.41927E-002  -0.11812E+000
       660   0.64744E-002  -0.17319E+000
       661   0.92371E-002  -0.22692E+000
       662   0.12580E-001  -0.27910E+000
       663   0.16519E-001  -0.32942E+000
       664   0.21032E-001  -0.37757E+000
       665   0.26081E-001  -0.42329E+000
       666   0.31627E-001  -0.46630E+000
       667   0.37627E-001  -0.50636E+000
       668   0.44041E-001  -0.54326E+000
       669   0.50825E-001  -0.57680E+000
       670   0.57940E-001  -0.60681E+000
       671   0.65344E-001  -0.63312E+000
       672   0.72995E-001  -0.65562E+000
       673   0.80852E-001  -0.67418E+000
       674   0.88875E-001  -0.68871E+000
       675   0.97021E-001  -0.69914E+000
       676   0.10525E+000  -0.70541E+000
       677   0.11352E+000  -0.70750E+000
       678   0.12179E+000  -0.70539E+000
       679   0.13001E+000  -0.69910E+000
       680   0.13816E+000  -0.68866E+000
       681   0.14618E+000  -0.67412E+000
       682   0.15403E+000  -0.65554E+000
       683   0.16168E+000  -0.63303E+000
       684   0.16908E+000  -0.60669E+000
       685   0.17619E+000  -0.57667E+000
       686   0.18297E+000  -0.54311E+000
       687   0.18938E+000  -0.50620E+000
       688   0.19538E+000  -0.46612E+000
       689   0.20091E+000  -0.42310E+000
       690   0.20596E+000  -0.37737E+000
       691   0.21046E+000  -0.32919E+000
       692   0.21440E+000  -0.27885E+000
       693   0.21774E+000  -0.22666E+000
       694   0.22051E+000  -0.17290E+000
       695   0.22282E+000  -0.11778E+000
       696   0.22492E+000  -0.61030E-001
       697   0.22613E+000   0.00000E+000
nvec 
         1   0.22230E+000  -0.77958E-002   0.00000E+000
         2   0.22213E+000  -0.63017E-001   0.00000E+000
         3   0.22130E+000  -0.11845E+000   0.00000E+000
         4   0.21960E+000  -0.17335E+000   0.00000E+000
         5   0.21707E+000  -0.22712E+000   0.00000E+000
         6   0.21382E+000  -0.27934E+000   0.00000E+000
         7   0.20993E+000  -0.32969E+000   0.00000E+000
         8   0.20546E+000  -0.37786E+000   0.00000E+000
         9   0.20045E+000  -0.42357E+000   0.00000E+000
        10   0.19494E+000  -0.46657E+000   0.00000E+000
        11   0.18898E+000  -0.50663E+000   0.00000E+000
        12   0.18261E+000  -0.54353E+000   0.00000E+000
        13   0.17587E+000  -0.57707E+000   0.00000E+000
        14   0.16879E+000  -0.60707E+000   0.00000E+000
        15   0.16143E+000  -0.63338E+000   0.00000E+000
        16   0.15382E+000  -0.65588E+000   0.00000E+000
        17   0.14600E+000  -0.67443E+000   0.00000E+000
        18   0.13801E+000  -0.68896E+000   0.00000E+000
        19   0.12990E+000  -0.69938E+000   0.00000E+000
        20   0.12171E+000  -0.70565E+000   0.00000E+000
        21   0.11348E+000  -0.70774E+000   0.00000E+000
        22   0.10525E+000  -0.70563E+000   0.00000E+000
        23   0.97053E-001  -0.69933E+000   0.00000E+000
        24   0.88943E-001  -0.68889E+000   0.00000E+000
        25   0.80956E-001  -0.67434E+000   0.00000E+000
        26   0.73134E-001  -0.65576E+000   0.00000E+000
        27   0.65519E-001  -0.63325E+000   0.00000E+000
        28   0.58151E-001  -0.60691E+000   0.00000E+000
        29   0.51072E-001  -0.57688E+000   0.00000E+000
        30   0.44323E-001  -0.54332E+000   0.00000E+000
        31   0.37945E-001  -0.50640E+000   0.00000E+000
        32   0.31980E-001  -0.46632E+000   0.00000E+000
        33   0.26467E-001  -0.42329E+000   0.00000E+000
        34   0.21449E-001  -0.37755E+000   0.00000E+000
        35   0.16967E-001  -0.32936E+000   0.00000E+000
        36   0.13068E-001  -0.27898E+000   0.00000E+000
        37   0.98117E-002  -0.22673E+000   0.00000E+000
        38   0.72837E-002  -0.17292E+000   0.00000E+000
        39   0.55931E-002  -0.11802E+000   0.00000E+000
        40   0.47983E-002  -0.62612E-001   0.00000E+000
        41   0.46454E-002  -0.74040E-002   0.00000E+000
        42   0.20852E+000  -0.77803E-002   0.00000E+000
        43   0.20835E+000  -0.63020E-001   0.00000E+000
        44   0.20758E+000  -0.11851E+000   0.00000E+000
        45   0.20607E+000  -0.17346E+000   0.00000E+000
        46   0.20387E+000  -0.22729E+000   0.00000E+000
        47   0.20105E+000  -0.27956E+000   0.00000E+000
        48   0.19766E+000  -0.32995E+000   0.00000E+000
        49   0.19376E+000  -0.37816E+000   0.00000E+000
        50   0.18940E+000  -0.42391E+000   0.00000E+000
        51   0.18459E+000  -0.46695E+000   0.00000E+000
        52   0.17940E+000  -0.50704E+000   0.00000E+000
        53   0.17384E+000  -0.54396E+000   0.00000E+000
        54   0.16795E+000  -0.57752E+000   0.00000E+000
        55   0.16177E+000  -0.60755E+000   0.00000E+000
        56   0.15535E+000  -0.63388E+000   0.00000E+000
        57   0.14870E+000  -0.65639E+000   0.00000E+000
        58   0.14187E+000  -0.67496E+000   0.00000E+000
        59   0.13490E+000  -0.68949E+000   0.00000E+000
        60   0.12782E+000  -0.69993E+000   0.00000E+000
        61   0.12067E+000  -0.70620E+000   0.00000E+000
        62   0.11348E+000  -0.70829E+000   0.00000E+000
        63   0.10629E+000  -0.70618E+000   0.00000E+000
        64   0.99140E-001  -0.69988E+000   0.00000E+000
        65   0.92058E-001  -0.68943E+000   0.00000E+000
        66   0.85085E-001  -0.67487E+000   0.00000E+000
        67   0.78256E-001  -0.65628E+000   0.00000E+000
        68   0.71608E-001  -0.63375E+000   0.00000E+000
        69   0.65176E-001  -0.60739E+000   0.00000E+000
        70   0.58997E-001  -0.57734E+000   0.00000E+000
        71   0.53106E-001  -0.54376E+000   0.00000E+000
        72   0.47540E-001  -0.50681E+000   0.00000E+000
        73   0.42336E-001  -0.46670E+000   0.00000E+000
        74   0.37527E-001  -0.42364E+000   0.00000E+000
        75   0.33152E-001  -0.37786E+000   0.00000E+000
        76   0.29246E-001  -0.32963E+000   0.00000E+000
        77   0.25851E-001  -0.27921E+000   0.00000E+000
        78   0.23017E-001  -0.22691E+000   0.00000E+000
        79   0.20811E-001  -0.17305E+000   0.00000E+000
        80   0.19316E-001  -0.11809E+000   0.00000E+000
        81   0.18574E-001  -0.62619E-001   0.00000E+000
        82   0.18416E-001  -0.73857E-002   0.00000E+000
        83   0.19481E+000  -0.77510E-002   0.00000E+000
        84   0.19465E+000  -0.63012E-001   0.00000E+000
        85   0.19396E+000  -0.11856E+000   0.00000E+000
        86   0.19265E+000  -0.17356E+000   0.00000E+000
        87   0.19077E+000  -0.22743E+000   0.00000E+000
        88   0.18835E+000  -0.27975E+000   0.00000E+000
        89   0.18546E+000  -0.33018E+000   0.00000E+000
        90   0.18214E+000  -0.37842E+000   0.00000E+000
        91   0.17841E+000  -0.42420E+000   0.00000E+000
        92   0.17430E+000  -0.46727E+000   0.00000E+000
        93   0.16986E+000  -0.50738E+000   0.00000E+000
        94   0.16511E+000  -0.54433E+000   0.00000E+000
        95   0.16007E+000  -0.57791E+000   0.00000E+000
        96   0.15479E+000  -0.60796E+000   0.00000E+000
        97   0.14929E+000  -0.63431E+000   0.00000E+000
        98   0.14361E+000  -0.65683E+000   0.00000E+000
        99   0.13777E+000  -0.67541E+000   0.00000E+000
       100   0.13181E+000  -0.68996E+000   0.00000E+000
       101   0.12575E+000  -0.70039E+000   0.00000E+000
       102   0.11963E+000  -0.70667E+000   0.00000E+000
       103   0.11348E+000  -0.70876E+000   0.00000E+000
       104   0.10734E+000  -0.70665E+000   0.00000E+000
       105   0.10122E+000  -0.70035E+000   0.00000E+000
       106   0.95158E-001  -0.68989E+000   0.00000E+000
       107   0.89193E-001  -0.67532E+000   0.00000E+000
       108   0.83352E-001  -0.65672E+000   0.00000E+000
       109   0.77665E-001  -0.63418E+000   0.00000E+000
       110   0.72164E-001  -0.60780E+000   0.00000E+000
       111   0.66880E-001  -0.57774E+000   0.00000E+000
       112   0.61842E-001  -0.54413E+000   0.00000E+000
       113   0.57084E-001  -0.50716E+000   0.00000E+000
       114   0.52634E-001  -0.46702E+000   0.00000E+000
       115   0.48525E-001  -0.42393E+000   0.00000E+000
       116   0.44787E-001  -0.37813E+000   0.00000E+000
       117   0.41451E-001  -0.32986E+000   0.00000E+000
       118   0.38553E-001  -0.27941E+000   0.00000E+000
       119   0.36130E-001  -0.22706E+000   0.00000E+000
       120   0.34236E-001  -0.17316E+000   0.00000E+000
       121   0.32933E-001  -0.11814E+000   0.00000E+000
       122   0.32265E-001  -0.62614E-001   0.00000E+000
       123   0.32132E-001  -0.73567E-002   0.00000E+000
       124   0.18115E+000  -0.76935E-002   0.00000E+000
       125   0.18103E+000  -0.62989E-001   0.00000E+000
       126   0.18042E+000  -0.11860E+000   0.00000E+000
       127   0.17931E+000  -0.17365E+000   0.00000E+000
       128   0.17773E+000  -0.22755E+000   0.00000E+000
       129   0.17573E+000  -0.27990E+000   0.00000E+000
       130   0.17333E+000  -0.33036E+000   0.00000E+000
       131   0.17057E+000  -0.37863E+000   0.00000E+000
       132   0.16747E+000  -0.42444E+000   0.00000E+000
       133   0.16406E+000  -0.46753E+000   0.00000E+000
       134   0.16037E+000  -0.50767E+000   0.00000E+000
       135   0.15641E+000  -0.54464E+000   0.00000E+000
       136   0.15223E+000  -0.57824E+000   0.00000E+000
       137   0.14784E+000  -0.60830E+000   0.00000E+000
       138   0.14327E+000  -0.63467E+000   0.00000E+000
       139   0.13854E+000  -0.65720E+000   0.00000E+000
       140   0.13369E+000  -0.67579E+000   0.00000E+000
       141   0.12873E+000  -0.69034E+000   0.00000E+000
       142   0.12369E+000  -0.70079E+000   0.00000E+000
       143   0.11860E+000  -0.70707E+000   0.00000E+000
       144   0.11349E+000  -0.70916E+000   0.00000E+000
       145   0.10837E+000  -0.70705E+000   0.00000E+000
       146   0.10328E+000  -0.70074E+000   0.00000E+000
       147   0.98245E-001  -0.69028E+000   0.00000E+000
       148   0.93284E-001  -0.67570E+000   0.00000E+000
       149   0.88426E-001  -0.65709E+000   0.00000E+000
       150   0.83696E-001  -0.63454E+000   0.00000E+000
       151   0.79121E-001  -0.60815E+000   0.00000E+000
       152   0.74727E-001  -0.57807E+000   0.00000E+000
       153   0.70539E-001  -0.54444E+000   0.00000E+000
       154   0.66582E-001  -0.50745E+000   0.00000E+000
       155   0.62884E-001  -0.46729E+000   0.00000E+000
       156   0.59469E-001  -0.42418E+000   0.00000E+000
       157   0.56364E-001  -0.37835E+000   0.00000E+000
       158   0.53593E-001  -0.33005E+000   0.00000E+000
       159   0.51185E-001  -0.27957E+000   0.00000E+000
       160   0.49168E-001  -0.22719E+000   0.00000E+000
       161   0.47578E-001  -0.17326E+000   0.00000E+000
       162   0.46464E-001  -0.11819E+000   0.00000E+000
       163   0.45882E-001  -0.62594E-001   0.00000E+000
       164   0.45794E-001  -0.73017E-002   0.00000E+000
       165   0.16754E+000  -0.75949E-002   0.00000E+000
       166   0.16746E+000  -0.62948E-001   0.00000E+000
       167   0.16696E+000  -0.11862E+000   0.00000E+000
       168   0.16604E+000  -0.17372E+000   0.00000E+000
       169   0.16476E+000  -0.22765E+000   0.00000E+000
       170   0.16316E+000  -0.28003E+000   0.00000E+000
       171   0.16125E+000  -0.33051E+000   0.00000E+000
       172   0.15904E+000  -0.37880E+000   0.00000E+000
       173   0.15657E+000  -0.42463E+000   0.00000E+000
       174   0.15386E+000  -0.46775E+000   0.00000E+000
       175   0.15091E+000  -0.50790E+000   0.00000E+000
       176   0.14776E+000  -0.54489E+000   0.00000E+000
       177   0.14442E+000  -0.57851E+000   0.00000E+000
       178   0.14092E+000  -0.60858E+000   0.00000E+000
       179   0.13727E+000  -0.63496E+000   0.00000E+000
       180   0.13349E+000  -0.65750E+000   0.00000E+000
       181   0.12962E+000  -0.67610E+000   0.00000E+000
       182   0.12566E+000  -0.69066E+000   0.00000E+000
       183   0.12164E+000  -0.70110E+000   0.00000E+000
       184   0.11757E+000  -0.70739E+000   0.00000E+000
       185   0.11349E+000  -0.70948E+000   0.00000E+000
       186   0.10941E+000  -0.70737E+000   0.00000E+000
       187   0.10534E+000  -0.70106E+000   0.00000E+000
       188   0.10132E+000  -0.69059E+000   0.00000E+000
       189   0.97359E-001  -0.67601E+000   0.00000E+000
       190   0.93480E-001  -0.65739E+000   0.00000E+000
       191   0.89705E-001  -0.63483E+000   0.00000E+000
       192   0.86052E-001  -0.60843E+000   0.00000E+000
       193   0.82544E-001  -0.57833E+000   0.00000E+000
       194   0.79201E-001  -0.54470E+000   0.00000E+000
       195   0.76044E-001  -0.50769E+000   0.00000E+000
       196   0.73093E-001  -0.46751E+000   0.00000E+000
       197   0.70369E-001  -0.42438E+000   0.00000E+000
       198   0.67892E-001  -0.37852E+000   0.00000E+000
       199   0.65683E-001  -0.33021E+000   0.00000E+000
       200   0.63760E-001  -0.27970E+000   0.00000E+000
       201   0.62143E-001  -0.22730E+000   0.00000E+000
       202   0.60853E-001  -0.17333E+000   0.00000E+000
       203   0.59929E-001  -0.11822E+000   0.00000E+000
       204   0.59439E-001  -0.62555E-001   0.00000E+000
       205   0.59409E-001  -0.72071E-002   0.00000E+000
       206   0.15397E+000  -0.74437E-002   0.00000E+000
       207   0.15395E+000  -0.62889E-001   0.00000E+000
       208   0.15354E+000  -0.11864E+000   0.00000E+000
       209   0.15282E+000  -0.17377E+000   0.00000E+000
       210   0.15184E+000  -0.22773E+000   0.00000E+000
       211   0.15063E+000  -0.28012E+000   0.00000E+000
       212   0.14920E+000  -0.33062E+000   0.00000E+000
       213   0.14756E+000  -0.37893E+000   0.00000E+000
       214   0.14572E+000  -0.42478E+000   0.00000E+000
       215   0.14369E+000  -0.46791E+000   0.00000E+000
       216   0.14148E+000  -0.50808E+000   0.00000E+000
       217   0.13913E+000  -0.54508E+000   0.00000E+000
       218   0.13663E+000  -0.57871E+000   0.00000E+000
       219   0.13401E+000  -0.60879E+000   0.00000E+000
       220   0.13128E+000  -0.63518E+000   0.00000E+000
       221   0.12846E+000  -0.65773E+000   0.00000E+000
       222   0.12556E+000  -0.67633E+000   0.00000E+000
       223   0.12260E+000  -0.69090E+000   0.00000E+000
       224   0.11959E+000  -0.70135E+000   0.00000E+000
       225   0.11655E+000  -0.70763E+000   0.00000E+000
       226   0.11349E+000  -0.70973E+000   0.00000E+000
       227   0.11044E+000  -0.70761E+000   0.00000E+000
       228   0.10740E+000  -0.70131E+000   0.00000E+000
       229   0.10439E+000  -0.69083E+000   0.00000E+000
       230   0.10142E+000  -0.67625E+000   0.00000E+000
       231   0.98520E-001  -0.65762E+000   0.00000E+000
       232   0.95695E-001  -0.63505E+000   0.00000E+000
       233   0.92963E-001  -0.60864E+000   0.00000E+000
       234   0.90338E-001  -0.57854E+000   0.00000E+000
       235   0.87837E-001  -0.54489E+000   0.00000E+000
       236   0.85476E-001  -0.50787E+000   0.00000E+000
       237   0.83269E-001  -0.46768E+000   0.00000E+000
       238   0.81232E-001  -0.42453E+000   0.00000E+000
       239   0.79381E-001  -0.37866E+000   0.00000E+000
       240   0.77730E-001  -0.33033E+000   0.00000E+000
       241   0.76290E-001  -0.27980E+000   0.00000E+000
       242   0.75070E-001  -0.22738E+000   0.00000E+000
       243   0.74079E-001  -0.17340E+000   0.00000E+000
       244   0.73345E-001  -0.11824E+000   0.00000E+000
       245   0.72951E-001  -0.62497E-001   0.00000E+000
       246   0.72988E-001  -0.70611E-002   0.00000E+000
       247   0.14042E+000  -0.72294E-002   0.00000E+000
       248   0.14046E+000  -0.62810E-001   0.00000E+000
       249   0.14015E+000  -0.11865E+000   0.00000E+000
       250   0.13963E+000  -0.17381E+000   0.00000E+000
       251   0.13895E+000  -0.22778E+000   0.00000E+000
       252   0.13814E+000  -0.28018E+000   0.00000E+000
       253   0.13719E+000  -0.33070E+000   0.00000E+000
       254   0.13611E+000  -0.37902E+000   0.00000E+000
       255   0.13488E+000  -0.42488E+000   0.00000E+000
       256   0.13354E+000  -0.46802E+000   0.00000E+000
       257   0.13208E+000  -0.50820E+000   0.00000E+000
       258   0.13052E+000  -0.54521E+000   0.00000E+000
       259   0.12886E+000  -0.57885E+000   0.00000E+000
       260   0.12712E+000  -0.60894E+000   0.00000E+000
       261   0.12531E+000  -0.63533E+000   0.00000E+000
       262   0.12344E+000  -0.65789E+000   0.00000E+000
       263   0.12151E+000  -0.67649E+000   0.00000E+000
       264   0.11954E+000  -0.69106E+000   0.00000E+000
       265   0.11755E+000  -0.70152E+000   0.00000E+000
       266   0.11553E+000  -0.70780E+000   0.00000E+000
       267   0.11350E+000  -0.70990E+000   0.00000E+000
       268   0.11147E+000  -0.70778E+000   0.00000E+000
       269   0.10945E+000  -0.70147E+000   0.00000E+000
       270   0.10745E+000  -0.69100E+000   0.00000E+000
       271   0.10548E+000  -0.67641E+000   0.00000E+000
       272   0.10355E+000  -0.65778E+000   0.00000E+000
       273   0.10167E+000  -0.63521E+000   0.00000E+000
       274   0.99857E-001  -0.60879E+000   0.00000E+000
       275   0.98114E-001  -0.57868E+000   0.00000E+000
       276   0.96453E-001  -0.54502E+000   0.00000E+000
       277   0.94885E-001  -0.50799E+000   0.00000E+000
       278   0.93420E-001  -0.46779E+000   0.00000E+000
       279   0.92069E-001  -0.42463E+000   0.00000E+000
       280   0.90841E-001  -0.37875E+000   0.00000E+000
       281   0.89745E-001  -0.33041E+000   0.00000E+000
       282   0.88787E-001  -0.27987E+000   0.00000E+000
       283   0.87964E-001  -0.22745E+000   0.00000E+000
       284   0.87272E-001  -0.17345E+000   0.00000E+000
       285   0.86731E-001  -0.11826E+000   0.00000E+000
       286   0.86434E-001  -0.62417E-001   0.00000E+000
       287   0.86545E-001  -0.68533E-002   0.00000E+000
       288   0.12688E+000  -0.69430E-002   0.00000E+000
       289   0.12699E+000  -0.62713E-001   0.00000E+000
       290   0.12678E+000  -0.11864E+000   0.00000E+000
       291   0.12645E+000  -0.17383E+000   0.00000E+000
       292   0.12609E+000  -0.22781E+000   0.00000E+000
       293   0.12567E+000  -0.28022E+000   0.00000E+000
       294   0.12520E+000  -0.33073E+000   0.00000E+000
       295   0.12467E+000  -0.37906E+000   0.00000E+000
       296   0.12407E+000  -0.42493E+000   0.00000E+000
       297   0.12341E+000  -0.46808E+000   0.00000E+000
       298   0.12269E+000  -0.50827E+000   0.00000E+000
       299   0.12192E+000  -0.54528E+000   0.00000E+000
       300   0.12110E+000  -0.57892E+000   0.00000E+000
       301   0.12024E+000  -0.60902E+000   0.00000E+000
       302   0.11935E+000  -0.63541E+000   0.00000E+000
       303   0.11842E+000  -0.65797E+000   0.00000E+000
       304   0.11747E+000  -0.67659E+000   0.00000E+000
       305   0.11649E+000  -0.69116E+000   0.00000E+000
       306   0.11550E+000  -0.70161E+000   0.00000E+000
       307   0.11450E+000  -0.70790E+000   0.00000E+000
       308   0.11350E+000  -0.70999E+000   0.00000E+000
       309   0.11249E+000  -0.70788E+000   0.00000E+000
       310   0.11149E+000  -0.70157E+000   0.00000E+000
       311   0.11050E+000  -0.69110E+000   0.00000E+000
       312   0.10953E+000  -0.67651E+000   0.00000E+000
       313   0.10857E+000  -0.65787E+000   0.00000E+000
       314   0.10764E+000  -0.63529E+000   0.00000E+000
       315   0.10674E+000  -0.60888E+000   0.00000E+000
       316   0.10588E+000  -0.57876E+000   0.00000E+000
       317   0.10506E+000  -0.54510E+000   0.00000E+000
       318   0.10428E+000  -0.50806E+000   0.00000E+000
       319   0.10356E+000  -0.46786E+000   0.00000E+000
       320   0.10289E+000  -0.42469E+000   0.00000E+000
       321   0.10228E+000  -0.37880E+000   0.00000E+000
       322   0.10174E+000  -0.33045E+000   0.00000E+000
       323   0.10126E+000  -0.27991E+000   0.00000E+000
       324   0.10084E+000  -0.22749E+000   0.00000E+000
       325   0.10045E+000  -0.17348E+000   0.00000E+000
       326   0.10011E+000  -0.11826E+000   0.00000E+000
       327   0.99908E-001  -0.62318E-001   0.00000E+000
       328   0.10010E+000  -0.65746E-002   0.00000E+000
       329   0.11332E+000  -0.65763E-002   0.00000E+000
       330   0.11350E+000  -0.62598E-001   0.00000E+000
       331   0.11340E+000  -0.11863E+000   0.00000E+000
       332   0.11328E+000  -0.17384E+000   0.00000E+000
       333   0.11323E+000  -0.22782E+000   0.00000E+000
       334   0.11321E+000  -0.28022E+000   0.00000E+000
       335   0.11323E+000  -0.33074E+000   0.00000E+000
       336   0.11324E+000  -0.37907E+000   0.00000E+000
       337   0.11327E+000  -0.42494E+000   0.00000E+000
       338   0.11329E+000  -0.46808E+000   0.00000E+000
       339   0.11331E+000  -0.50828E+000   0.00000E+000
       340   0.11333E+000  -0.54529E+000   0.00000E+000
       341   0.11335E+000  -0.57894E+000   0.00000E+000
       342   0.11337E+000  -0.60903E+000   0.00000E+000
       343   0.11339E+000  -0.63543E+000   0.00000E+000
       344   0.11341E+000  -0.65799E+000   0.00000E+000
       345   0.11343E+000  -0.67661E+000   0.00000E+000
       346   0.11345E+000  -0.69118E+000   0.00000E+000
       347   0.11347E+000  -0.70163E+000   0.00000E+000
       348   0.11348E+000  -0.70792E+000   0.00000E+000
       349   0.11350E+000  -0.71002E+000   0.00000E+000
       350   0.11352E+000  -0.70790E+000   0.00000E+000
       351   0.11354E+000  -0.70159E+000   0.00000E+000
       352   0.11355E+000  -0.69112E+000   0.00000E+000
       353   0.11357E+000  -0.67653E+000   0.00000E+000
       354   0.11359E+000  -0.65789E+000   0.00000E+000
       355   0.11360E+000  -0.63531E+000   0.00000E+000
       356   0.11362E+000  -0.60890E+000   0.00000E+000
       357   0.11364E+000  -0.57878E+000   0.00000E+000
       358   0.11365E+000  -0.54511E+000   0.00000E+000
       359   0.11367E+000  -0.50808E+000   0.00000E+000
       360   0.11368E+000  -0.46787E+000   0.00000E+000
       361   0.11370E+000  -0.42470E+000   0.00000E+000
       362   0.11371E+000  -0.37881E+000   0.00000E+000
       363   0.11372E+000  -0.33046E+000   0.00000E+000
       364   0.11373E+000  -0.27993E+000   0.00000E+000
       365   0.11370E+000  -0.22750E+000   0.00000E+000
       366   0.11363E+000  -0.17350E+000   0.00000E+000
       367   0.11349E+000  -0.11825E+000   0.00000E+000
       368   0.11339E+000  -0.62199E-001   0.00000E+000
       369   0.11366E+000  -0.62172E-002   0.00000E+000
       370   0.99721E-001  -0.61222E-002   0.00000E+000
       371   0.99982E-001  -0.62467E-001   0.00000E+000
       372   0.99995E-001  -0.11861E+000   0.00000E+000
       373   0.10010E+000  -0.17383E+000   0.00000E+000
       374   0.10036E+000  -0.22780E+000   0.00000E+000
       375   0.10075E+000  -0.28019E+000   0.00000E+000
       376   0.10125E+000  -0.33070E+000   0.00000E+000
       377   0.10182E+000  -0.37903E+000   0.00000E+000
       378   0.10246E+000  -0.42490E+000   0.00000E+000
       379   0.10317E+000  -0.46804E+000   0.00000E+000
       380   0.10393E+000  -0.50823E+000   0.00000E+000
       381   0.10474E+000  -0.54524E+000   0.00000E+000
       382   0.10560E+000  -0.57889E+000   0.00000E+000
       383   0.10650E+000  -0.60899E+000   0.00000E+000
       384   0.10743E+000  -0.63538E+000   0.00000E+000
       385   0.10840E+000  -0.65794E+000   0.00000E+000
       386   0.10939E+000  -0.67655E+000   0.00000E+000
       387   0.11040E+000  -0.69112E+000   0.00000E+000
       388   0.11143E+000  -0.70158E+000   0.00000E+000
       389   0.11246E+000  -0.70787E+000   0.00000E+000
       390   0.11350E+000  -0.70996E+000   0.00000E+000
       391   0.11455E+000  -0.70785E+000   0.00000E+000
       392   0.11558E+000  -0.70154E+000   0.00000E+000
       393   0.11661E+000  -0.69107E+000   0.00000E+000
       394   0.11762E+000  -0.67648E+000   0.00000E+000
       395   0.11860E+000  -0.65785E+000   0.00000E+000
       396   0.11957E+000  -0.63527E+000   0.00000E+000
       397   0.12050E+000  -0.60885E+000   0.00000E+000
       398   0.12139E+000  -0.57873E+000   0.00000E+000
       399   0.12225E+000  -0.54507E+000   0.00000E+000
       400   0.12305E+000  -0.50804E+000   0.00000E+000
       401   0.12381E+000  -0.46783E+000   0.00000E+000
       402   0.12451E+000  -0.42467E+000   0.00000E+000
       403   0.12514E+000  -0.37878E+000   0.00000E+000
       404   0.12571E+000  -0.33043E+000   0.00000E+000
       405   0.12619E+000  -0.27991E+000   0.00000E+000
       406   0.12658E+000  -0.22749E+000   0.00000E+000
       407   0.12682E+000  -0.17351E+000   0.00000E+000
       408   0.12690E+000  -0.11824E+000   0.00000E+000
       409   0.12691E+000  -0.62064E-001   0.00000E+000
       410   0.12726E+000  -0.57746E-002   0.00000E+000
       411   0.86056E-001  -0.55743E-002   0.00000E+000
       412   0.86405E-001  -0.62324E-001   0.00000E+000
       413   0.86548E-001  -0.11858E+000   0.00000E+000
       414   0.86887E-001  -0.17381E+000   0.00000E+000
       415   0.87476E-001  -0.22776E+000   0.00000E+000
       416   0.88278E-001  -0.28013E+000   0.00000E+000
       417   0.89255E-001  -0.33063E+000   0.00000E+000
       418   0.90384E-001  -0.37895E+000   0.00000E+000
       419   0.91648E-001  -0.42481E+000   0.00000E+000
       420   0.93036E-001  -0.46795E+000   0.00000E+000
       421   0.94538E-001  -0.50813E+000   0.00000E+000
       422   0.96141E-001  -0.54514E+000   0.00000E+000
       423   0.97838E-001  -0.57878E+000   0.00000E+000
       424   0.99617E-001  -0.60887E+000   0.00000E+000
       425   0.10147E+000  -0.63526E+000   0.00000E+000
       426   0.10338E+000  -0.65782E+000   0.00000E+000
       427   0.10534E+000  -0.67643E+000   0.00000E+000
       428   0.10735E+000  -0.69100E+000   0.00000E+000
       429   0.10938E+000  -0.70145E+000   0.00000E+000
       430   0.11144E+000  -0.70774E+000   0.00000E+000
       431   0.11351E+000  -0.70984E+000   0.00000E+000
       432   0.11557E+000  -0.70773E+000   0.00000E+000
       433   0.11763E+000  -0.70142E+000   0.00000E+000
       434   0.11966E+000  -0.69094E+000   0.00000E+000
       435   0.12166E+000  -0.67636E+000   0.00000E+000
       436   0.12363E+000  -0.65773E+000   0.00000E+000
       437   0.12553E+000  -0.63515E+000   0.00000E+000
       438   0.12738E+000  -0.60874E+000   0.00000E+000
       439   0.12916E+000  -0.57863E+000   0.00000E+000
       440   0.13085E+000  -0.54497E+000   0.00000E+000
       441   0.13245E+000  -0.50794E+000   0.00000E+000
       442   0.13394E+000  -0.46774E+000   0.00000E+000
       443   0.13532E+000  -0.42458E+000   0.00000E+000
       444   0.13658E+000  -0.37871E+000   0.00000E+000
       445   0.13770E+000  -0.33037E+000   0.00000E+000
       446   0.13867E+000  -0.27986E+000   0.00000E+000
       447   0.13946E+000  -0.22746E+000   0.00000E+000
       448   0.14004E+000  -0.17349E+000   0.00000E+000
       449   0.14035E+000  -0.11822E+000   0.00000E+000
       450   0.14048E+000  -0.61915E-001   0.00000E+000
       451   0.14093E+000  -0.52410E-002   0.00000E+000
       452   0.72292E-001  -0.49268E-002   0.00000E+000
       453   0.72745E-001  -0.62173E-001   0.00000E+000
       454   0.73039E-001  -0.11854E+000   0.00000E+000
       455   0.73635E-001  -0.17377E+000   0.00000E+000
       456   0.74564E-001  -0.22769E+000   0.00000E+000
       457   0.75780E-001  -0.28004E+000   0.00000E+000
       458   0.77244E-001  -0.33052E+000   0.00000E+000
       459   0.78929E-001  -0.37883E+000   0.00000E+000
       460   0.80817E-001  -0.42467E+000   0.00000E+000
       461   0.82890E-001  -0.46780E+000   0.00000E+000
       462   0.85133E-001  -0.50798E+000   0.00000E+000
       463   0.87531E-001  -0.54498E+000   0.00000E+000
       464   0.90067E-001  -0.57861E+000   0.00000E+000
       465   0.92727E-001  -0.60869E+000   0.00000E+000
       466   0.95496E-001  -0.63508E+000   0.00000E+000
       467   0.98356E-001  -0.65763E+000   0.00000E+000
       468   0.10129E+000  -0.67624E+000   0.00000E+000
       469   0.10429E+000  -0.69080E+000   0.00000E+000
       470   0.10734E+000  -0.70126E+000   0.00000E+000
       471   0.11042E+000  -0.70754E+000   0.00000E+000
       472   0.11351E+000  -0.70964E+000   0.00000E+000
       473   0.11660E+000  -0.70753E+000   0.00000E+000
       474   0.11968E+000  -0.70122E+000   0.00000E+000
       475   0.12272E+000  -0.69075E+000   0.00000E+000
       476   0.12572E+000  -0.67616E+000   0.00000E+000
       477   0.12865E+000  -0.65754E+000   0.00000E+000
       478   0.13151E+000  -0.63497E+000   0.00000E+000
       479   0.13428E+000  -0.60856E+000   0.00000E+000
       480   0.13693E+000  -0.57846E+000   0.00000E+000
       481   0.13946E+000  -0.54481E+000   0.00000E+000
       482   0.14186E+000  -0.50779E+000   0.00000E+000
       483   0.14409E+000  -0.46760E+000   0.00000E+000
       484   0.14616E+000  -0.42446E+000   0.00000E+000
       485   0.14804E+000  -0.37859E+000   0.00000E+000
       486   0.14972E+000  -0.33027E+000   0.00000E+000
       487   0.15117E+000  -0.27977E+000   0.00000E+000
       488   0.15238E+000  -0.22740E+000   0.00000E+000
       489   0.15330E+000  -0.17346E+000   0.00000E+000
       490   0.15387E+000  -0.11819E+000   0.00000E+000
       491   0.15414E+000  -0.61756E-001   0.00000E+000
       492   0.15468E+000  -0.46120E-002   0.00000E+000
       493   0.58390E-001  -0.41744E-002   0.00000E+000
       494   0.58972E-001  -0.62016E-001   0.00000E+000
       495   0.59455E-001  -0.11849E+000   0.00000E+000
       496   0.60332E-001  -0.17371E+000   0.00000E+000
       497   0.61613E-001  -0.22760E+000   0.00000E+000
       498   0.63248E-001  -0.27992E+000   0.00000E+000
       499   0.65202E-001  -0.33038E+000   0.00000E+000
       500   0.67446E-001  -0.37866E+000   0.00000E+000
       501   0.69959E-001  -0.42449E+000   0.00000E+000
       502   0.72719E-001  -0.46761E+000   0.00000E+000
       503   0.75706E-001  -0.50777E+000   0.00000E+000
       504   0.78900E-001  -0.54475E+000   0.00000E+000
       505   0.82278E-001  -0.57837E+000   0.00000E+000
       506   0.85822E-001  -0.60845E+000   0.00000E+000
       507   0.89510E-001  -0.63483E+000   0.00000E+000
       508   0.93321E-001  -0.65737E+000   0.00000E+000
       509   0.97236E-001  -0.67597E+000   0.00000E+000
       510   0.10123E+000  -0.69053E+000   0.00000E+000
       511   0.10529E+000  -0.70098E+000   0.00000E+000
       512   0.10939E+000  -0.70727E+000   0.00000E+000
       513   0.11351E+000  -0.70936E+000   0.00000E+000
       514   0.11763E+000  -0.70725E+000   0.00000E+000
       515   0.12173E+000  -0.70095E+000   0.00000E+000
       516   0.12579E+000  -0.69048E+000   0.00000E+000
       517   0.12978E+000  -0.67590E+000   0.00000E+000
       518   0.13369E+000  -0.65728E+000   0.00000E+000
       519   0.13750E+000  -0.63472E+000   0.00000E+000
       520   0.14119E+000  -0.60832E+000   0.00000E+000
       521   0.14472E+000  -0.57823E+000   0.00000E+000
       522   0.14810E+000  -0.54459E+000   0.00000E+000
       523   0.15129E+000  -0.50759E+000   0.00000E+000
       524   0.15427E+000  -0.46741E+000   0.00000E+000
       525   0.15702E+000  -0.42428E+000   0.00000E+000
       526   0.15953E+000  -0.37843E+000   0.00000E+000
       527   0.16176E+000  -0.33013E+000   0.00000E+000
       528   0.16371E+000  -0.27966E+000   0.00000E+000
       529   0.16534E+000  -0.22732E+000   0.00000E+000
       530   0.16661E+000  -0.17341E+000   0.00000E+000
       531   0.16747E+000  -0.11815E+000   0.00000E+000
       532   0.16791E+000  -0.61594E-001   0.00000E+000
       533   0.16855E+000  -0.38845E-002   0.00000E+000
       534   0.44298E-001  -0.33121E-002   0.00000E+000
       535   0.45058E-001  -0.61860E-001   0.00000E+000
       536   0.45780E-001  -0.11843E+000   0.00000E+000
       537   0.46969E-001  -0.17362E+000   0.00000E+000
       538   0.48613E-001  -0.22747E+000   0.00000E+000
       539   0.50673E-001  -0.27977E+000   0.00000E+000
       540   0.53118E-001  -0.33020E+000   0.00000E+000
       541   0.55924E-001  -0.37846E+000   0.00000E+000
       542   0.59065E-001  -0.42426E+000   0.00000E+000
       543   0.62516E-001  -0.46736E+000   0.00000E+000
       544   0.66250E-001  -0.50750E+000   0.00000E+000
       545   0.70242E-001  -0.54447E+000   0.00000E+000
       546   0.74466E-001  -0.57807E+000   0.00000E+000
       547   0.78896E-001  -0.60814E+000   0.00000E+000
       548   0.83506E-001  -0.63451E+000   0.00000E+000
       549   0.88272E-001  -0.65704E+000   0.00000E+000
       550   0.93165E-001  -0.67563E+000   0.00000E+000
       551   0.98162E-001  -0.69019E+000   0.00000E+000
       552   0.10324E+000  -0.70063E+000   0.00000E+000
       553   0.10836E+000  -0.70692E+000   0.00000E+000
       554   0.11351E+000  -0.70901E+000   0.00000E+000
       555   0.11866E+000  -0.70690E+000   0.00000E+000
       556   0.12379E+000  -0.70060E+000   0.00000E+000
       557   0.12886E+000  -0.69014E+000   0.00000E+000
       558   0.13386E+000  -0.67556E+000   0.00000E+000
       559   0.13875E+000  -0.65695E+000   0.00000E+000
       560   0.14351E+000  -0.63440E+000   0.00000E+000
       561   0.14812E+000  -0.60802E+000   0.00000E+000
       562   0.15254E+000  -0.57794E+000   0.00000E+000
       563   0.15676E+000  -0.54431E+000   0.00000E+000
       564   0.16075E+000  -0.50733E+000   0.00000E+000
       565   0.16448E+000  -0.46717E+000   0.00000E+000
       566   0.16792E+000  -0.42406E+000   0.00000E+000
       567   0.17105E+000  -0.37823E+000   0.00000E+000
       568   0.17385E+000  -0.32995E+000   0.00000E+000
       569   0.17629E+000  -0.27951E+000   0.00000E+000
       570   0.17834E+000  -0.22720E+000   0.00000E+000
       571   0.17999E+000  -0.17333E+000   0.00000E+000
       572   0.18116E+000  -0.11810E+000   0.00000E+000
       573   0.18182E+000  -0.61434E-001   0.00000E+000
       574   0.18258E+000  -0.30569E-002   0.00000E+000
       575   0.29946E-001  -0.23344E-002   0.00000E+000
       576   0.30969E-001  -0.61707E-001   0.00000E+000
       577   0.32008E-001  -0.11835E+000   0.00000E+000
       578   0.33539E-001  -0.17351E+000   0.00000E+000
       579   0.35556E-001  -0.22732E+000   0.00000E+000
       580   0.38043E-001  -0.27958E+000   0.00000E+000
       581   0.40984E-001  -0.32998E+000   0.00000E+000
       582   0.44354E-001  -0.37821E+000   0.00000E+000
       583   0.48127E-001  -0.42399E+000   0.00000E+000
       584   0.52271E-001  -0.46706E+000   0.00000E+000
       585   0.56756E-001  -0.50718E+000   0.00000E+000
       586   0.61550E-001  -0.54413E+000   0.00000E+000
       587   0.66623E-001  -0.57771E+000   0.00000E+000
       588   0.71944E-001  -0.60776E+000   0.00000E+000
       589   0.77481E-001  -0.63411E+000   0.00000E+000
       590   0.83203E-001  -0.65664E+000   0.00000E+000
       591   0.89080E-001  -0.67522E+000   0.00000E+000
       592   0.95081E-001  -0.68977E+000   0.00000E+000
       593   0.10117E+000  -0.70021E+000   0.00000E+000
       594   0.10733E+000  -0.70649E+000   0.00000E+000
       595   0.11351E+000  -0.70858E+000   0.00000E+000
       596   0.11970E+000  -0.70647E+000   0.00000E+000
       597   0.12585E+000  -0.70018E+000   0.00000E+000
       598   0.13195E+000  -0.68972E+000   0.00000E+000
       599   0.13794E+000  -0.67515E+000   0.00000E+000
       600   0.14382E+000  -0.65656E+000   0.00000E+000
       601   0.14954E+000  -0.63401E+000   0.00000E+000
       602   0.15507E+000  -0.60764E+000   0.00000E+000
       603   0.16039E+000  -0.57758E+000   0.00000E+000
       604   0.16546E+000  -0.54398E+000   0.00000E+000
       605   0.17024E+000  -0.50701E+000   0.00000E+000
       606   0.17472E+000  -0.46687E+000   0.00000E+000
       607   0.17886E+000  -0.42379E+000   0.00000E+000
       608   0.18263E+000  -0.37799E+000   0.00000E+000
       609   0.18599E+000  -0.32974E+000   0.00000E+000
       610   0.18892E+000  -0.27932E+000   0.00000E+000
       611   0.19141E+000  -0.22705E+000   0.00000E+000
       612   0.19342E+000  -0.17322E+000   0.00000E+000
       613   0.19496E+000  -0.11804E+000   0.00000E+000
       614   0.19593E+000  -0.61282E-001   0.00000E+000
       615   0.19681E+000  -0.21301E-002   0.00000E+000
       616   0.15232E-001  -0.12342E-002   0.00000E+000
       617   0.16675E-001  -0.61557E-001   0.00000E+000
       618   0.18140E-001  -0.11825E+000   0.00000E+000
       619   0.20041E-001  -0.17336E+000   0.00000E+000
       620   0.22433E-001  -0.22714E+000   0.00000E+000
       621   0.25349E-001  -0.27935E+000   0.00000E+000
       622   0.28787E-001  -0.32971E+000   0.00000E+000
       623   0.32727E-001  -0.37791E+000   0.00000E+000
       624   0.37135E-001  -0.42366E+000   0.00000E+000
       625   0.41978E-001  -0.46670E+000   0.00000E+000
       626   0.47218E-001  -0.50680E+000   0.00000E+000
       627   0.52819E-001  -0.54372E+000   0.00000E+000
       628   0.58745E-001  -0.57729E+000   0.00000E+000
       629   0.64960E-001  -0.60732E+000   0.00000E+000
       630   0.71428E-001  -0.63366E+000   0.00000E+000
       631   0.78112E-001  -0.65617E+000   0.00000E+000
       632   0.84977E-001  -0.67474E+000   0.00000E+000
       633   0.91985E-001  -0.68928E+000   0.00000E+000
       634   0.99102E-001  -0.69971E+000   0.00000E+000
       635   0.10629E+000  -0.70599E+000   0.00000E+000
       636   0.11352E+000  -0.70808E+000   0.00000E+000
       637   0.12074E+000  -0.70597E+000   0.00000E+000
       638   0.12793E+000  -0.69968E+000   0.00000E+000
       639   0.13504E+000  -0.68923E+000   0.00000E+000
       640   0.14205E+000  -0.67467E+000   0.00000E+000
       641   0.14891E+000  -0.65608E+000   0.00000E+000
       642   0.15559E+000  -0.63356E+000   0.00000E+000
       643   0.16206E+000  -0.60720E+000   0.00000E+000
       644   0.16827E+000  -0.57716E+000   0.00000E+000
       645   0.17419E+000  -0.54358E+000   0.00000E+000
       646   0.17979E+000  -0.50663E+000   0.00000E+000
       647   0.18502E+000  -0.46652E+000   0.00000E+000
       648   0.18986E+000  -0.42347E+000   0.00000E+000
       649   0.19426E+000  -0.37770E+000   0.00000E+000
       650   0.19819E+000  -0.32948E+000   0.00000E+000
       651   0.20162E+000  -0.27911E+000   0.00000E+000
       652   0.20453E+000  -0.22687E+000   0.00000E+000
       653   0.20693E+000  -0.17308E+000   0.00000E+000
       654   0.20886E+000  -0.11793E+000   0.00000E+000
       655   0.21027E+000  -0.61146E-001   0.00000E+000
       656   0.21131E+000  -0.11080E-002   0.00000E+000
       657   0.00000E+000   0.00000E+000   0.00000E+000
       658   0.21519E-002  -0.61406E-001   0.00000E+000
       659   0.41927E-002  -0.11812E+000   0.00000E+000
       660   0.64744E-002  -0.17319E+000   0.00000E+000
       661   0.92371E-002  -0.22692E+000   0.00000E+000
       662   0.12580E-001  -0.27910E+000   0.00000E+000
       663   0.16519E-001  -0.32942E+000   0.00000E+000
       664   0.21032E-001  -0.37757E+000   0.00000E+000
       665   0.26081E-001  -0.42329E+000   0.00000E+000
       666   0.31627E-001  -0.46630E+000   0.00000E+000
       667   0.37627E-001  -0.50636E+000   0.00000E+000
       668   0.44041E-001  -0.54326E+000   0.00000E+000
       669   0.50825E-001  -0.57680E+000   0.00000E+000
       670   0.57940E-001  -0.60681E+000   0.00000E+000
       671   0.65344E-001  -0.63312E+000   0.00000E+000
       672   0.72995E-001  -0.65562E+000   0.00000E+000
       673   0.80852E-001  -0.67418E+000   0.00000E+000
       674   0.88875E-001  -0.68871E+000   0.00000E+000
       675   0.97021E-001  -0.69914E+000   0.00000E+000
       676   0.10525E+000  -0.70541E+000   0.00000E+000
       677   0.11352E+000  -0.70750E+000   0.00000E+000
       678   0.12179E+000  -0.70539E+000   0.00000E+000
       679   0.13001E+000  -0.69910E+000   0.00000E+000
       680   0.13816E+000  -0.68866E+000   0.00000E+000
       681   0.14618E+000  -0.67412E+000   0.00000E+000
       682   0.15403E+000  -0.65554E+000   0.00000E+000
       683   0.16168E+000  -0.63303E+000   0.00000E+000
       684   0.16908E+000  -0.60669E+000   0.00000E+000
       685   0.17619E+000  -0.57667E+000   0.00000E+000
       686   0.18297E+000  -0.54311E+000   0.00000E+000
       687   0.18938E+000  -0.50620E+000   0.00000E+000
       688   0.19538E+000  -0.46612E+000   0.00000E+000
       689   0.20091E+000  -0.42310E+000   0.00000E+000
       690   0.20596E+000  -0.37737E+000   0.00000E+000
       691   0.21046E+000  -0.32919E+000   0.00000E+000
       692   0.21440E+000  -0.27885E+000   0.00000E+000
       693   0.21774E+000  -0.22666E+000   0.00000E+000
       694   0.22051E+000  -0.17290E+000   0.00000E+000
       695   0.22282E+000  -0.11778E+000   0.00000E+000
       696   0.22492E+000  -0.61030E-001   0.00000E+000
       697   0.22613E+000   0.00000E+000   0.00000E+000
tens 
         1   -0.16753E+01   -0.70939E+00   -0.31692E+00    0.15565E+01
         2   -0.51999E+01   -0.84708E+00   -0.10257E+01    0.51486E+01
         3   -0.11568E+02   -0.86988E+00   -0.14873E+01    0.11452E+02
         4   -0.18302E+02   -0.93038E+00   -0.16400E+01    0.18079E+02
         5   -0.24379E+02   -0.99297E+00   -0.17251E+01    0.24084E+02
         6   -0.29777E+02   -0.10484E+01   -0.18114E+01    0.29434E+02
         7   -0.34654E+02   -0.10973E+01   -0.19041E+01    0.34278E+02
         8   -0.39126E+02   -0.11417E+01   -0.19956E+01    0.38722E+02
         9   -0.43244E+02   -0.11830E+01   -0.20802E+01    0.42817E+02
        10   -0.47026E+02   -0.12217E+01   -0.21548E+01    0.46577E+02
        11   -0.50477E+02   -0.12580E+01   -0.22185E+01    0.50007E+02
        12   -0.53595E+02   -0.12919E+01   -0.22711E+01    0.53107E+02
        13   -0.56382E+02   -0.13235E+01   -0.23125E+01    0.55876E+02
        14   -0.58835E+02   -0.13526E+01   -0.23427E+01    0.58312E+02
        15   -0.60956E+02   -0.13794E+01   -0.23618E+01    0.60417E+02
        16   -0.62743E+02   -0.14039E+01   -0.23698E+01    0.62189E+02
        17   -0.64197E+02   -0.14259E+01   -0.23666E+01    0.63629E+02
        18   -0.65319E+02   -0.14456E+01   -0.23524E+01    0.64736E+02
        19   -0.66107E+02   -0.14628E+01   -0.23270E+01    0.65512E+02
        20   -0.66561E+02   -0.14777E+01   -0.22905E+01    0.65954E+02
        21   -0.66683E+02   -0.14902E+01   -0.22428E+01    0.66065E+02
        22   -0.66472E+02   -0.15004E+01   -0.21841E+01    0.65843E+02
        23   -0.65927E+02   -0.15081E+01   -0.21142E+01    0.65289E+02
        24   -0.65049E+02   -0.15135E+01   -0.20333E+01    0.64402E+02
        25   -0.63839E+02   -0.15164E+01   -0.19412E+01    0.63183E+02
        26   -0.62295E+02   -0.15170E+01   -0.18380E+01    0.61632E+02
        27   -0.60417E+02   -0.15152E+01   -0.17236E+01    0.59749E+02
        28   -0.58207E+02   -0.15111E+01   -0.15982E+01    0.57533E+02
        29   -0.55664E+02   -0.15045E+01   -0.14616E+01    0.54985E+02
        30   -0.52788E+02   -0.14956E+01   -0.13141E+01    0.52106E+02
        31   -0.49580E+02   -0.14843E+01   -0.11558E+01    0.48896E+02
        32   -0.46041E+02   -0.14709E+01   -0.98717E+00    0.45356E+02
        33   -0.42173E+02   -0.14556E+01   -0.80814E+00    0.41488E+02
        34   -0.37968E+02   -0.14388E+01   -0.61689E+00    0.37285E+02
        35   -0.33401E+02   -0.14204E+01   -0.40533E+00    0.32721E+02
        36   -0.28391E+02   -0.13984E+01   -0.15213E+00    0.27720E+02
        37   -0.22781E+02   -0.13659E+01    0.17873E+00    0.22132E+02
        38   -0.16391E+02   -0.13118E+01    0.60216E+00    0.15811E+02
        39   -0.94096E+01   -0.12395E+01    0.96210E+00    0.90106E+01
        40   -0.34194E+01   -0.10822E+01    0.60519E+00    0.32033E+01
        41   -0.16150E+01   -0.11009E+01    0.40376E+00    0.15911E+01
        42   -0.17721E+01   -0.11248E+01   -0.10338E+01    0.23703E+01
        43   -0.41898E+01   -0.11300E+01   -0.14834E+01    0.45495E+01
        44   -0.96888E+01   -0.11473E+01   -0.20052E+01    0.98049E+01
        45   -0.15750E+02   -0.11498E+01   -0.18454E+01    0.15540E+02
        46   -0.21332E+02   -0.11334E+01   -0.16091E+01    0.20975E+02
        47   -0.26319E+02   -0.11179E+01   -0.14302E+01    0.25897E+02
        48   -0.30827E+02   -0.11063E+01   -0.13015E+01    0.30373E+02
        49   -0.34957E+02   -0.10971E+01   -0.11978E+01    0.34484E+02
        50   -0.38760E+02   -0.10890E+01   -0.11032E+01    0.38275E+02
        51   -0.42255E+02   -0.10813E+01   -0.10109E+01    0.41762E+02
        52   -0.45447E+02   -0.10736E+01   -0.91875E+00    0.44948E+02
        53   -0.48336E+02   -0.10659E+01   -0.82632E+00    0.47834E+02
        54   -0.50923E+02   -0.10581E+01   -0.73368E+00    0.50418E+02
        55   -0.53207E+02   -0.10504E+01   -0.64093E+00    0.52701E+02
        56   -0.55187E+02   -0.10427E+01   -0.54815E+00    0.54681E+02
        57   -0.56863E+02   -0.10349E+01   -0.45536E+00    0.56358E+02
        58   -0.58236E+02   -0.10272E+01   -0.36257E+00    0.57733E+02
        59   -0.59306E+02   -0.10194E+01   -0.26978E+00    0.58804E+02
        60   -0.60072E+02   -0.10117E+01   -0.17700E+00    0.59573E+02
        61   -0.60534E+02   -0.10039E+01   -0.84207E-01    0.60039E+02
        62   -0.60693E+02   -0.99621E+00    0.85815E-02    0.60201E+02
        63   -0.60549E+02   -0.98846E+00    0.10137E+00    0.60061E+02
        64   -0.60101E+02   -0.98072E+00    0.19416E+00    0.59617E+02
        65   -0.59349E+02   -0.97298E+00    0.28695E+00    0.58871E+02
        66   -0.58294E+02   -0.96523E+00    0.37974E+00    0.57821E+02
        67   -0.56935E+02   -0.95749E+00    0.47253E+00    0.56469E+02
        68   -0.55273E+02   -0.94975E+00    0.56532E+00    0.54813E+02
        69   -0.53308E+02   -0.94201E+00    0.65810E+00    0.52855E+02
        70   -0.51039E+02   -0.93429E+00    0.75082E+00    0.50595E+02
        71   -0.48466E+02   -0.92663E+00    0.84340E+00    0.48032E+02
        72   -0.45591E+02   -0.91907E+00    0.93564E+00    0.45168E+02
        73   -0.42415E+02   -0.91161E+00    0.10274E+01    0.42004E+02
        74   -0.38936E+02   -0.90397E+00    0.11193E+01    0.38541E+02
        75   -0.35151E+02   -0.89495E+00    0.12145E+01    0.34776E+02
        76   -0.31041E+02   -0.88157E+00    0.13229E+01    0.30695E+02
        77   -0.26551E+02   -0.85918E+00    0.14653E+01    0.26255E+02
        78   -0.21570E+02   -0.82705E+00    0.16676E+01    0.21365E+02
        79   -0.15967E+02   -0.80774E+00    0.19112E+01    0.15927E+02
        80   -0.98301E+01   -0.87623E+00    0.19963E+01    0.10037E+02
        81   -0.41174E+01   -0.99926E+00    0.13900E+01    0.44310E+01
        82   -0.15903E+01   -0.93231E+00    0.67380E+00    0.18104E+01
        83   -0.17558E+01   -0.17580E+01   -0.19692E+01    0.38367E+01
        84   -0.39054E+01   -0.14749E+01   -0.26372E+01    0.57037E+01
        85   -0.85713E+01   -0.11845E+01   -0.33752E+01    0.99445E+01
        86   -0.13572E+02   -0.10627E+01   -0.31847E+01    0.14189E+02
        87   -0.18245E+02   -0.10531E+01   -0.28228E+01    0.18404E+02
        88   -0.22479E+02   -0.10604E+01   -0.25253E+01    0.22400E+02
        89   -0.26335E+02   -0.10628E+01   -0.23013E+01    0.26126E+02
        90   -0.29876E+02   -0.10596E+01   -0.21175E+01    0.29589E+02
        91   -0.33138E+02   -0.10533E+01   -0.19498E+01    0.32799E+02
        92   -0.36136E+02   -0.10459E+01   -0.17867E+01    0.35759E+02
        93   -0.38873E+02   -0.10381E+01   -0.16242E+01    0.38468E+02
        94   -0.41351E+02   -0.10303E+01   -0.14615E+01    0.40924E+02
        95   -0.43570E+02   -0.10225E+01   -0.12985E+01    0.43126E+02
        96   -0.45528E+02   -0.10148E+01   -0.11354E+01    0.45072E+02
        97   -0.47226E+02   -0.10070E+01   -0.97213E+00    0.46761E+02
        98   -0.48664E+02   -0.99926E+00   -0.80889E+00    0.48193E+02
        99   -0.49842E+02   -0.99152E+00   -0.64564E+00    0.49367E+02
       100   -0.50760E+02   -0.98378E+00   -0.48239E+00    0.50282E+02
       101   -0.51418E+02   -0.97603E+00   -0.31914E+00    0.50940E+02
       102   -0.51815E+02   -0.96829E+00   -0.15589E+00    0.51338E+02
       103   -0.51952E+02   -0.96055E+00    0.73556E-02    0.51479E+02
       104   -0.51829E+02   -0.95281E+00    0.17060E+00    0.51361E+02
       105   -0.51446E+02   -0.94506E+00    0.33385E+00    0.50984E+02
       106   -0.50803E+02   -0.93732E+00    0.49710E+00    0.50349E+02
       107   -0.49900E+02   -0.92958E+00    0.66035E+00    0.49455E+02
       108   -0.48736E+02   -0.92183E+00    0.82360E+00    0.48303E+02
       109   -0.47313E+02   -0.91409E+00    0.98685E+00    0.46894E+02
       110   -0.45629E+02   -0.90637E+00    0.11501E+01    0.45227E+02
       111   -0.43685E+02   -0.89870E+00    0.13132E+01    0.43303E+02
       112   -0.41481E+02   -0.89112E+00    0.14761E+01    0.41123E+02
       113   -0.39018E+02   -0.88369E+00    0.16386E+01    0.38688E+02
       114   -0.36295E+02   -0.87623E+00    0.18006E+01    0.36000E+02
       115   -0.33312E+02   -0.86774E+00    0.19632E+01    0.33062E+02
       116   -0.30067E+02   -0.85516E+00    0.21315E+01    0.29877E+02
       117   -0.26545E+02   -0.83219E+00    0.23199E+01    0.26446E+02
       118   -0.22714E+02   -0.79180E+00    0.25583E+01    0.22764E+02
       119   -0.18503E+02   -0.74249E+00    0.28805E+01    0.18816E+02
       120   -0.13824E+02   -0.75026E+00    0.32535E+01    0.14596E+02
       121   -0.87229E+01   -0.97884E+00    0.33926E+01    0.10151E+02
       122   -0.38309E+01   -0.14229E+01    0.25601E+01    0.55598E+01
       123   -0.16263E+01   -0.14818E+01    0.15865E+01    0.31593E+01
       124   -0.17106E+01   -0.27149E+01   -0.28429E+01    0.54680E+01
       125   -0.35403E+01   -0.19457E+01   -0.36528E+01    0.70328E+01
       126   -0.74157E+01   -0.12439E+01   -0.45100E+01    0.10408E+02
       127   -0.11436E+02   -0.96528E+00   -0.42795E+01    0.13252E+02
       128   -0.15213E+02   -0.94679E+00   -0.38293E+01    0.16184E+02
       129   -0.18686E+02   -0.97826E+00   -0.34445E+01    0.19169E+02
       130   -0.21881E+02   -0.99879E+00   -0.31456E+01    0.22082E+02
       131   -0.24829E+02   -0.10041E+01   -0.28959E+01    0.24854E+02
       132   -0.27549E+02   -0.10009E+01   -0.26666E+01    0.27454E+02
       133   -0.30049E+02   -0.99416E+00   -0.24435E+01    0.29866E+02
       134   -0.32332E+02   -0.98641E+00   -0.22215E+01    0.32082E+02
       135   -0.34399E+02   -0.97851E+00   -0.19992E+01    0.34096E+02
       136   -0.36249E+02   -0.97065E+00   -0.17767E+01    0.35905E+02
       137   -0.37882E+02   -0.96285E+00   -0.15539E+01    0.37506E+02
       138   -0.39298E+02   -0.95509E+00   -0.13311E+01    0.38898E+02
       139   -0.40498E+02   -0.94734E+00   -0.11082E+01    0.40079E+02
       140   -0.41481E+02   -0.93960E+00   -0.88534E+00    0.41048E+02
       141   -0.42247E+02   -0.93186E+00   -0.66247E+00    0.41804E+02
       142   -0.42796E+02   -0.92412E+00   -0.43960E+00    0.42348E+02
       143   -0.43128E+02   -0.91637E+00   -0.21674E+00    0.42679E+02
       144   -0.43244E+02   -0.90863E+00    0.61296E-02    0.42797E+02
       145   -0.43143E+02   -0.90089E+00    0.22900E+00    0.42701E+02
       146   -0.42825E+02   -0.89315E+00    0.45186E+00    0.42392E+02
       147   -0.42290E+02   -0.88540E+00    0.67473E+00    0.41871E+02
       148   -0.41538E+02   -0.87766E+00    0.89760E+00    0.41136E+02
       149   -0.40570E+02   -0.86992E+00    0.11205E+01    0.40189E+02
       150   -0.39385E+02   -0.86218E+00    0.13433E+01    0.39030E+02
       151   -0.37983E+02   -0.85447E+00    0.15662E+01    0.37661E+02
       152   -0.36364E+02   -0.84685E+00    0.17889E+01    0.36082E+02
       153   -0.34529E+02   -0.83937E+00    0.20114E+01    0.34294E+02
       154   -0.32477E+02   -0.83207E+00    0.22334E+01    0.32301E+02
       155   -0.30208E+02   -0.82453E+00    0.24551E+01    0.30106E+02
       156   -0.27722E+02   -0.81492E+00    0.26777E+01    0.27715E+02
       157   -0.25018E+02   -0.79806E+00    0.29073E+01    0.25138E+02
       158   -0.22090E+02   -0.76385E+00    0.31609E+01    0.22398E+02
       159   -0.18925E+02   -0.70260E+00    0.34724E+01    0.19533E+02
       160   -0.15488E+02   -0.63325E+00    0.38806E+01    0.16603E+02
       161   -0.11717E+02   -0.67108E+00    0.43485E+01    0.13660E+02
       162   -0.75847E+01   -0.10860E+01    0.45503E+01    0.10611E+02
       163   -0.34447E+01   -0.19722E+01    0.35935E+01    0.69066E+01
       164   -0.15724E+01   -0.23753E+01    0.24397E+01    0.47154E+01
       165   -0.16644E+01   -0.39618E+01   -0.36439E+01    0.71908E+01
       166   -0.31302E+01   -0.25173E+01   -0.45255E+01    0.83484E+01
       167   -0.62347E+01   -0.13100E+01   -0.54207E+01    0.10981E+02
       168   -0.93201E+01   -0.85762E+00   -0.51380E+01    0.12602E+02
       169   -0.12217E+02   -0.82288E+00   -0.46288E+01    0.14288E+02
       170   -0.14928E+02   -0.87825E+00   -0.41862E+01    0.16220E+02
       171   -0.17459E+02   -0.91873E+00   -0.38332E+01    0.18267E+02
       172   -0.19811E+02   -0.93407E+00   -0.35324E+01    0.20305E+02
       173   -0.21988E+02   -0.93456E+00   -0.32534E+01    0.22261E+02
       174   -0.23990E+02   -0.92883E+00   -0.29813E+01    0.24099E+02
       175   -0.25819E+02   -0.92118E+00   -0.27104E+01    0.25801E+02
       176   -0.27473E+02   -0.91318E+00   -0.24394E+01    0.27357E+02
       177   -0.28955E+02   -0.90524E+00   -0.21681E+01    0.28759E+02
       178   -0.30263E+02   -0.89741E+00   -0.18966E+01    0.30005E+02
       179   -0.31397E+02   -0.88963E+00   -0.16250E+01    0.31090E+02
       180   -0.32359E+02   -0.88188E+00   -0.13533E+01    0.32013E+02
       181   -0.33146E+02   -0.87413E+00   -0.10817E+01    0.32771E+02
       182   -0.33760E+02   -0.86639E+00   -0.81003E+00    0.33365E+02
       183   -0.34201E+02   -0.85865E+00   -0.53839E+00    0.33793E+02
       184   -0.34469E+02   -0.85091E+00   -0.26674E+00    0.34054E+02
       185   -0.34563E+02   -0.84317E+00    0.49037E-02    0.34149E+02
       186   -0.34483E+02   -0.83542E+00    0.27655E+00    0.34076E+02
       187   -0.34230E+02   -0.82768E+00    0.54819E+00    0.33837E+02
       188   -0.33804E+02   -0.81994E+00    0.81984E+00    0.33432E+02
       189   -0.33204E+02   -0.81219E+00    0.10915E+01    0.32860E+02
       190   -0.32431E+02   -0.80445E+00    0.13631E+01    0.32123E+02
       191   -0.31484E+02   -0.79672E+00    0.16348E+01    0.31222E+02
       192   -0.30364E+02   -0.78903E+00    0.19064E+01    0.30159E+02
       193   -0.29070E+02   -0.78145E+00    0.21779E+01    0.28935E+02
       194   -0.27603E+02   -0.77407E+00    0.24492E+01    0.27553E+02
       195   -0.25963E+02   -0.76686E+00    0.27201E+01    0.26018E+02
       196   -0.24148E+02   -0.75920E+00    0.29906E+01    0.24335E+02
       197   -0.22160E+02   -0.74839E+00    0.32624E+01    0.22516E+02
       198   -0.19998E+02   -0.72711E+00    0.35415E+01    0.20580E+02
       199   -0.17667E+02   -0.68140E+00    0.38448E+01    0.18571E+02
       200   -0.15170E+02   -0.59841E+00    0.42067E+01    0.16568E+02
       201   -0.12505E+02   -0.50666E+00    0.46695E+01    0.14687E+02
       202   -0.96258E+01   -0.57199E+00    0.52042E+01    0.12990E+02
       203   -0.64260E+01   -0.11866E+01    0.54816E+01    0.11190E+02
       204   -0.30037E+01   -0.26202E+01    0.44894E+01    0.82753E+01
       205   -0.14820E+01   -0.35729E+01    0.32159E+01    0.63791E+01
       206   -0.16299E+01   -0.54630E+01   -0.43702E+01    0.89940E+01
       207   -0.26920E+01   -0.31642E+01   -0.52523E+01    0.95656E+01
       208   -0.50311E+01   -0.13702E+01   -0.61106E+01    0.11503E+02
       209   -0.72051E+01   -0.73989E+00   -0.57658E+01    0.12119E+02
       210   -0.92386E+01   -0.68830E+00   -0.52226E+01    0.12700E+02
       211   -0.11193E+02   -0.76681E+00   -0.47502E+01    0.13601E+02
       212   -0.13059E+02   -0.82724E+00   -0.43639E+01    0.14750E+02
       213   -0.14816E+02   -0.85283E+00   -0.40267E+01    0.16007E+02
       214   -0.16449E+02   -0.85724E+00   -0.37101E+01    0.17277E+02
       215   -0.17953E+02   -0.85260E+00   -0.34000E+01    0.18504E+02
       216   -0.19326E+02   -0.84508E+00   -0.30912E+01    0.19661E+02
       217   -0.20570E+02   -0.83700E+00   -0.27822E+01    0.20732E+02
       218   -0.21683E+02   -0.82899E+00   -0.24729E+01    0.21707E+02
       219   -0.22666E+02   -0.82112E+00   -0.21634E+01    0.22579E+02
       220   -0.23518E+02   -0.81333E+00   -0.18538E+01    0.23344E+02
       221   -0.24241E+02   -0.80557E+00   -0.15442E+01    0.23998E+02
       222   -0.24833E+02   -0.79783E+00   -0.12347E+01    0.24538E+02
       223   -0.25296E+02   -0.79009E+00   -0.92508E+00    0.24962E+02
       224   -0.25628E+02   -0.78234E+00   -0.61549E+00    0.25269E+02
       225   -0.25831E+02   -0.77460E+00   -0.30591E+00    0.25458E+02
       226   -0.25903E+02   -0.76686E+00    0.36778E-02    0.25528E+02
       227   -0.25845E+02   -0.75912E+00    0.31326E+00    0.25480E+02
       228   -0.25657E+02   -0.75137E+00    0.62285E+00    0.25313E+02
       229   -0.25339E+02   -0.74363E+00    0.93243E+00    0.25028E+02
       230   -0.24891E+02   -0.73588E+00    0.12420E+01    0.24626E+02
       231   -0.24313E+02   -0.72814E+00    0.15516E+01    0.24108E+02
       232   -0.23605E+02   -0.72042E+00    0.18612E+01    0.23476E+02
       233   -0.22767E+02   -0.71275E+00    0.21707E+01    0.22732E+02
       234   -0.21798E+02   -0.70520E+00    0.24802E+01    0.21880E+02
       235   -0.20700E+02   -0.69789E+00    0.27895E+01    0.20925E+02
       236   -0.19470E+02   -0.69077E+00    0.30984E+01    0.19873E+02
       237   -0.18111E+02   -0.68296E+00    0.34072E+01    0.18733E+02
       238   -0.16620E+02   -0.67105E+00    0.37172E+01    0.17521E+02
       239   -0.15002E+02   -0.64581E+00    0.40336E+01    0.16266E+02
       240   -0.13266E+02   -0.58960E+00    0.43712E+01    0.15028E+02
       241   -0.11436E+02   -0.48578E+00    0.47618E+01    0.13910E+02
       242   -0.95348E+01   -0.36960E+00    0.52497E+01    0.13046E+02
       243   -0.75332E+01   -0.45466E+00    0.58256E+01    0.12464E+02
       244   -0.52494E+01   -0.12701E+01    0.61906E+01    0.11725E+02
       245   -0.25323E+01   -0.33402E+01    0.52469E+01    0.95760E+01
       246   -0.13845E+01   -0.50354E+01    0.39089E+01    0.81326E+01
       247   -0.16104E+01   -0.71823E+01   -0.50231E+01    0.10877E+02
       248   -0.22290E+01   -0.38594E+01   -0.58303E+01    0.10641E+02
       249   -0.37989E+01   -0.14138E+01   -0.65781E+01    0.11869E+02
       250   -0.50732E+01   -0.61295E+00   -0.61666E+01    0.11708E+02
       251   -0.62608E+01   -0.54929E+00   -0.56138E+01    0.11428E+02
       252   -0.74692E+01   -0.65005E+00   -0.51378E+01    0.11426E+02
       253   -0.86757E+01   -0.72888E+00   -0.47378E+01    0.11697E+02
       254   -0.98368E+01   -0.76383E+00   -0.43789E+01    0.12139E+02
       255   -0.10926E+02   -0.77183E+00   -0.40367E+01    0.12666E+02
       256   -0.11932E+02   -0.76821E+00   -0.36997E+01    0.13223E+02
       257   -0.12850E+02   -0.76083E+00   -0.33636E+01    0.13780E+02
       258   -0.13682E+02   -0.75269E+00   -0.30274E+01    0.14317E+02
       259   -0.14427E+02   -0.74461E+00   -0.26909E+01    0.14821E+02
       260   -0.15084E+02   -0.73670E+00   -0.23543E+01    0.15284E+02
       261   -0.15655E+02   -0.72890E+00   -0.20177E+01    0.15698E+02
       262   -0.16140E+02   -0.72113E+00   -0.16810E+01    0.16057E+02
       263   -0.16537E+02   -0.71339E+00   -0.13443E+01    0.16359E+02
       264   -0.16848E+02   -0.70565E+00   -0.10076E+01    0.16598E+02
       265   -0.17072E+02   -0.69791E+00   -0.67092E+00    0.16774E+02
       266   -0.17209E+02   -0.69016E+00   -0.33423E+00    0.16884E+02
       267   -0.17260E+02   -0.68242E+00    0.24519E-02    0.16929E+02
       268   -0.17223E+02   -0.67468E+00    0.33914E+00    0.16906E+02
       269   -0.17101E+02   -0.66694E+00    0.67582E+00    0.16818E+02
       270   -0.16891E+02   -0.65919E+00    0.10125E+01    0.16664E+02
       271   -0.16595E+02   -0.65145E+00    0.13492E+01    0.16446E+02
       272   -0.16212E+02   -0.64371E+00    0.16859E+01    0.16166E+02
       273   -0.15742E+02   -0.63598E+00    0.20226E+01    0.15826E+02
       274   -0.15186E+02   -0.62832E+00    0.23592E+01    0.15432E+02
       275   -0.14542E+02   -0.62081E+00    0.26958E+01    0.14988E+02
       276   -0.13812E+02   -0.61355E+00    0.30323E+01    0.14500E+02
       277   -0.12995E+02   -0.60647E+00    0.33686E+01    0.13978E+02
       278   -0.12089E+02   -0.59853E+00    0.37047E+01    0.13433E+02
       279   -0.11097E+02   -0.58579E+00    0.40418E+01    0.12884E+02
       280   -0.10022E+02   -0.55756E+00    0.43836E+01    0.12362E+02
       281   -0.88809E+01   -0.49301E+00    0.47409E+01    0.11923E+02
       282   -0.77094E+01   -0.37101E+00    0.51397E+01    0.11660E+02
       283   -0.65592E+01   -0.22900E+00    0.56248E+01    0.11683E+02
       284   -0.54201E+01   -0.32135E+00    0.62156E+01    0.11985E+02
       285   -0.40494E+01   -0.13257E+01    0.66758E+01    0.12103E+02
       286   -0.20403E+01   -0.41047E+01    0.58641E+01    0.10761E+02
       287   -0.12942E+01   -0.67243E+01    0.45183E+01    0.99717E+01
       288   -0.16011E+01   -0.90837E+01   -0.56045E+01    0.12836E+02
       289   -0.17337E+01   -0.45746E+01   -0.62553E+01    0.11549E+02
       290   -0.25242E+01   -0.14313E+01   -0.68190E+01    0.12013E+02
       291   -0.29057E+01   -0.47883E+00   -0.63435E+01    0.11314E+02
       292   -0.32678E+01   -0.41190E+00   -0.58065E+01    0.10519E+02
       293   -0.37459E+01   -0.53372E+00   -0.53512E+01    0.99108E+01
       294   -0.43001E+01   -0.62799E+00   -0.49560E+01    0.94800E+01
       295   -0.48686E+01   -0.67044E+00   -0.45893E+01    0.91692E+01
       296   -0.54143E+01   -0.68125E+00   -0.42332E+01    0.89360E+01
       297   -0.59216E+01   -0.67840E+00   -0.38802E+01    0.87565E+01
       298   -0.63856E+01   -0.67111E+00   -0.35277E+01    0.86183E+01
       299   -0.68056E+01   -0.66292E+00   -0.31751E+01    0.85139E+01
       300   -0.71817E+01   -0.65480E+00   -0.28223E+01    0.84379E+01
       301   -0.75142E+01   -0.64686E+00   -0.24694E+01    0.83854E+01
       302   -0.78033E+01   -0.63904E+00   -0.21164E+01    0.83517E+01
       303   -0.80490E+01   -0.63128E+00   -0.17635E+01    0.83327E+01
       304   -0.82513E+01   -0.62353E+00   -0.14105E+01    0.83245E+01
       305   -0.84103E+01   -0.61579E+00   -0.10576E+01    0.83240E+01
       306   -0.85259E+01   -0.60805E+00   -0.70466E+00    0.83287E+01
       307   -0.85982E+01   -0.60031E+00   -0.35172E+00    0.83366E+01
       308   -0.86271E+01   -0.59257E+00    0.12259E-02    0.83466E+01
       309   -0.86126E+01   -0.58482E+00    0.35417E+00    0.83582E+01
       310   -0.85548E+01   -0.57708E+00    0.70711E+00    0.83715E+01
       311   -0.84537E+01   -0.56933E+00    0.10601E+01    0.83873E+01
       312   -0.83091E+01   -0.56159E+00    0.14130E+01    0.84072E+01
       313   -0.81213E+01   -0.55385E+00    0.17659E+01    0.84332E+01
       314   -0.78900E+01   -0.54613E+00    0.21189E+01    0.84682E+01
       315   -0.76154E+01   -0.53848E+00    0.24718E+01    0.85155E+01
       316   -0.72973E+01   -0.53098E+00    0.28247E+01    0.85788E+01
       317   -0.69356E+01   -0.52374E+00    0.31776E+01    0.86623E+01
       318   -0.65298E+01   -0.51667E+00    0.35304E+01    0.87705E+01
       319   -0.60797E+01   -0.50866E+00    0.38831E+01    0.89087E+01
       320   -0.55859E+01   -0.49547E+00    0.42363E+01    0.90841E+01
       321   -0.50540E+01   -0.46558E+00    0.45918E+01    0.93091E+01
       322   -0.45033E+01   -0.39582E+00    0.49551E+01    0.96080E+01
       323   -0.39808E+01   -0.26002E+00    0.53438E+01    0.10027E+02
       324   -0.35618E+01   -0.92116E-01    0.57999E+01    0.10643E+02
       325   -0.32661E+01   -0.17568E+00    0.63765E+01    0.11494E+02
       326   -0.28122E+01   -0.13433E+01    0.69318E+01    0.12251E+02
       327   -0.15273E+01   -0.48850E+01    0.63373E+01    0.11799E+02
       328   -0.12161E+01   -0.86024E+01    0.50458E+01    0.11891E+02
       329   -0.15888E+01   -0.11131E+02   -0.61138E+01    0.14862E+02
       330   -0.11878E+01   -0.52793E+01   -0.65211E+01    0.12271E+02
       331   -0.11844E+01   -0.14146E+01   -0.68279E+01    0.11899E+02
       332   -0.68220E+00   -0.34099E+00   -0.63001E+01    0.10928E+02
       333   -0.24503E+00   -0.28218E+00   -0.58062E+01    0.10060E+02
       334   -0.13396E-01   -0.42311E+00   -0.53941E+01    0.93522E+01
       335    0.74367E-01   -0.52861E+00   -0.50199E+01    0.87134E+01
       336    0.94704E-01   -0.57589E+00   -0.46582E+01    0.80927E+01
       337    0.91462E-01   -0.58833E+00   -0.42997E+01    0.74746E+01
       338    0.82646E-01   -0.58589E+00   -0.39416E+01    0.68562E+01
       339    0.73699E-01   -0.57864E+00   -0.35835E+01    0.62375E+01
       340    0.65535E-01   -0.57041E+00   -0.32252E+01    0.56190E+01
       341    0.57930E-01   -0.56225E+00   -0.28669E+01    0.50009E+01
       342    0.50589E-01   -0.55430E+00   -0.25085E+01    0.43836E+01
       343    0.43343E-01   -0.54648E+00   -0.21502E+01    0.37675E+01
       344    0.36121E-01   -0.53871E+00   -0.17918E+01    0.31532E+01
       345    0.28901E-01   -0.53097E+00   -0.14335E+01    0.25421E+01
       346    0.21678E-01   -0.52323E+00   -0.10751E+01    0.19373E+01
       347    0.14453E-01   -0.51548E+00   -0.71673E+00    0.13470E+01
       348    0.72265E-02   -0.50774E+00   -0.35836E+00    0.80424E+00
       349    0.10307E-06   -0.50000E+00    0.31703E-07    0.50000E+00
       350   -0.72265E-02   -0.49226E+00    0.35836E+00    0.78999E+00
       351   -0.14454E-01   -0.48451E+00    0.71673E+00    0.13301E+01
       352   -0.21682E-01   -0.47677E+00    0.10751E+01    0.19196E+01
       353   -0.28912E-01   -0.46902E+00    0.14335E+01    0.25242E+01
       354   -0.36146E-01   -0.46128E+00    0.17918E+01    0.31352E+01
       355   -0.43380E-01   -0.45356E+00    0.21502E+01    0.37494E+01
       356   -0.50589E-01   -0.44591E+00    0.25085E+01    0.43655E+01
       357   -0.57694E-01   -0.43841E+00    0.28669E+01    0.49828E+01
       358   -0.64500E-01   -0.43116E+00    0.32253E+01    0.56009E+01
       359   -0.70640E-01   -0.42408E+00    0.35838E+01    0.62197E+01
       360   -0.75758E-01   -0.41606E+00    0.39423E+01    0.68390E+01
       361   -0.80612E-01   -0.40288E+00    0.43007E+01    0.74582E+01
       362   -0.90851E-01   -0.37288E+00    0.46585E+01    0.80759E+01
       363   -0.12665E+00   -0.30172E+00    0.50157E+01    0.86913E+01
       364   -0.24036E+00   -0.15826E+00    0.53784E+01    0.93181E+01
       365   -0.52704E+00    0.33333E-01    0.57814E+01    0.10029E+02
       366   -0.10478E+01   -0.23194E-01    0.63110E+01    0.10980E+02
       367   -0.15156E+01   -0.13138E+01    0.69505E+01    0.12123E+02
       368   -0.98273E+00   -0.56496E+01    0.66599E+01    0.12665E+02
       369   -0.11485E+01   -0.10632E+02    0.54925E+01    0.13880E+02
       370   -0.15479E+01   -0.13289E+02   -0.65445E+01    0.16939E+02
       371   -0.56046E+00   -0.59414E+01   -0.66179E+01    0.12794E+02
       372    0.25181E+00   -0.13572E+01   -0.65990E+01    0.11528E+02
       373    0.16193E+01   -0.20456E+00   -0.60423E+01    0.10608E+02
       374    0.28205E+01   -0.16627E+00   -0.56203E+01    0.10160E+02
       375    0.37363E+01   -0.32299E+00   -0.52709E+01    0.99306E+01
       376    0.44537E+01   -0.43437E+00   -0.49314E+01    0.97425E+01
       377    0.50587E+01   -0.48319E+00   -0.45862E+01    0.95587E+01
       378    0.55969E+01   -0.49588E+00   -0.42361E+01    0.93905E+01
       379    0.60865E+01   -0.49340E+00   -0.38839E+01    0.92491E+01
       380    0.65328E+01   -0.48611E+00   -0.35309E+01    0.91374E+01
       381    0.69366E+01   -0.47786E+00   -0.31778E+01    0.90529E+01
       382    0.72975E+01   -0.46969E+00   -0.28248E+01    0.89912E+01
       383    0.76154E+01   -0.46173E+00   -0.24718E+01    0.89473E+01
       384    0.78900E+01   -0.45391E+00   -0.21189E+01    0.89167E+01
       385    0.81212E+01   -0.44615E+00   -0.17659E+01    0.88956E+01
       386    0.83091E+01   -0.43840E+00   -0.14130E+01    0.88807E+01
       387    0.84537E+01   -0.43066E+00   -0.10601E+01    0.88691E+01
       388    0.85548E+01   -0.42292E+00   -0.70711E+00    0.88590E+01
       389    0.86126E+01   -0.41518E+00   -0.35417E+00    0.88488E+01
       390    0.86271E+01   -0.40743E+00   -0.12259E-02    0.88379E+01
       391    0.85982E+01   -0.39969E+00    0.35172E+00    0.88259E+01
       392    0.85259E+01   -0.39195E+00    0.70466E+00    0.88134E+01
       393    0.84103E+01   -0.38420E+00    0.10576E+01    0.88016E+01
       394    0.82513E+01   -0.37646E+00    0.14105E+01    0.87921E+01
       395    0.80490E+01   -0.36872E+00    0.17635E+01    0.87874E+01
       396    0.78033E+01   -0.36100E+00    0.21164E+01    0.87907E+01
       397    0.75142E+01   -0.35334E+00    0.24694E+01    0.88055E+01
       398    0.71819E+01   -0.34582E+00    0.28224E+01    0.88363E+01
       399    0.68065E+01   -0.33854E+00    0.31755E+01    0.88881E+01
       400    0.63883E+01   -0.33141E+00    0.35288E+01    0.89663E+01
       401    0.59277E+01   -0.32345E+00    0.38822E+01    0.90760E+01
       402    0.54241E+01   -0.31072E+00    0.42350E+01    0.92200E+01
       403    0.48726E+01   -0.28220E+00    0.45845E+01    0.93941E+01
       404    0.42548E+01   -0.21380E+00    0.49245E+01    0.95819E+01
       405    0.35192E+01   -0.70409E-01    0.52490E+01    0.97618E+01
       406    0.25583E+01    0.13925E+00    0.55784E+01    0.99781E+01
       407    0.12610E+01    0.12784E+00    0.60246E+01    0.10504E+02
       408   -0.12633E+00   -0.12295E+01    0.67221E+01    0.11702E+02
       409   -0.38641E+00   -0.63646E+01    0.68211E+01    0.13333E+02
       410   -0.10835E+01   -0.12776E+02    0.58567E+01    0.15920E+02
       411   -0.14335E+01   -0.15519E+02   -0.68799E+01    0.19043E+02
       412    0.19649E+00   -0.65271E+01   -0.65321E+01    0.13112E+02
       413    0.18256E+01   -0.12551E+01   -0.61288E+01    0.10949E+02
       414    0.40217E+01   -0.76458E-01   -0.55794E+01    0.10482E+02
       415    0.59396E+01   -0.70197E-01   -0.52582E+01    0.10892E+02
       416    0.75094E+01   -0.23742E+00   -0.49867E+01    0.11525E+02
       417    0.88432E+01   -0.34835E+00   -0.46926E+01    0.12144E+02
       418    0.10028E+02   -0.39512E+00   -0.43740E+01    0.12731E+02
       419    0.11107E+02   -0.40658E+00   -0.40427E+01    0.13307E+02
       420    0.12095E+02   -0.40364E+00   -0.37069E+01    0.13877E+02
       421    0.12997E+02   -0.39623E+00   -0.33699E+01    0.14433E+02
       422    0.13813E+02   -0.38797E+00   -0.30329E+01    0.14963E+02
       423    0.14543E+02   -0.37981E+00   -0.26960E+01    0.15458E+02
       424    0.15186E+02   -0.37187E+00   -0.23593E+01    0.15909E+02
       425    0.15742E+02   -0.36405E+00   -0.20226E+01    0.16308E+02
       426    0.16212E+02   -0.35629E+00   -0.16859E+01    0.16651E+02
       427    0.16595E+02   -0.34854E+00   -0.13492E+01    0.16934E+02
       428    0.16891E+02   -0.34080E+00   -0.10125E+01    0.17154E+02
       429    0.17101E+02   -0.33306E+00   -0.67582E+00    0.17309E+02
       430    0.17223E+02   -0.32532E+00   -0.33914E+00    0.17398E+02
       431    0.17260E+02   -0.31758E+00   -0.24518E-02    0.17421E+02
       432    0.17209E+02   -0.30983E+00    0.33423E+00    0.17376E+02
       433    0.17072E+02   -0.30209E+00    0.67091E+00    0.17264E+02
       434    0.16848E+02   -0.29435E+00    0.10076E+01    0.17086E+02
       435    0.16537E+02   -0.28660E+00    0.13443E+01    0.16844E+02
       436    0.16140E+02   -0.27886E+00    0.16810E+01    0.16539E+02
       437    0.15655E+02   -0.27114E+00    0.20176E+01    0.16175E+02
       438    0.15084E+02   -0.26346E+00    0.23544E+01    0.15755E+02
       439    0.14427E+02   -0.25591E+00    0.26911E+01    0.15285E+02
       440    0.13683E+02   -0.24857E+00    0.30281E+01    0.14771E+02
       441    0.12853E+02   -0.24139E+00    0.33653E+01    0.14224E+02
       442    0.11936E+02   -0.23352E+00    0.37027E+01    0.13655E+02
       443    0.10934E+02   -0.22161E+00    0.40391E+01    0.13075E+02
       444    0.98417E+01   -0.19598E+00    0.43700E+01    0.12495E+02
       445    0.86459E+01   -0.13442E+00    0.46839E+01    0.11906E+02
       446    0.73027E+01   -0.10110E-04    0.49614E+01    0.11277E+02
       447    0.57045E+01    0.21754E+00    0.52022E+01    0.10608E+02
       448    0.36885E+01    0.26576E+00    0.55271E+01    0.10215E+02
       449    0.14017E+01   -0.10861E+01    0.62366E+01    0.11016E+02
       450    0.29420E+00   -0.69929E+01    0.68033E+01    0.13780E+02
       451   -0.10069E+01   -0.14992E+02    0.61310E+01    0.17985E+02
       452   -0.11679E+01   -0.17778E+02   -0.70865E+01    0.21150E+02
       453    0.11555E+01   -0.70018E+01   -0.62450E+01    0.13246E+02
       454    0.35895E+01   -0.11075E+01   -0.54184E+01    0.10304E+02
       455    0.65474E+01    0.34655E-01   -0.49262E+01    0.10744E+02
       456    0.91192E+01    0.45215E-03   -0.47315E+01    0.12260E+02
       457    0.11310E+02   -0.16955E+00   -0.45473E+01    0.13852E+02
       458    0.13247E+02   -0.27305E+00   -0.43054E+01    0.15323E+02
       459    0.15009E+02   -0.31419E+00   -0.40219E+01    0.16692E+02
       460    0.16628E+02   -0.32308E+00   -0.37194E+01    0.17985E+02
       461    0.18115E+02   -0.31928E+00   -0.34106E+01    0.19208E+02
       462    0.19472E+02   -0.31170E+00   -0.31004E+01    0.20351E+02
       463    0.20700E+02   -0.30345E+00   -0.27903E+01    0.21406E+02
       464    0.21798E+02   -0.29534E+00   -0.24805E+01    0.22364E+02
       465    0.22767E+02   -0.28742E+00   -0.21708E+01    0.23218E+02
       466    0.23605E+02   -0.27961E+00   -0.18612E+01    0.23964E+02
       467    0.24313E+02   -0.27185E+00   -0.15516E+01    0.24597E+02
       468    0.24891E+02   -0.26411E+00   -0.12420E+01    0.25117E+02
       469    0.25339E+02   -0.25637E+00   -0.93243E+00    0.25520E+02
       470    0.25657E+02   -0.24863E+00   -0.62285E+00    0.25805E+02
       471    0.25845E+02   -0.24088E+00   -0.31326E+00    0.25972E+02
       472    0.25903E+02   -0.23314E+00   -0.36778E-02    0.26020E+02
       473    0.25831E+02   -0.22540E+00    0.30591E+00    0.25950E+02
       474    0.25628E+02   -0.21765E+00    0.61549E+00    0.25760E+02
       475    0.25296E+02   -0.20991E+00    0.92507E+00    0.25452E+02
       476    0.24833E+02   -0.20217E+00    0.12347E+01    0.25027E+02
       477    0.24241E+02   -0.19443E+00    0.15442E+01    0.24485E+02
       478    0.23518E+02   -0.18670E+00    0.18538E+01    0.23829E+02
       479    0.22665E+02   -0.17901E+00    0.21634E+01    0.23062E+02
       480    0.21683E+02   -0.17142E+00    0.24731E+01    0.22186E+02
       481    0.20570E+02   -0.16400E+00    0.27831E+01    0.21208E+02
       482    0.19327E+02   -0.15672E+00    0.30933E+01    0.20132E+02
       483    0.17955E+02   -0.14896E+00    0.34039E+01    0.18970E+02
       484    0.16454E+02   -0.13812E+00    0.37132E+01    0.17731E+02
       485    0.14821E+02   -0.11641E+00    0.40156E+01    0.16425E+02
       486    0.13051E+02   -0.65129E-01    0.42954E+01    0.15051E+02
       487    0.11113E+02    0.51030E-01    0.45217E+01    0.13574E+02
       488    0.89168E+01    0.26093E+00    0.46674E+01    0.11942E+02
       489    0.62632E+01    0.37473E+00    0.48354E+01    0.10352E+02
       490    0.31324E+01   -0.88455E+00    0.54861E+01    0.10181E+02
       491    0.11079E+01   -0.74936E+01    0.65802E+01    0.13985E+02
       492   -0.89643E+00   -0.17236E+02    0.62989E+01    0.20036E+02
       493   -0.61468E+00   -0.20020E+02   -0.71034E+01    0.23243E+02
       494    0.24262E+01   -0.73317E+01   -0.57340E+01    0.13269E+02
       495    0.56086E+01   -0.91843E+00   -0.44786E+01    0.98806E+01
       496    0.92150E+01    0.11867E+00   -0.41052E+01    0.11593E+02
       497    0.12361E+02    0.41203E-01   -0.40542E+01    0.14199E+02
       498    0.15138E+02   -0.12126E+00   -0.39583E+01    0.16674E+02
       499    0.17669E+02   -0.21026E+00   -0.37715E+01    0.18937E+02
       500    0.20005E+02   -0.24266E+00   -0.35302E+01    0.21036E+02
       501    0.22164E+02   -0.24790E+00   -0.32661E+01    0.22996E+02
       502    0.24150E+02   -0.24300E+00   -0.29950E+01    0.24821E+02
       503    0.25963E+02   -0.23523E+00   -0.27225E+01    0.26505E+02
       504    0.27604E+02   -0.22703E+00   -0.24502E+01    0.28041E+02
       505    0.29070E+02   -0.21898E+00   -0.21782E+01    0.29423E+02
       506    0.30364E+02   -0.21109E+00   -0.19064E+01    0.30648E+02
       507    0.31484E+02   -0.20330E+00   -0.16348E+01    0.31713E+02
       508    0.32431E+02   -0.19555E+00   -0.13631E+01    0.32615E+02
       509    0.33204E+02   -0.18780E+00   -0.10915E+01    0.33352E+02
       510    0.33804E+02   -0.18006E+00   -0.81984E+00    0.33924E+02
       511    0.34230E+02   -0.17232E+00   -0.54819E+00    0.34330E+02
       512    0.34483E+02   -0.16458E+00   -0.27655E+00    0.34569E+02
       513    0.34563E+02   -0.15683E+00   -0.49037E-02    0.34641E+02
       514    0.34469E+02   -0.14909E+00    0.26674E+00    0.34547E+02
       515    0.34201E+02   -0.14135E+00    0.53839E+00    0.34285E+02
       516    0.33760E+02   -0.13360E+00    0.81003E+00    0.33857E+02
       517    0.33146E+02   -0.12586E+00    0.10817E+01    0.33262E+02
       518    0.32359E+02   -0.11812E+00    0.13533E+01    0.32502E+02
       519    0.31397E+02   -0.11039E+00    0.16250E+01    0.31578E+02
       520    0.30263E+02   -0.10268E+00    0.18966E+01    0.30492E+02
       521    0.28955E+02   -0.95043E-01    0.21684E+01    0.29245E+02
       522    0.27473E+02   -0.87534E-01    0.24404E+01    0.27840E+02
       523    0.25818E+02   -0.80146E-01    0.27128E+01    0.26282E+02
       524    0.23990E+02   -0.72479E-01    0.29856E+01    0.24577E+02
       525    0.21989E+02   -0.62759E-01    0.32572E+01    0.22732E+02
       526    0.19817E+02   -0.45490E-01    0.35214E+01    0.20756E+02
       527    0.17472E+02   -0.67367E-02    0.37606E+01    0.18650E+02
       528    0.14948E+02    0.82966E-01    0.39354E+01    0.16391E+02
       529    0.12193E+02    0.26449E+00    0.39906E+01    0.13903E+02
       530    0.90091E+01    0.43412E+00    0.39776E+01    0.11176E+02
       531    0.51536E+01   -0.63395E+00    0.44690E+01    0.94944E+01
       532    0.21267E+01   -0.78221E+01    0.61121E+01    0.13943E+02
       533   -0.71935E+00   -0.19452E+02    0.63304E+01    0.22026E+02
       534    0.46738E+00   -0.22184E+02   -0.68230E+01    0.25345E+02
       535    0.41750E+01   -0.74859E+01   -0.49741E+01    0.13377E+02
       536    0.79603E+01   -0.69794E+00   -0.33378E+01    0.10141E+02
       537    0.12034E+02    0.16486E+00   -0.31485E+01    0.13138E+02
       538    0.15660E+02    0.49623E-01   -0.32415E+01    0.16613E+02
       539    0.18993E+02   -0.92905E-01   -0.32244E+01    0.19842E+02
       540    0.22110E+02   -0.16112E+00   -0.30918E+01    0.22828E+02
       541    0.25021E+02   -0.18254E+00   -0.28989E+01    0.25610E+02
       542    0.27721E+02   -0.18356E+00   -0.26827E+01    0.28199E+02
       543    0.30207E+02   -0.17748E+00   -0.24599E+01    0.30594E+02
       544    0.32476E+02   -0.16956E+00   -0.22360E+01    0.32791E+02
       545    0.34529E+02   -0.16143E+00   -0.20124E+01    0.34785E+02
       546    0.36364E+02   -0.15345E+00   -0.17892E+01    0.36573E+02
       547    0.37983E+02   -0.14561E+00   -0.15662E+01    0.38153E+02
       548    0.39385E+02   -0.13783E+00   -0.13433E+01    0.39523E+02
       549    0.40570E+02   -0.13008E+00   -0.11205E+01    0.40682E+02
       550    0.41538E+02   -0.12234E+00   -0.89759E+00    0.41629E+02
       551    0.42290E+02   -0.11459E+00   -0.67473E+00    0.42364E+02
       552    0.42825E+02   -0.10685E+00   -0.45186E+00    0.42885E+02
       553    0.43143E+02   -0.99110E-01   -0.22900E+00    0.43194E+02
       554    0.43244E+02   -0.91368E-01   -0.61296E-02    0.43290E+02
       555    0.43128E+02   -0.83625E-01    0.21674E+00    0.43172E+02
       556    0.42796E+02   -0.75882E-01    0.43960E+00    0.42841E+02
       557    0.42247E+02   -0.68139E-01    0.66247E+00    0.42296E+02
       558    0.41481E+02   -0.60395E-01    0.88533E+00    0.41539E+02
       559    0.40498E+02   -0.52653E-01    0.11082E+01    0.40570E+02
       560    0.39298E+02   -0.44914E-01    0.13311E+01    0.39388E+02
       561    0.37882E+02   -0.37192E-01    0.15540E+01    0.37996E+02
       562    0.36249E+02   -0.29510E-01    0.17769E+01    0.36394E+02
       563    0.34398E+02   -0.21905E-01    0.20001E+01    0.34583E+02
       564    0.32331E+02   -0.14388E-01    0.22238E+01    0.32567E+02
       565    0.30047E+02   -0.67569E-02    0.24478E+01    0.30348E+02
       566    0.27546E+02    0.19578E-02    0.26709E+01    0.27931E+02
       567    0.24832E+02    0.14915E-01    0.28874E+01    0.25323E+02
       568    0.21913E+02    0.40567E-01    0.30799E+01    0.22534E+02
       569    0.18807E+02    0.98614E-01    0.32062E+01    0.19563E+02
       570    0.15522E+02    0.22823E+00    0.31895E+01    0.16369E+02
       571    0.11937E+02    0.41840E+00    0.29969E+01    0.12830E+02
       572    0.75875E+01   -0.35671E+00    0.31980E+01    0.95439E+01
       573    0.34558E+01   -0.79296E+01    0.53399E+01    0.13703E+02
       574   -0.42939E+00   -0.21575E+02    0.61752E+01    0.23891E+02
       575    0.25135E+01   -0.24193E+02   -0.60610E+01    0.27616E+02
       576    0.66583E+01   -0.74413E+01   -0.39463E+01    0.13999E+02
       577    0.10731E+02   -0.46366E+00   -0.20542E+01    0.11532E+02
       578    0.14997E+02    0.16357E+00   -0.20995E+01    0.15353E+02
       579    0.19002E+02    0.26634E-01   -0.23085E+01    0.19405E+02
       580    0.22870E+02   -0.82957E-01   -0.23487E+01    0.23270E+02
       581    0.26573E+02   -0.12608E+00   -0.22662E+01    0.26924E+02
       582    0.30061E+02   -0.13573E+00   -0.21275E+01    0.30354E+02
       583    0.33304E+02   -0.13256E+00   -0.19690E+01    0.33545E+02
       584    0.36290E+02   -0.12541E+00   -0.18052E+01    0.36487E+02
       585    0.39016E+02   -0.11739E+00   -0.16409E+01    0.39178E+02
       586    0.41481E+02   -0.10937E+00   -0.14770E+01    0.41614E+02
       587    0.43685E+02   -0.10147E+00   -0.13134E+01    0.43795E+02
       588    0.45629E+02   -0.93669E-01   -0.11501E+01    0.45719E+02
       589    0.47313E+02   -0.85908E-01   -0.98683E+00    0.47387E+02
       590    0.48737E+02   -0.78162E-01   -0.82358E+00    0.48796E+02
       591    0.49900E+02   -0.70420E-01   -0.66034E+00    0.49948E+02
       592    0.50803E+02   -0.62678E-01   -0.49709E+00    0.50842E+02
       593    0.51446E+02   -0.54936E-01   -0.33385E+00    0.51477E+02
       594    0.51829E+02   -0.47193E-01   -0.17060E+00    0.51854E+02
       595    0.51952E+02   -0.39451E-01   -0.73556E-02    0.51972E+02
       596    0.51815E+02   -0.31708E-01    0.15589E+00    0.51832E+02
       597    0.51418E+02   -0.23965E-01    0.31914E+00    0.51432E+02
       598    0.50760E+02   -0.16222E-01    0.48238E+00    0.50775E+02
       599    0.49842E+02   -0.84792E-02    0.64563E+00    0.49859E+02
       600    0.48664E+02   -0.73638E-03    0.80887E+00    0.48685E+02
       601    0.47226E+02    0.70050E-02    0.97212E+00    0.47253E+02
       602    0.45528E+02    0.14741E-01    0.11354E+01    0.45563E+02
       603    0.43569E+02    0.22463E-01    0.12987E+01    0.43616E+02
       604    0.41351E+02    0.30156E-01    0.14623E+01    0.41413E+02
       605    0.38871E+02    0.37812E-01    0.16261E+01    0.38954E+02
       606    0.36130E+02    0.45489E-01    0.17905E+01    0.36241E+02
       607    0.33130E+02    0.53504E-01    0.19543E+01    0.33275E+02
       608    0.29873E+02    0.62947E-01    0.21133E+01    0.30065E+02
       609    0.26377E+02    0.76895E-01    0.22530E+01    0.26626E+02
       610    0.22685E+02    0.10320E+00    0.23357E+01    0.22992E+02
       611    0.18881E+02    0.16125E+00    0.22787E+01    0.19211E+02
       612    0.15024E+02    0.29802E+00    0.19567E+01    0.15258E+02
       613    0.10607E+02   -0.95670E-01    0.17152E+01    0.11061E+02
       614    0.52498E+01   -0.77632E+01    0.41743E+01    0.13448E+02
       615    0.34197E-01   -0.23516E+02    0.57543E+01    0.25557E+02
       616    0.63243E+01   -0.25939E+02   -0.45001E+01    0.30621E+02
       617    0.10276E+02   -0.71906E+01   -0.26549E+01    0.15885E+02
       618    0.14002E+02   -0.24163E+00   -0.73551E+00    0.14182E+02
       619    0.18066E+02    0.10925E+00   -0.10124E+01    0.18097E+02
       620    0.22359E+02   -0.21801E-01   -0.12670E+01    0.22477E+02
       621    0.26761E+02   -0.87882E-01   -0.13311E+01    0.26904E+02
       622    0.31061E+02   -0.10517E+00   -0.12933E+01    0.31194E+02
       623    0.35132E+02   -0.10409E+00   -0.12153E+01    0.35247E+02
       624    0.38919E+02   -0.97444E-01   -0.11245E+01    0.39017E+02
       625    0.42406E+02   -0.89515E-01   -0.10309E+01    0.42489E+02
       626    0.45588E+02   -0.81486E-01   -0.93720E+00    0.45658E+02
       627    0.48466E+02   -0.73576E-01   -0.84393E+00    0.48524E+02
       628    0.51039E+02   -0.65761E-01   -0.75095E+00    0.51088E+02
       629    0.53308E+02   -0.57995E-01   -0.65810E+00    0.53349E+02
       630    0.55273E+02   -0.50247E-01   -0.56530E+00    0.55307E+02
       631    0.56935E+02   -0.42505E-01   -0.47252E+00    0.56963E+02
       632    0.58294E+02   -0.34763E-01   -0.37973E+00    0.58315E+02
       633    0.59349E+02   -0.27021E-01   -0.28695E+00    0.59365E+02
       634    0.60101E+02   -0.19278E-01   -0.19416E+00    0.60111E+02
       635    0.60549E+02   -0.11536E-01   -0.10137E+00    0.60555E+02
       636    0.60693E+02   -0.37932E-02   -0.85815E-02    0.60695E+02
       637    0.60534E+02    0.39495E-02    0.84207E-01    0.60532E+02
       638    0.60072E+02    0.11692E-01    0.17700E+00    0.60067E+02
       639    0.59306E+02    0.19435E-01    0.26978E+00    0.59298E+02
       640    0.58236E+02    0.27177E-01    0.36257E+00    0.58226E+02
       641    0.56863E+02    0.34920E-01    0.45536E+00    0.56851E+02
       642    0.55187E+02    0.42663E-01    0.54814E+00    0.55173E+02
       643    0.53207E+02    0.50407E-01    0.64094E+00    0.53193E+02
       644    0.50923E+02    0.58156E-01    0.73378E+00    0.50910E+02
       645    0.48335E+02    0.65919E-01    0.82673E+00    0.48324E+02
       646    0.45443E+02    0.73706E-01    0.91994E+00    0.45435E+02
       647    0.42247E+02    0.81519E-01    0.10135E+01    0.42242E+02
       648    0.38745E+02    0.89286E-01    0.11072E+01    0.38748E+02
       649    0.34944E+02    0.96652E-01    0.11985E+01    0.34957E+02
       650    0.30865E+02    0.10238E+00    0.12789E+01    0.30894E+02
       651    0.26577E+02    0.10283E+00    0.13225E+01    0.26625E+02
       652    0.22246E+02    0.88416E-01    0.12626E+01    0.22309E+02
       653    0.18179E+02    0.42675E-01    0.94424E+00    0.18231E+02
       654    0.14461E+02    0.74480E-01    0.12045E+00    0.14425E+02
       655    0.77345E+01   -0.72655E+01    0.24781E+01    0.13683E+02
       656    0.74031E+00   -0.25162E+02    0.49489E+01    0.26940E+02
       657    0.61919E+01   -0.39613E+02   -0.15480E+01    0.43128E+02
       658    0.11668E+02   -0.13705E+02   -0.14305E+01    0.22137E+02
       659    0.16267E+02    0.20505E+00    0.12869E+01    0.16319E+02
       660    0.19601E+02    0.51423E+00    0.43639E+00    0.19364E+02
       661    0.23916E+02    0.40236E+00    0.17234E+00    0.23719E+02
       662    0.28671E+02    0.38999E+00    0.23733E+00    0.28480E+02
       663    0.33414E+02    0.40995E+00    0.41009E+00    0.33219E+02
       664    0.37934E+02    0.43312E+00    0.60685E+00    0.37734E+02
       665    0.42147E+02    0.45336E+00    0.80046E+00    0.41945E+02
       666    0.46029E+02    0.47024E+00    0.98345E+00    0.45827E+02
       667    0.49575E+02    0.48422E+00    0.11545E+01    0.49376E+02
       668    0.52787E+02    0.49561E+00    0.13138E+01    0.52590E+02
       669    0.55664E+02    0.50454E+00    0.14616E+01    0.55471E+02
       670    0.58207E+02    0.51109E+00    0.15982E+01    0.58019E+02
       671    0.60417E+02    0.51525E+00    0.17236E+01    0.60236E+02
       672    0.62295E+02    0.51703E+00    0.18380E+01    0.62119E+02
       673    0.63839E+02    0.51644E+00    0.19412E+01    0.63671E+02
       674    0.65049E+02    0.51346E+00    0.20333E+01    0.64890E+02
       675    0.65927E+02    0.50810E+00    0.21142E+01    0.65777E+02
       676    0.66472E+02    0.50036E+00    0.21841E+01    0.66331E+02
       677    0.66683E+02    0.49023E+00    0.22428E+01    0.66553E+02
       678    0.66561E+02    0.47772E+00    0.22905E+01    0.66442E+02
       679    0.66107E+02    0.46283E+00    0.23270E+01    0.66000E+02
       680    0.65319E+02    0.44556E+00    0.23524E+01    0.65224E+02
       681    0.64197E+02    0.42591E+00    0.23666E+01    0.64117E+02
       682    0.62743E+02    0.40387E+00    0.23698E+01    0.62677E+02
       683    0.60956E+02    0.37945E+00    0.23618E+01    0.60905E+02
       684    0.58835E+02    0.35265E+00    0.23427E+01    0.58800E+02
       685    0.56382E+02    0.32346E+00    0.23126E+01    0.56363E+02
       686    0.53594E+02    0.29188E+00    0.22713E+01    0.53594E+02
       687    0.50473E+02    0.25790E+00    0.22190E+01    0.50491E+02
       688    0.47017E+02    0.22150E+00    0.21557E+01    0.47055E+02
       689    0.43226E+02    0.18274E+00    0.20811E+01    0.43285E+02
       690    0.39103E+02    0.14181E+00    0.19941E+01    0.39184E+02
       691    0.34669E+02    0.99421E-01    0.18910E+01    0.34774E+02
       692    0.29994E+02    0.57482E-01    0.17625E+01    0.30121E+02
       693    0.25273E+02    0.20130E-01    0.15883E+01    0.25413E+02
       694    0.20955E+02   -0.68289E-02    0.13350E+01    0.21085E+02
       695    0.17738E+02   -0.36308E-01    0.10165E+01    0.17843E+02
       696    0.13113E+02   -0.34533E+00    0.15957E+01    0.13573E+02
       697    0.35665E+01   -0.19482E+02    0.51461E+01    0.23263E+02
end 
