# vtk DataFile Version 2.0
MEF - Elasticidade Plana 2D
ASCII
DATASET UNSTRUCTURED_GRID
POINTS      697 float
  0.00000000E+00  0.10000000E+02  0.00000000E+00
  0.25000000E+01  0.10000000E+02  0.00000000E+00
  0.50000000E+01  0.10000000E+02  0.00000000E+00
  0.75000000E+01  0.10000000E+02  0.00000000E+00
  0.10000000E+02  0.10000000E+02  0.00000000E+00
  0.12500000E+02  0.10000000E+02  0.00000000E+00
  0.15000000E+02  0.10000000E+02  0.00000000E+00
  0.17500000E+02  0.10000000E+02  0.00000000E+00
  0.20000000E+02  0.10000000E+02  0.00000000E+00
  0.22500000E+02  0.10000000E+02  0.00000000E+00
  0.25000000E+02  0.10000000E+02  0.00000000E+00
  0.27500000E+02  0.10000000E+02  0.00000000E+00
  0.30000000E+02  0.10000000E+02  0.00000000E+00
  0.32500000E+02  0.10000000E+02  0.00000000E+00
  0.35000000E+02  0.10000000E+02  0.00000000E+00
  0.37500000E+02  0.10000000E+02  0.00000000E+00
  0.40000000E+02  0.10000000E+02  0.00000000E+00
  0.42500000E+02  0.10000000E+02  0.00000000E+00
  0.45000000E+02  0.10000000E+02  0.00000000E+00
  0.47500000E+02  0.10000000E+02  0.00000000E+00
  0.50000000E+02  0.10000000E+02  0.00000000E+00
  0.52500000E+02  0.10000000E+02  0.00000000E+00
  0.55000000E+02  0.10000000E+02  0.00000000E+00
  0.57500000E+02  0.10000000E+02  0.00000000E+00
  0.60000000E+02  0.10000000E+02  0.00000000E+00
  0.62500000E+02  0.10000000E+02  0.00000000E+00
  0.65000000E+02  0.10000000E+02  0.00000000E+00
  0.67500000E+02  0.10000000E+02  0.00000000E+00
  0.70000000E+02  0.10000000E+02  0.00000000E+00
  0.72500000E+02  0.10000000E+02  0.00000000E+00
  0.75000000E+02  0.10000000E+02  0.00000000E+00
  0.77500000E+02  0.10000000E+02  0.00000000E+00
  0.80000000E+02  0.10000000E+02  0.00000000E+00
  0.82500000E+02  0.10000000E+02  0.00000000E+00
  0.85000000E+02  0.10000000E+02  0.00000000E+00
  0.87500000E+02  0.10000000E+02  0.00000000E+00
  0.90000000E+02  0.10000000E+02  0.00000000E+00
  0.92500000E+02  0.10000000E+02  0.00000000E+00
  0.95000000E+02  0.10000000E+02  0.00000000E+00
  0.97500000E+02  0.10000000E+02  0.00000000E+00
  0.10000000E+03  0.10000000E+02  0.00000000E+00
  0.00000000E+00  0.93750000E+01  0.00000000E+00
  0.25000000E+01  0.93750000E+01  0.00000000E+00
  0.50000000E+01  0.93750000E+01  0.00000000E+00
  0.75000000E+01  0.93750000E+01  0.00000000E+00
  0.10000000E+02  0.93750000E+01  0.00000000E+00
  0.12500000E+02  0.93750000E+01  0.00000000E+00
  0.15000000E+02  0.93750000E+01  0.00000000E+00
  0.17500000E+02  0.93750000E+01  0.00000000E+00
  0.20000000E+02  0.93750000E+01  0.00000000E+00
  0.22500000E+02  0.93750000E+01  0.00000000E+00
  0.25000000E+02  0.93750000E+01  0.00000000E+00
  0.27500000E+02  0.93750000E+01  0.00000000E+00
  0.30000000E+02  0.93750000E+01  0.00000000E+00
  0.32500000E+02  0.93750000E+01  0.00000000E+00
  0.35000000E+02  0.93750000E+01  0.00000000E+00
  0.37500000E+02  0.93750000E+01  0.00000000E+00
  0.40000000E+02  0.93750000E+01  0.00000000E+00
  0.42500000E+02  0.93750000E+01  0.00000000E+00
  0.45000000E+02  0.93750000E+01  0.00000000E+00
  0.47500000E+02  0.93750000E+01  0.00000000E+00
  0.50000000E+02  0.93750000E+01  0.00000000E+00
  0.52500000E+02  0.93750000E+01  0.00000000E+00
  0.55000000E+02  0.93750000E+01  0.00000000E+00
  0.57500000E+02  0.93750000E+01  0.00000000E+00
  0.60000000E+02  0.93750000E+01  0.00000000E+00
  0.62500000E+02  0.93750000E+01  0.00000000E+00
  0.65000000E+02  0.93750000E+01  0.00000000E+00
  0.67500000E+02  0.93750000E+01  0.00000000E+00
  0.70000000E+02  0.93750000E+01  0.00000000E+00
  0.72500000E+02  0.93750000E+01  0.00000000E+00
  0.75000000E+02  0.93750000E+01  0.00000000E+00
  0.77500000E+02  0.93750000E+01  0.00000000E+00
  0.80000000E+02  0.93750000E+01  0.00000000E+00
  0.82500000E+02  0.93750000E+01  0.00000000E+00
  0.85000000E+02  0.93750000E+01  0.00000000E+00
  0.87500000E+02  0.93750000E+01  0.00000000E+00
  0.90000000E+02  0.93750000E+01  0.00000000E+00
  0.92500000E+02  0.93750000E+01  0.00000000E+00
  0.95000000E+02  0.93750000E+01  0.00000000E+00
  0.97500000E+02  0.93750000E+01  0.00000000E+00
  0.10000000E+03  0.93750000E+01  0.00000000E+00
  0.00000000E+00  0.87500000E+01  0.00000000E+00
  0.25000000E+01  0.87500000E+01  0.00000000E+00
  0.50000000E+01  0.87500000E+01  0.00000000E+00
  0.75000000E+01  0.87500000E+01  0.00000000E+00
  0.10000000E+02  0.87500000E+01  0.00000000E+00
  0.12500000E+02  0.87500000E+01  0.00000000E+00
  0.15000000E+02  0.87500000E+01  0.00000000E+00
  0.17500000E+02  0.87500000E+01  0.00000000E+00
  0.20000000E+02  0.87500000E+01  0.00000000E+00
  0.22500000E+02  0.87500000E+01  0.00000000E+00
  0.25000000E+02  0.87500000E+01  0.00000000E+00
  0.27500000E+02  0.87500000E+01  0.00000000E+00
  0.30000000E+02  0.87500000E+01  0.00000000E+00
  0.32500000E+02  0.87500000E+01  0.00000000E+00
  0.35000000E+02  0.87500000E+01  0.00000000E+00
  0.37500000E+02  0.87500000E+01  0.00000000E+00
  0.40000000E+02  0.87500000E+01  0.00000000E+00
  0.42500000E+02  0.87500000E+01  0.00000000E+00
  0.45000000E+02  0.87500000E+01  0.00000000E+00
  0.47500000E+02  0.87500000E+01  0.00000000E+00
  0.50000000E+02  0.87500000E+01  0.00000000E+00
  0.52500000E+02  0.87500000E+01  0.00000000E+00
  0.55000000E+02  0.87500000E+01  0.00000000E+00
  0.57500000E+02  0.87500000E+01  0.00000000E+00
  0.60000000E+02  0.87500000E+01  0.00000000E+00
  0.62500000E+02  0.87500000E+01  0.00000000E+00
  0.65000000E+02  0.87500000E+01  0.00000000E+00
  0.67500000E+02  0.87500000E+01  0.00000000E+00
  0.70000000E+02  0.87500000E+01  0.00000000E+00
  0.72500000E+02  0.87500000E+01  0.00000000E+00
  0.75000000E+02  0.87500000E+01  0.00000000E+00
  0.77500000E+02  0.87500000E+01  0.00000000E+00
  0.80000000E+02  0.87500000E+01  0.00000000E+00
  0.82500000E+02  0.87500000E+01  0.00000000E+00
  0.85000000E+02  0.87500000E+01  0.00000000E+00
  0.87500000E+02  0.87500000E+01  0.00000000E+00
  0.90000000E+02  0.87500000E+01  0.00000000E+00
  0.92500000E+02  0.87500000E+01  0.00000000E+00
  0.95000000E+02  0.87500000E+01  0.00000000E+00
  0.97500000E+02  0.87500000E+01  0.00000000E+00
  0.10000000E+03  0.87500000E+01  0.00000000E+00
  0.00000000E+00  0.81250000E+01  0.00000000E+00
  0.25000000E+01  0.81250000E+01  0.00000000E+00
  0.50000000E+01  0.81250000E+01  0.00000000E+00
  0.75000000E+01  0.81250000E+01  0.00000000E+00
  0.10000000E+02  0.81250000E+01  0.00000000E+00
  0.12500000E+02  0.81250000E+01  0.00000000E+00
  0.15000000E+02  0.81250000E+01  0.00000000E+00
  0.17500000E+02  0.81250000E+01  0.00000000E+00
  0.20000000E+02  0.81250000E+01  0.00000000E+00
  0.22500000E+02  0.81250000E+01  0.00000000E+00
  0.25000000E+02  0.81250000E+01  0.00000000E+00
  0.27500000E+02  0.81250000E+01  0.00000000E+00
  0.30000000E+02  0.81250000E+01  0.00000000E+00
  0.32500000E+02  0.81250000E+01  0.00000000E+00
  0.35000000E+02  0.81250000E+01  0.00000000E+00
  0.37500000E+02  0.81250000E+01  0.00000000E+00
  0.40000000E+02  0.81250000E+01  0.00000000E+00
  0.42500000E+02  0.81250000E+01  0.00000000E+00
  0.45000000E+02  0.81250000E+01  0.00000000E+00
  0.47500000E+02  0.81250000E+01  0.00000000E+00
  0.50000000E+02  0.81250000E+01  0.00000000E+00
  0.52500000E+02  0.81250000E+01  0.00000000E+00
  0.55000000E+02  0.81250000E+01  0.00000000E+00
  0.57500000E+02  0.81250000E+01  0.00000000E+00
  0.60000000E+02  0.81250000E+01  0.00000000E+00
  0.62500000E+02  0.81250000E+01  0.00000000E+00
  0.65000000E+02  0.81250000E+01  0.00000000E+00
  0.67500000E+02  0.81250000E+01  0.00000000E+00
  0.70000000E+02  0.81250000E+01  0.00000000E+00
  0.72500000E+02  0.81250000E+01  0.00000000E+00
  0.75000000E+02  0.81250000E+01  0.00000000E+00
  0.77500000E+02  0.81250000E+01  0.00000000E+00
  0.80000000E+02  0.81250000E+01  0.00000000E+00
  0.82500000E+02  0.81250000E+01  0.00000000E+00
  0.85000000E+02  0.81250000E+01  0.00000000E+00
  0.87500000E+02  0.81250000E+01  0.00000000E+00
  0.90000000E+02  0.81250000E+01  0.00000000E+00
  0.92500000E+02  0.81250000E+01  0.00000000E+00
  0.95000000E+02  0.81250000E+01  0.00000000E+00
  0.97500000E+02  0.81250000E+01  0.00000000E+00
  0.10000000E+03  0.81250000E+01  0.00000000E+00
  0.00000000E+00  0.75000000E+01  0.00000000E+00
  0.25000000E+01  0.75000000E+01  0.00000000E+00
  0.50000000E+01  0.75000000E+01  0.00000000E+00
  0.75000000E+01  0.75000000E+01  0.00000000E+00
  0.10000000E+02  0.75000000E+01  0.00000000E+00
  0.12500000E+02  0.75000000E+01  0.00000000E+00
  0.15000000E+02  0.75000000E+01  0.00000000E+00
  0.17500000E+02  0.75000000E+01  0.00000000E+00
  0.20000000E+02  0.75000000E+01  0.00000000E+00
  0.22500000E+02  0.75000000E+01  0.00000000E+00
  0.25000000E+02  0.75000000E+01  0.00000000E+00
  0.27500000E+02  0.75000000E+01  0.00000000E+00
  0.30000000E+02  0.75000000E+01  0.00000000E+00
  0.32500000E+02  0.75000000E+01  0.00000000E+00
  0.35000000E+02  0.75000000E+01  0.00000000E+00
  0.37500000E+02  0.75000000E+01  0.00000000E+00
  0.40000000E+02  0.75000000E+01  0.00000000E+00
  0.42500000E+02  0.75000000E+01  0.00000000E+00
  0.45000000E+02  0.75000000E+01  0.00000000E+00
  0.47500000E+02  0.75000000E+01  0.00000000E+00
  0.50000000E+02  0.75000000E+01  0.00000000E+00
  0.52500000E+02  0.75000000E+01  0.00000000E+00
  0.55000000E+02  0.75000000E+01  0.00000000E+00
  0.57500000E+02  0.75000000E+01  0.00000000E+00
  0.60000000E+02  0.75000000E+01  0.00000000E+00
  0.62500000E+02  0.75000000E+01  0.00000000E+00
  0.65000000E+02  0.75000000E+01  0.00000000E+00
  0.67500000E+02  0.75000000E+01  0.00000000E+00
  0.70000000E+02  0.75000000E+01  0.00000000E+00
  0.72500000E+02  0.75000000E+01  0.00000000E+00
  0.75000000E+02  0.75000000E+01  0.00000000E+00
  0.77500000E+02  0.75000000E+01  0.00000000E+00
  0.80000000E+02  0.75000000E+01  0.00000000E+00
  0.82500000E+02  0.75000000E+01  0.00000000E+00
  0.85000000E+02  0.75000000E+01  0.00000000E+00
  0.87500000E+02  0.75000000E+01  0.00000000E+00
  0.90000000E+02  0.75000000E+01  0.00000000E+00
  0.92500000E+02  0.75000000E+01  0.00000000E+00
  0.95000000E+02  0.75000000E+01  0.00000000E+00
  0.97500000E+02  0.75000000E+01  0.00000000E+00
  0.10000000E+03  0.75000000E+01  0.00000000E+00
  0.00000000E+00  0.68750000E+01  0.00000000E+00
  0.25000000E+01  0.68750000E+01  0.00000000E+00
  0.50000000E+01  0.68750000E+01  0.00000000E+00
  0.75000000E+01  0.68750000E+01  0.00000000E+00
  0.10000000E+02  0.68750000E+01  0.00000000E+00
  0.12500000E+02  0.68750000E+01  0.00000000E+00
  0.15000000E+02  0.68750000E+01  0.00000000E+00
  0.17500000E+02  0.68750000E+01  0.00000000E+00
  0.20000000E+02  0.68750000E+01  0.00000000E+00
  0.22500000E+02  0.68750000E+01  0.00000000E+00
  0.25000000E+02  0.68750000E+01  0.00000000E+00
  0.27500000E+02  0.68750000E+01  0.00000000E+00
  0.30000000E+02  0.68750000E+01  0.00000000E+00
  0.32500000E+02  0.68750000E+01  0.00000000E+00
  0.35000000E+02  0.68750000E+01  0.00000000E+00
  0.37500000E+02  0.68750000E+01  0.00000000E+00
  0.40000000E+02  0.68750000E+01  0.00000000E+00
  0.42500000E+02  0.68750000E+01  0.00000000E+00
  0.45000000E+02  0.68750000E+01  0.00000000E+00
  0.47500000E+02  0.68750000E+01  0.00000000E+00
  0.50000000E+02  0.68750000E+01  0.00000000E+00
  0.52500000E+02  0.68750000E+01  0.00000000E+00
  0.55000000E+02  0.68750000E+01  0.00000000E+00
  0.57500000E+02  0.68750000E+01  0.00000000E+00
  0.60000000E+02  0.68750000E+01  0.00000000E+00
  0.62500000E+02  0.68750000E+01  0.00000000E+00
  0.65000000E+02  0.68750000E+01  0.00000000E+00
  0.67500000E+02  0.68750000E+01  0.00000000E+00
  0.70000000E+02  0.68750000E+01  0.00000000E+00
  0.72500000E+02  0.68750000E+01  0.00000000E+00
  0.75000000E+02  0.68750000E+01  0.00000000E+00
  0.77500000E+02  0.68750000E+01  0.00000000E+00
  0.80000000E+02  0.68750000E+01  0.00000000E+00
  0.82500000E+02  0.68750000E+01  0.00000000E+00
  0.85000000E+02  0.68750000E+01  0.00000000E+00
  0.87500000E+02  0.68750000E+01  0.00000000E+00
  0.90000000E+02  0.68750000E+01  0.00000000E+00
  0.92500000E+02  0.68750000E+01  0.00000000E+00
  0.95000000E+02  0.68750000E+01  0.00000000E+00
  0.97500000E+02  0.68750000E+01  0.00000000E+00
  0.10000000E+03  0.68750000E+01  0.00000000E+00
  0.00000000E+00  0.62500000E+01  0.00000000E+00
  0.25000000E+01  0.62500000E+01  0.00000000E+00
  0.50000000E+01  0.62500000E+01  0.00000000E+00
  0.75000000E+01  0.62500000E+01  0.00000000E+00
  0.10000000E+02  0.62500000E+01  0.00000000E+00
  0.12500000E+02  0.62500000E+01  0.00000000E+00
  0.15000000E+02  0.62500000E+01  0.00000000E+00
  0.17500000E+02  0.62500000E+01  0.00000000E+00
  0.20000000E+02  0.62500000E+01  0.00000000E+00
  0.22500000E+02  0.62500000E+01  0.00000000E+00
  0.25000000E+02  0.62500000E+01  0.00000000E+00
  0.27500000E+02  0.62500000E+01  0.00000000E+00
  0.30000000E+02  0.62500000E+01  0.00000000E+00
  0.32500000E+02  0.62500000E+01  0.00000000E+00
  0.35000000E+02  0.62500000E+01  0.00000000E+00
  0.37500000E+02  0.62500000E+01  0.00000000E+00
  0.40000000E+02  0.62500000E+01  0.00000000E+00
  0.42500000E+02  0.62500000E+01  0.00000000E+00
  0.45000000E+02  0.62500000E+01  0.00000000E+00
  0.47500000E+02  0.62500000E+01  0.00000000E+00
  0.50000000E+02  0.62500000E+01  0.00000000E+00
  0.52500000E+02  0.62500000E+01  0.00000000E+00
  0.55000000E+02  0.62500000E+01  0.00000000E+00
  0.57500000E+02  0.62500000E+01  0.00000000E+00
  0.60000000E+02  0.62500000E+01  0.00000000E+00
  0.62500000E+02  0.62500000E+01  0.00000000E+00
  0.65000000E+02  0.62500000E+01  0.00000000E+00
  0.67500000E+02  0.62500000E+01  0.00000000E+00
  0.70000000E+02  0.62500000E+01  0.00000000E+00
  0.72500000E+02  0.62500000E+01  0.00000000E+00
  0.75000000E+02  0.62500000E+01  0.00000000E+00
  0.77500000E+02  0.62500000E+01  0.00000000E+00
  0.80000000E+02  0.62500000E+01  0.00000000E+00
  0.82500000E+02  0.62500000E+01  0.00000000E+00
  0.85000000E+02  0.62500000E+01  0.00000000E+00
  0.87500000E+02  0.62500000E+01  0.00000000E+00
  0.90000000E+02  0.62500000E+01  0.00000000E+00
  0.92500000E+02  0.62500000E+01  0.00000000E+00
  0.95000000E+02  0.62500000E+01  0.00000000E+00
  0.97500000E+02  0.62500000E+01  0.00000000E+00
  0.10000000E+03  0.62500000E+01  0.00000000E+00
  0.00000000E+00  0.56250000E+01  0.00000000E+00
  0.25000000E+01  0.56250000E+01  0.00000000E+00
  0.50000000E+01  0.56250000E+01  0.00000000E+00
  0.75000000E+01  0.56250000E+01  0.00000000E+00
  0.10000000E+02  0.56250000E+01  0.00000000E+00
  0.12500000E+02  0.56250000E+01  0.00000000E+00
  0.15000000E+02  0.56250000E+01  0.00000000E+00
  0.17500000E+02  0.56250000E+01  0.00000000E+00
  0.20000000E+02  0.56250000E+01  0.00000000E+00
  0.22500000E+02  0.56250000E+01  0.00000000E+00
  0.25000000E+02  0.56250000E+01  0.00000000E+00
  0.27500000E+02  0.56250000E+01  0.00000000E+00
  0.30000000E+02  0.56250000E+01  0.00000000E+00
  0.32500000E+02  0.56250000E+01  0.00000000E+00
  0.35000000E+02  0.56250000E+01  0.00000000E+00
  0.37500000E+02  0.56250000E+01  0.00000000E+00
  0.40000000E+02  0.56250000E+01  0.00000000E+00
  0.42500000E+02  0.56250000E+01  0.00000000E+00
  0.45000000E+02  0.56250000E+01  0.00000000E+00
  0.47500000E+02  0.56250000E+01  0.00000000E+00
  0.50000000E+02  0.56250000E+01  0.00000000E+00
  0.52500000E+02  0.56250000E+01  0.00000000E+00
  0.55000000E+02  0.56250000E+01  0.00000000E+00
  0.57500000E+02  0.56250000E+01  0.00000000E+00
  0.60000000E+02  0.56250000E+01  0.00000000E+00
  0.62500000E+02  0.56250000E+01  0.00000000E+00
  0.65000000E+02  0.56250000E+01  0.00000000E+00
  0.67500000E+02  0.56250000E+01  0.00000000E+00
  0.70000000E+02  0.56250000E+01  0.00000000E+00
  0.72500000E+02  0.56250000E+01  0.00000000E+00
  0.75000000E+02  0.56250000E+01  0.00000000E+00
  0.77500000E+02  0.56250000E+01  0.00000000E+00
  0.80000000E+02  0.56250000E+01  0.00000000E+00
  0.82500000E+02  0.56250000E+01  0.00000000E+00
  0.85000000E+02  0.56250000E+01  0.00000000E+00
  0.87500000E+02  0.56250000E+01  0.00000000E+00
  0.90000000E+02  0.56250000E+01  0.00000000E+00
  0.92500000E+02  0.56250000E+01  0.00000000E+00
  0.95000000E+02  0.56250000E+01  0.00000000E+00
  0.97500000E+02  0.56250000E+01  0.00000000E+00
  0.10000000E+03  0.56250000E+01  0.00000000E+00
  0.00000000E+00  0.50000000E+01  0.00000000E+00
  0.25000000E+01  0.50000000E+01  0.00000000E+00
  0.50000000E+01  0.50000000E+01  0.00000000E+00
  0.75000000E+01  0.50000000E+01  0.00000000E+00
  0.10000000E+02  0.50000000E+01  0.00000000E+00
  0.12500000E+02  0.50000000E+01  0.00000000E+00
  0.15000000E+02  0.50000000E+01  0.00000000E+00
  0.17500000E+02  0.50000000E+01  0.00000000E+00
  0.20000000E+02  0.50000000E+01  0.00000000E+00
  0.22500000E+02  0.50000000E+01  0.00000000E+00
  0.25000000E+02  0.50000000E+01  0.00000000E+00
  0.27500000E+02  0.50000000E+01  0.00000000E+00
  0.30000000E+02  0.50000000E+01  0.00000000E+00
  0.32500000E+02  0.50000000E+01  0.00000000E+00
  0.35000000E+02  0.50000000E+01  0.00000000E+00
  0.37500000E+02  0.50000000E+01  0.00000000E+00
  0.40000000E+02  0.50000000E+01  0.00000000E+00
  0.42500000E+02  0.50000000E+01  0.00000000E+00
  0.45000000E+02  0.50000000E+01  0.00000000E+00
  0.47500000E+02  0.50000000E+01  0.00000000E+00
  0.50000000E+02  0.50000000E+01  0.00000000E+00
  0.52500000E+02  0.50000000E+01  0.00000000E+00
  0.55000000E+02  0.50000000E+01  0.00000000E+00
  0.57500000E+02  0.50000000E+01  0.00000000E+00
  0.60000000E+02  0.50000000E+01  0.00000000E+00
  0.62500000E+02  0.50000000E+01  0.00000000E+00
  0.65000000E+02  0.50000000E+01  0.00000000E+00
  0.67500000E+02  0.50000000E+01  0.00000000E+00
  0.70000000E+02  0.50000000E+01  0.00000000E+00
  0.72500000E+02  0.50000000E+01  0.00000000E+00
  0.75000000E+02  0.50000000E+01  0.00000000E+00
  0.77500000E+02  0.50000000E+01  0.00000000E+00
  0.80000000E+02  0.50000000E+01  0.00000000E+00
  0.82500000E+02  0.50000000E+01  0.00000000E+00
  0.85000000E+02  0.50000000E+01  0.00000000E+00
  0.87500000E+02  0.50000000E+01  0.00000000E+00
  0.90000000E+02  0.50000000E+01  0.00000000E+00
  0.92500000E+02  0.50000000E+01  0.00000000E+00
  0.95000000E+02  0.50000000E+01  0.00000000E+00
  0.97500000E+02  0.50000000E+01  0.00000000E+00
  0.10000000E+03  0.50000000E+01  0.00000000E+00
  0.00000000E+00  0.43750000E+01  0.00000000E+00
  0.25000000E+01  0.43750000E+01  0.00000000E+00
  0.50000000E+01  0.43750000E+01  0.00000000E+00
  0.75000000E+01  0.43750000E+01  0.00000000E+00
  0.10000000E+02  0.43750000E+01  0.00000000E+00
  0.12500000E+02  0.43750000E+01  0.00000000E+00
  0.15000000E+02  0.43750000E+01  0.00000000E+00
  0.17500000E+02  0.43750000E+01  0.00000000E+00
  0.20000000E+02  0.43750000E+01  0.00000000E+00
  0.22500000E+02  0.43750000E+01  0.00000000E+00
  0.25000000E+02  0.43750000E+01  0.00000000E+00
  0.27500000E+02  0.43750000E+01  0.00000000E+00
  0.30000000E+02  0.43750000E+01  0.00000000E+00
  0.32500000E+02  0.43750000E+01  0.00000000E+00
  0.35000000E+02  0.43750000E+01  0.00000000E+00
  0.37500000E+02  0.43750000E+01  0.00000000E+00
  0.40000000E+02  0.43750000E+01  0.00000000E+00
  0.42500000E+02  0.43750000E+01  0.00000000E+00
  0.45000000E+02  0.43750000E+01  0.00000000E+00
  0.47500000E+02  0.43750000E+01  0.00000000E+00
  0.50000000E+02  0.43750000E+01  0.00000000E+00
  0.52500000E+02  0.43750000E+01  0.00000000E+00
  0.55000000E+02  0.43750000E+01  0.00000000E+00
  0.57500000E+02  0.43750000E+01  0.00000000E+00
  0.60000000E+02  0.43750000E+01  0.00000000E+00
  0.62500000E+02  0.43750000E+01  0.00000000E+00
  0.65000000E+02  0.43750000E+01  0.00000000E+00
  0.67500000E+02  0.43750000E+01  0.00000000E+00
  0.70000000E+02  0.43750000E+01  0.00000000E+00
  0.72500000E+02  0.43750000E+01  0.00000000E+00
  0.75000000E+02  0.43750000E+01  0.00000000E+00
  0.77500000E+02  0.43750000E+01  0.00000000E+00
  0.80000000E+02  0.43750000E+01  0.00000000E+00
  0.82500000E+02  0.43750000E+01  0.00000000E+00
  0.85000000E+02  0.43750000E+01  0.00000000E+00
  0.87500000E+02  0.43750000E+01  0.00000000E+00
  0.90000000E+02  0.43750000E+01  0.00000000E+00
  0.92500000E+02  0.43750000E+01  0.00000000E+00
  0.95000000E+02  0.43750000E+01  0.00000000E+00
  0.97500000E+02  0.43750000E+01  0.00000000E+00
  0.10000000E+03  0.43750000E+01  0.00000000E+00
  0.00000000E+00  0.37500000E+01  0.00000000E+00
  0.25000000E+01  0.37500000E+01  0.00000000E+00
  0.50000000E+01  0.37500000E+01  0.00000000E+00
  0.75000000E+01  0.37500000E+01  0.00000000E+00
  0.10000000E+02  0.37500000E+01  0.00000000E+00
  0.12500000E+02  0.37500000E+01  0.00000000E+00
  0.15000000E+02  0.37500000E+01  0.00000000E+00
  0.17500000E+02  0.37500000E+01  0.00000000E+00
  0.20000000E+02  0.37500000E+01  0.00000000E+00
  0.22500000E+02  0.37500000E+01  0.00000000E+00
  0.25000000E+02  0.37500000E+01  0.00000000E+00
  0.27500000E+02  0.37500000E+01  0.00000000E+00
  0.30000000E+02  0.37500000E+01  0.00000000E+00
  0.32500000E+02  0.37500000E+01  0.00000000E+00
  0.35000000E+02  0.37500000E+01  0.00000000E+00
  0.37500000E+02  0.37500000E+01  0.00000000E+00
  0.40000000E+02  0.37500000E+01  0.00000000E+00
  0.42500000E+02  0.37500000E+01  0.00000000E+00
  0.45000000E+02  0.37500000E+01  0.00000000E+00
  0.47500000E+02  0.37500000E+01  0.00000000E+00
  0.50000000E+02  0.37500000E+01  0.00000000E+00
  0.52500000E+02  0.37500000E+01  0.00000000E+00
  0.55000000E+02  0.37500000E+01  0.00000000E+00
  0.57500000E+02  0.37500000E+01  0.00000000E+00
  0.60000000E+02  0.37500000E+01  0.00000000E+00
  0.62500000E+02  0.37500000E+01  0.00000000E+00
  0.65000000E+02  0.37500000E+01  0.00000000E+00
  0.67500000E+02  0.37500000E+01  0.00000000E+00
  0.70000000E+02  0.37500000E+01  0.00000000E+00
  0.72500000E+02  0.37500000E+01  0.00000000E+00
  0.75000000E+02  0.37500000E+01  0.00000000E+00
  0.77500000E+02  0.37500000E+01  0.00000000E+00
  0.80000000E+02  0.37500000E+01  0.00000000E+00
  0.82500000E+02  0.37500000E+01  0.00000000E+00
  0.85000000E+02  0.37500000E+01  0.00000000E+00
  0.87500000E+02  0.37500000E+01  0.00000000E+00
  0.90000000E+02  0.37500000E+01  0.00000000E+00
  0.92500000E+02  0.37500000E+01  0.00000000E+00
  0.95000000E+02  0.37500000E+01  0.00000000E+00
  0.97500000E+02  0.37500000E+01  0.00000000E+00
  0.10000000E+03  0.37500000E+01  0.00000000E+00
  0.00000000E+00  0.31250000E+01  0.00000000E+00
  0.25000000E+01  0.31250000E+01  0.00000000E+00
  0.50000000E+01  0.31250000E+01  0.00000000E+00
  0.75000000E+01  0.31250000E+01  0.00000000E+00
  0.10000000E+02  0.31250000E+01  0.00000000E+00
  0.12500000E+02  0.31250000E+01  0.00000000E+00
  0.15000000E+02  0.31250000E+01  0.00000000E+00
  0.17500000E+02  0.31250000E+01  0.00000000E+00
  0.20000000E+02  0.31250000E+01  0.00000000E+00
  0.22500000E+02  0.31250000E+01  0.00000000E+00
  0.25000000E+02  0.31250000E+01  0.00000000E+00
  0.27500000E+02  0.31250000E+01  0.00000000E+00
  0.30000000E+02  0.31250000E+01  0.00000000E+00
  0.32500000E+02  0.31250000E+01  0.00000000E+00
  0.35000000E+02  0.31250000E+01  0.00000000E+00
  0.37500000E+02  0.31250000E+01  0.00000000E+00
  0.40000000E+02  0.31250000E+01  0.00000000E+00
  0.42500000E+02  0.31250000E+01  0.00000000E+00
  0.45000000E+02  0.31250000E+01  0.00000000E+00
  0.47500000E+02  0.31250000E+01  0.00000000E+00
  0.50000000E+02  0.31250000E+01  0.00000000E+00
  0.52500000E+02  0.31250000E+01  0.00000000E+00
  0.55000000E+02  0.31250000E+01  0.00000000E+00
  0.57500000E+02  0.31250000E+01  0.00000000E+00
  0.60000000E+02  0.31250000E+01  0.00000000E+00
  0.62500000E+02  0.31250000E+01  0.00000000E+00
  0.65000000E+02  0.31250000E+01  0.00000000E+00
  0.67500000E+02  0.31250000E+01  0.00000000E+00
  0.70000000E+02  0.31250000E+01  0.00000000E+00
  0.72500000E+02  0.31250000E+01  0.00000000E+00
  0.75000000E+02  0.31250000E+01  0.00000000E+00
  0.77500000E+02  0.31250000E+01  0.00000000E+00
  0.80000000E+02  0.31250000E+01  0.00000000E+00
  0.82500000E+02  0.31250000E+01  0.00000000E+00
  0.85000000E+02  0.31250000E+01  0.00000000E+00
  0.87500000E+02  0.31250000E+01  0.00000000E+00
  0.90000000E+02  0.31250000E+01  0.00000000E+00
  0.92500000E+02  0.31250000E+01  0.00000000E+00
  0.95000000E+02  0.31250000E+01  0.00000000E+00
  0.97500000E+02  0.31250000E+01  0.00000000E+00
  0.10000000E+03  0.31250000E+01  0.00000000E+00
  0.00000000E+00  0.25000000E+01  0.00000000E+00
  0.25000000E+01  0.25000000E+01  0.00000000E+00
  0.50000000E+01  0.25000000E+01  0.00000000E+00
  0.75000000E+01  0.25000000E+01  0.00000000E+00
  0.10000000E+02  0.25000000E+01  0.00000000E+00
  0.12500000E+02  0.25000000E+01  0.00000000E+00
  0.15000000E+02  0.25000000E+01  0.00000000E+00
  0.17500000E+02  0.25000000E+01  0.00000000E+00
  0.20000000E+02  0.25000000E+01  0.00000000E+00
  0.22500000E+02  0.25000000E+01  0.00000000E+00
  0.25000000E+02  0.25000000E+01  0.00000000E+00
  0.27500000E+02  0.25000000E+01  0.00000000E+00
  0.30000000E+02  0.25000000E+01  0.00000000E+00
  0.32500000E+02  0.25000000E+01  0.00000000E+00
  0.35000000E+02  0.25000000E+01  0.00000000E+00
  0.37500000E+02  0.25000000E+01  0.00000000E+00
  0.40000000E+02  0.25000000E+01  0.00000000E+00
  0.42500000E+02  0.25000000E+01  0.00000000E+00
  0.45000000E+02  0.25000000E+01  0.00000000E+00
  0.47500000E+02  0.25000000E+01  0.00000000E+00
  0.50000000E+02  0.25000000E+01  0.00000000E+00
  0.52500000E+02  0.25000000E+01  0.00000000E+00
  0.55000000E+02  0.25000000E+01  0.00000000E+00
  0.57500000E+02  0.25000000E+01  0.00000000E+00
  0.60000000E+02  0.25000000E+01  0.00000000E+00
  0.62500000E+02  0.25000000E+01  0.00000000E+00
  0.65000000E+02  0.25000000E+01  0.00000000E+00
  0.67500000E+02  0.25000000E+01  0.00000000E+00
  0.70000000E+02  0.25000000E+01  0.00000000E+00
  0.72500000E+02  0.25000000E+01  0.00000000E+00
  0.75000000E+02  0.25000000E+01  0.00000000E+00
  0.77500000E+02  0.25000000E+01  0.00000000E+00
  0.80000000E+02  0.25000000E+01  0.00000000E+00
  0.82500000E+02  0.25000000E+01  0.00000000E+00
  0.85000000E+02  0.25000000E+01  0.00000000E+00
  0.87500000E+02  0.25000000E+01  0.00000000E+00
  0.90000000E+02  0.25000000E+01  0.00000000E+00
  0.92500000E+02  0.25000000E+01  0.00000000E+00
  0.95000000E+02  0.25000000E+01  0.00000000E+00
  0.97500000E+02  0.25000000E+01  0.00000000E+00
  0.10000000E+03  0.25000000E+01  0.00000000E+00
  0.00000000E+00  0.18750000E+01  0.00000000E+00
  0.25000000E+01  0.18750000E+01  0.00000000E+00
  0.50000000E+01  0.18750000E+01  0.00000000E+00
  0.75000000E+01  0.18750000E+01  0.00000000E+00
  0.10000000E+02  0.18750000E+01  0.00000000E+00
  0.12500000E+02  0.18750000E+01  0.00000000E+00
  0.15000000E+02  0.18750000E+01  0.00000000E+00
  0.17500000E+02  0.18750000E+01  0.00000000E+00
  0.20000000E+02  0.18750000E+01  0.00000000E+00
  0.22500000E+02  0.18750000E+01  0.00000000E+00
  0.25000000E+02  0.18750000E+01  0.00000000E+00
  0.27500000E+02  0.18750000E+01  0.00000000E+00
  0.30000000E+02  0.18750000E+01  0.00000000E+00
  0.32500000E+02  0.18750000E+01  0.00000000E+00
  0.35000000E+02  0.18750000E+01  0.00000000E+00
  0.37500000E+02  0.18750000E+01  0.00000000E+00
  0.40000000E+02  0.18750000E+01  0.00000000E+00
  0.42500000E+02  0.18750000E+01  0.00000000E+00
  0.45000000E+02  0.18750000E+01  0.00000000E+00
  0.47500000E+02  0.18750000E+01  0.00000000E+00
  0.50000000E+02  0.18750000E+01  0.00000000E+00
  0.52500000E+02  0.18750000E+01  0.00000000E+00
  0.55000000E+02  0.18750000E+01  0.00000000E+00
  0.57500000E+02  0.18750000E+01  0.00000000E+00
  0.60000000E+02  0.18750000E+01  0.00000000E+00
  0.62500000E+02  0.18750000E+01  0.00000000E+00
  0.65000000E+02  0.18750000E+01  0.00000000E+00
  0.67500000E+02  0.18750000E+01  0.00000000E+00
  0.70000000E+02  0.18750000E+01  0.00000000E+00
  0.72500000E+02  0.18750000E+01  0.00000000E+00
  0.75000000E+02  0.18750000E+01  0.00000000E+00
  0.77500000E+02  0.18750000E+01  0.00000000E+00
  0.80000000E+02  0.18750000E+01  0.00000000E+00
  0.82500000E+02  0.18750000E+01  0.00000000E+00
  0.85000000E+02  0.18750000E+01  0.00000000E+00
  0.87500000E+02  0.18750000E+01  0.00000000E+00
  0.90000000E+02  0.18750000E+01  0.00000000E+00
  0.92500000E+02  0.18750000E+01  0.00000000E+00
  0.95000000E+02  0.18750000E+01  0.00000000E+00
  0.97500000E+02  0.18750000E+01  0.00000000E+00
  0.10000000E+03  0.18750000E+01  0.00000000E+00
  0.00000000E+00  0.12500000E+01  0.00000000E+00
  0.25000000E+01  0.12500000E+01  0.00000000E+00
  0.50000000E+01  0.12500000E+01  0.00000000E+00
  0.75000000E+01  0.12500000E+01  0.00000000E+00
  0.10000000E+02  0.12500000E+01  0.00000000E+00
  0.12500000E+02  0.12500000E+01  0.00000000E+00
  0.15000000E+02  0.12500000E+01  0.00000000E+00
  0.17500000E+02  0.12500000E+01  0.00000000E+00
  0.20000000E+02  0.12500000E+01  0.00000000E+00
  0.22500000E+02  0.12500000E+01  0.00000000E+00
  0.25000000E+02  0.12500000E+01  0.00000000E+00
  0.27500000E+02  0.12500000E+01  0.00000000E+00
  0.30000000E+02  0.12500000E+01  0.00000000E+00
  0.32500000E+02  0.12500000E+01  0.00000000E+00
  0.35000000E+02  0.12500000E+01  0.00000000E+00
  0.37500000E+02  0.12500000E+01  0.00000000E+00
  0.40000000E+02  0.12500000E+01  0.00000000E+00
  0.42500000E+02  0.12500000E+01  0.00000000E+00
  0.45000000E+02  0.12500000E+01  0.00000000E+00
  0.47500000E+02  0.12500000E+01  0.00000000E+00
  0.50000000E+02  0.12500000E+01  0.00000000E+00
  0.52500000E+02  0.12500000E+01  0.00000000E+00
  0.55000000E+02  0.12500000E+01  0.00000000E+00
  0.57500000E+02  0.12500000E+01  0.00000000E+00
  0.60000000E+02  0.12500000E+01  0.00000000E+00
  0.62500000E+02  0.12500000E+01  0.00000000E+00
  0.65000000E+02  0.12500000E+01  0.00000000E+00
  0.67500000E+02  0.12500000E+01  0.00000000E+00
  0.70000000E+02  0.12500000E+01  0.00000000E+00
  0.72500000E+02  0.12500000E+01  0.00000000E+00
  0.75000000E+02  0.12500000E+01  0.00000000E+00
  0.77500000E+02  0.12500000E+01  0.00000000E+00
  0.80000000E+02  0.12500000E+01  0.00000000E+00
  0.82500000E+02  0.12500000E+01  0.00000000E+00
  0.85000000E+02  0.12500000E+01  0.00000000E+00
  0.87500000E+02  0.12500000E+01  0.00000000E+00
  0.90000000E+02  0.12500000E+01  0.00000000E+00
  0.92500000E+02  0.12500000E+01  0.00000000E+00
  0.95000000E+02  0.12500000E+01  0.00000000E+00
  0.97500000E+02  0.12500000E+01  0.00000000E+00
  0.10000000E+03  0.12500000E+01  0.00000000E+00
  0.00000000E+00  0.62500000E+00  0.00000000E+00
  0.25000000E+01  0.62500000E+00  0.00000000E+00
  0.50000000E+01  0.62500000E+00  0.00000000E+00
  0.75000000E+01  0.62500000E+00  0.00000000E+00
  0.10000000E+02  0.62500000E+00  0.00000000E+00
  0.12500000E+02  0.62500000E+00  0.00000000E+00
  0.15000000E+02  0.62500000E+00  0.00000000E+00
  0.17500000E+02  0.62500000E+00  0.00000000E+00
  0.20000000E+02  0.62500000E+00  0.00000000E+00
  0.22500000E+02  0.62500000E+00  0.00000000E+00
  0.25000000E+02  0.62500000E+00  0.00000000E+00
  0.27500000E+02  0.62500000E+00  0.00000000E+00
  0.30000000E+02  0.62500000E+00  0.00000000E+00
  0.32500000E+02  0.62500000E+00  0.00000000E+00
  0.35000000E+02  0.62500000E+00  0.00000000E+00
  0.37500000E+02  0.62500000E+00  0.00000000E+00
  0.40000000E+02  0.62500000E+00  0.00000000E+00
  0.42500000E+02  0.62500000E+00  0.00000000E+00
  0.45000000E+02  0.62500000E+00  0.00000000E+00
  0.47500000E+02  0.62500000E+00  0.00000000E+00
  0.50000000E+02  0.62500000E+00  0.00000000E+00
  0.52500000E+02  0.62500000E+00  0.00000000E+00
  0.55000000E+02  0.62500000E+00  0.00000000E+00
  0.57500000E+02  0.62500000E+00  0.00000000E+00
  0.60000000E+02  0.62500000E+00  0.00000000E+00
  0.62500000E+02  0.62500000E+00  0.00000000E+00
  0.65000000E+02  0.62500000E+00  0.00000000E+00
  0.67500000E+02  0.62500000E+00  0.00000000E+00
  0.70000000E+02  0.62500000E+00  0.00000000E+00
  0.72500000E+02  0.62500000E+00  0.00000000E+00
  0.75000000E+02  0.62500000E+00  0.00000000E+00
  0.77500000E+02  0.62500000E+00  0.00000000E+00
  0.80000000E+02  0.62500000E+00  0.00000000E+00
  0.82500000E+02  0.62500000E+00  0.00000000E+00
  0.85000000E+02  0.62500000E+00  0.00000000E+00
  0.87500000E+02  0.62500000E+00  0.00000000E+00
  0.90000000E+02  0.62500000E+00  0.00000000E+00
  0.92500000E+02  0.62500000E+00  0.00000000E+00
  0.95000000E+02  0.62500000E+00  0.00000000E+00
  0.97500000E+02  0.62500000E+00  0.00000000E+00
  0.10000000E+03  0.62500000E+00  0.00000000E+00
  0.00000000E+00  0.00000000E+00  0.00000000E+00
  0.25000000E+01  0.00000000E+00  0.00000000E+00
  0.50000000E+01  0.00000000E+00  0.00000000E+00
  0.75000000E+01  0.00000000E+00  0.00000000E+00
  0.10000000E+02  0.00000000E+00  0.00000000E+00
  0.12500000E+02  0.00000000E+00  0.00000000E+00
  0.15000000E+02  0.00000000E+00  0.00000000E+00
  0.17500000E+02  0.00000000E+00  0.00000000E+00
  0.20000000E+02  0.00000000E+00  0.00000000E+00
  0.22500000E+02  0.00000000E+00  0.00000000E+00
  0.25000000E+02  0.00000000E+00  0.00000000E+00
  0.27500000E+02  0.00000000E+00  0.00000000E+00
  0.30000000E+02  0.00000000E+00  0.00000000E+00
  0.32500000E+02  0.00000000E+00  0.00000000E+00
  0.35000000E+02  0.00000000E+00  0.00000000E+00
  0.37500000E+02  0.00000000E+00  0.00000000E+00
  0.40000000E+02  0.00000000E+00  0.00000000E+00
  0.42500000E+02  0.00000000E+00  0.00000000E+00
  0.45000000E+02  0.00000000E+00  0.00000000E+00
  0.47500000E+02  0.00000000E+00  0.00000000E+00
  0.50000000E+02  0.00000000E+00  0.00000000E+00
  0.52500000E+02  0.00000000E+00  0.00000000E+00
  0.55000000E+02  0.00000000E+00  0.00000000E+00
  0.57500000E+02  0.00000000E+00  0.00000000E+00
  0.60000000E+02  0.00000000E+00  0.00000000E+00
  0.62500000E+02  0.00000000E+00  0.00000000E+00
  0.65000000E+02  0.00000000E+00  0.00000000E+00
  0.67500000E+02  0.00000000E+00  0.00000000E+00
  0.70000000E+02  0.00000000E+00  0.00000000E+00
  0.72500000E+02  0.00000000E+00  0.00000000E+00
  0.75000000E+02  0.00000000E+00  0.00000000E+00
  0.77500000E+02  0.00000000E+00  0.00000000E+00
  0.80000000E+02  0.00000000E+00  0.00000000E+00
  0.82500000E+02  0.00000000E+00  0.00000000E+00
  0.85000000E+02  0.00000000E+00  0.00000000E+00
  0.87500000E+02  0.00000000E+00  0.00000000E+00
  0.90000000E+02  0.00000000E+00  0.00000000E+00
  0.92500000E+02  0.00000000E+00  0.00000000E+00
  0.95000000E+02  0.00000000E+00  0.00000000E+00
  0.97500000E+02  0.00000000E+00  0.00000000E+00
  0.10000000E+03  0.00000000E+00  0.00000000E+00
CELLS     1280    5120
       3       0      41      42
       3       0      42       1
       3       1      42      43
       3       1      43       2
       3       2      43      44
       3       2      44       3
       3       3      44      45
       3       3      45       4
       3       4      45      46
       3       4      46       5
       3       5      46      47
       3       5      47       6
       3       6      47      48
       3       6      48       7
       3       7      48      49
       3       7      49       8
       3       8      49      50
       3       8      50       9
       3       9      50      51
       3       9      51      10
       3      10      51      52
       3      10      52      11
       3      11      52      53
       3      11      53      12
       3      12      53      54
       3      12      54      13
       3      13      54      55
       3      13      55      14
       3      14      55      56
       3      14      56      15
       3      15      56      57
       3      15      57      16
       3      16      57      58
       3      16      58      17
       3      17      58      59
       3      17      59      18
       3      18      59      60
       3      18      60      19
       3      19      60      61
       3      19      61      20
       3      20      61      62
       3      20      62      21
       3      21      62      63
       3      21      63      22
       3      22      63      64
       3      22      64      23
       3      23      64      65
       3      23      65      24
       3      24      65      66
       3      24      66      25
       3      25      66      67
       3      25      67      26
       3      26      67      68
       3      26      68      27
       3      27      68      69
       3      27      69      28
       3      28      69      70
       3      28      70      29
       3      29      70      71
       3      29      71      30
       3      30      71      72
       3      30      72      31
       3      31      72      73
       3      31      73      32
       3      32      73      74
       3      32      74      33
       3      33      74      75
       3      33      75      34
       3      34      75      76
       3      34      76      35
       3      35      76      77
       3      35      77      36
       3      36      77      78
       3      36      78      37
       3      37      78      79
       3      37      79      38
       3      38      79      80
       3      38      80      39
       3      39      80      81
       3      39      81      40
       3      41      82      83
       3      41      83      42
       3      42      83      84
       3      42      84      43
       3      43      84      85
       3      43      85      44
       3      44      85      86
       3      44      86      45
       3      45      86      87
       3      45      87      46
       3      46      87      88
       3      46      88      47
       3      47      88      89
       3      47      89      48
       3      48      89      90
       3      48      90      49
       3      49      90      91
       3      49      91      50
       3      50      91      92
       3      50      92      51
       3      51      92      93
       3      51      93      52
       3      52      93      94
       3      52      94      53
       3      53      94      95
       3      53      95      54
       3      54      95      96
       3      54      96      55
       3      55      96      97
       3      55      97      56
       3      56      97      98
       3      56      98      57
       3      57      98      99
       3      57      99      58
       3      58      99     100
       3      58     100      59
       3      59     100     101
       3      59     101      60
       3      60     101     102
       3      60     102      61
       3      61     102     103
       3      61     103      62
       3      62     103     104
       3      62     104      63
       3      63     104     105
       3      63     105      64
       3      64     105     106
       3      64     106      65
       3      65     106     107
       3      65     107      66
       3      66     107     108
       3      66     108      67
       3      67     108     109
       3      67     109      68
       3      68     109     110
       3      68     110      69
       3      69     110     111
       3      69     111      70
       3      70     111     112
       3      70     112      71
       3      71     112     113
       3      71     113      72
       3      72     113     114
       3      72     114      73
       3      73     114     115
       3      73     115      74
       3      74     115     116
       3      74     116      75
       3      75     116     117
       3      75     117      76
       3      76     117     118
       3      76     118      77
       3      77     118     119
       3      77     119      78
       3      78     119     120
       3      78     120      79
       3      79     120     121
       3      79     121      80
       3      80     121     122
       3      80     122      81
       3      82     123     124
       3      82     124      83
       3      83     124     125
       3      83     125      84
       3      84     125     126
       3      84     126      85
       3      85     126     127
       3      85     127      86
       3      86     127     128
       3      86     128      87
       3      87     128     129
       3      87     129      88
       3      88     129     130
       3      88     130      89
       3      89     130     131
       3      89     131      90
       3      90     131     132
       3      90     132      91
       3      91     132     133
       3      91     133      92
       3      92     133     134
       3      92     134      93
       3      93     134     135
       3      93     135      94
       3      94     135     136
       3      94     136      95
       3      95     136     137
       3      95     137      96
       3      96     137     138
       3      96     138      97
       3      97     138     139
       3      97     139      98
       3      98     139     140
       3      98     140      99
       3      99     140     141
       3      99     141     100
       3     100     141     142
       3     100     142     101
       3     101     142     143
       3     101     143     102
       3     102     143     144
       3     102     144     103
       3     103     144     145
       3     103     145     104
       3     104     145     146
       3     104     146     105
       3     105     146     147
       3     105     147     106
       3     106     147     148
       3     106     148     107
       3     107     148     149
       3     107     149     108
       3     108     149     150
       3     108     150     109
       3     109     150     151
       3     109     151     110
       3     110     151     152
       3     110     152     111
       3     111     152     153
       3     111     153     112
       3     112     153     154
       3     112     154     113
       3     113     154     155
       3     113     155     114
       3     114     155     156
       3     114     156     115
       3     115     156     157
       3     115     157     116
       3     116     157     158
       3     116     158     117
       3     117     158     159
       3     117     159     118
       3     118     159     160
       3     118     160     119
       3     119     160     161
       3     119     161     120
       3     120     161     162
       3     120     162     121
       3     121     162     163
       3     121     163     122
       3     123     164     165
       3     123     165     124
       3     124     165     166
       3     124     166     125
       3     125     166     167
       3     125     167     126
       3     126     167     168
       3     126     168     127
       3     127     168     169
       3     127     169     128
       3     128     169     170
       3     128     170     129
       3     129     170     171
       3     129     171     130
       3     130     171     172
       3     130     172     131
       3     131     172     173
       3     131     173     132
       3     132     173     174
       3     132     174     133
       3     133     174     175
       3     133     175     134
       3     134     175     176
       3     134     176     135
       3     135     176     177
       3     135     177     136
       3     136     177     178
       3     136     178     137
       3     137     178     179
       3     137     179     138
       3     138     179     180
       3     138     180     139
       3     139     180     181
       3     139     181     140
       3     140     181     182
       3     140     182     141
       3     141     182     183
       3     141     183     142
       3     142     183     184
       3     142     184     143
       3     143     184     185
       3     143     185     144
       3     144     185     186
       3     144     186     145
       3     145     186     187
       3     145     187     146
       3     146     187     188
       3     146     188     147
       3     147     188     189
       3     147     189     148
       3     148     189     190
       3     148     190     149
       3     149     190     191
       3     149     191     150
       3     150     191     192
       3     150     192     151
       3     151     192     193
       3     151     193     152
       3     152     193     194
       3     152     194     153
       3     153     194     195
       3     153     195     154
       3     154     195     196
       3     154     196     155
       3     155     196     197
       3     155     197     156
       3     156     197     198
       3     156     198     157
       3     157     198     199
       3     157     199     158
       3     158     199     200
       3     158     200     159
       3     159     200     201
       3     159     201     160
       3     160     201     202
       3     160     202     161
       3     161     202     203
       3     161     203     162
       3     162     203     204
       3     162     204     163
       3     164     205     206
       3     164     206     165
       3     165     206     207
       3     165     207     166
       3     166     207     208
       3     166     208     167
       3     167     208     209
       3     167     209     168
       3     168     209     210
       3     168     210     169
       3     169     210     211
       3     169     211     170
       3     170     211     212
       3     170     212     171
       3     171     212     213
       3     171     213     172
       3     172     213     214
       3     172     214     173
       3     173     214     215
       3     173     215     174
       3     174     215     216
       3     174     216     175
       3     175     216     217
       3     175     217     176
       3     176     217     218
       3     176     218     177
       3     177     218     219
       3     177     219     178
       3     178     219     220
       3     178     220     179
       3     179     220     221
       3     179     221     180
       3     180     221     222
       3     180     222     181
       3     181     222     223
       3     181     223     182
       3     182     223     224
       3     182     224     183
       3     183     224     225
       3     183     225     184
       3     184     225     226
       3     184     226     185
       3     185     226     227
       3     185     227     186
       3     186     227     228
       3     186     228     187
       3     187     228     229
       3     187     229     188
       3     188     229     230
       3     188     230     189
       3     189     230     231
       3     189     231     190
       3     190     231     232
       3     190     232     191
       3     191     232     233
       3     191     233     192
       3     192     233     234
       3     192     234     193
       3     193     234     235
       3     193     235     194
       3     194     235     236
       3     194     236     195
       3     195     236     237
       3     195     237     196
       3     196     237     238
       3     196     238     197
       3     197     238     239
       3     197     239     198
       3     198     239     240
       3     198     240     199
       3     199     240     241
       3     199     241     200
       3     200     241     242
       3     200     242     201
       3     201     242     243
       3     201     243     202
       3     202     243     244
       3     202     244     203
       3     203     244     245
       3     203     245     204
       3     205     246     247
       3     205     247     206
       3     206     247     248
       3     206     248     207
       3     207     248     249
       3     207     249     208
       3     208     249     250
       3     208     250     209
       3     209     250     251
       3     209     251     210
       3     210     251     252
       3     210     252     211
       3     211     252     253
       3     211     253     212
       3     212     253     254
       3     212     254     213
       3     213     254     255
       3     213     255     214
       3     214     255     256
       3     214     256     215
       3     215     256     257
       3     215     257     216
       3     216     257     258
       3     216     258     217
       3     217     258     259
       3     217     259     218
       3     218     259     260
       3     218     260     219
       3     219     260     261
       3     219     261     220
       3     220     261     262
       3     220     262     221
       3     221     262     263
       3     221     263     222
       3     222     263     264
       3     222     264     223
       3     223     264     265
       3     223     265     224
       3     224     265     266
       3     224     266     225
       3     225     266     267
       3     225     267     226
       3     226     267     268
       3     226     268     227
       3     227     268     269
       3     227     269     228
       3     228     269     270
       3     228     270     229
       3     229     270     271
       3     229     271     230
       3     230     271     272
       3     230     272     231
       3     231     272     273
       3     231     273     232
       3     232     273     274
       3     232     274     233
       3     233     274     275
       3     233     275     234
       3     234     275     276
       3     234     276     235
       3     235     276     277
       3     235     277     236
       3     236     277     278
       3     236     278     237
       3     237     278     279
       3     237     279     238
       3     238     279     280
       3     238     280     239
       3     239     280     281
       3     239     281     240
       3     240     281     282
       3     240     282     241
       3     241     282     283
       3     241     283     242
       3     242     283     284
       3     242     284     243
       3     243     284     285
       3     243     285     244
       3     244     285     286
       3     244     286     245
       3     246     287     288
       3     246     288     247
       3     247     288     289
       3     247     289     248
       3     248     289     290
       3     248     290     249
       3     249     290     291
       3     249     291     250
       3     250     291     292
       3     250     292     251
       3     251     292     293
       3     251     293     252
       3     252     293     294
       3     252     294     253
       3     253     294     295
       3     253     295     254
       3     254     295     296
       3     254     296     255
       3     255     296     297
       3     255     297     256
       3     256     297     298
       3     256     298     257
       3     257     298     299
       3     257     299     258
       3     258     299     300
       3     258     300     259
       3     259     300     301
       3     259     301     260
       3     260     301     302
       3     260     302     261
       3     261     302     303
       3     261     303     262
       3     262     303     304
       3     262     304     263
       3     263     304     305
       3     263     305     264
       3     264     305     306
       3     264     306     265
       3     265     306     307
       3     265     307     266
       3     266     307     308
       3     266     308     267
       3     267     308     309
       3     267     309     268
       3     268     309     310
       3     268     310     269
       3     269     310     311
       3     269     311     270
       3     270     311     312
       3     270     312     271
       3     271     312     313
       3     271     313     272
       3     272     313     314
       3     272     314     273
       3     273     314     315
       3     273     315     274
       3     274     315     316
       3     274     316     275
       3     275     316     317
       3     275     317     276
       3     276     317     318
       3     276     318     277
       3     277     318     319
       3     277     319     278
       3     278     319     320
       3     278     320     279
       3     279     320     321
       3     279     321     280
       3     280     321     322
       3     280     322     281
       3     281     322     323
       3     281     323     282
       3     282     323     324
       3     282     324     283
       3     283     324     325
       3     283     325     284
       3     284     325     326
       3     284     326     285
       3     285     326     327
       3     285     327     286
       3     287     328     329
       3     287     329     288
       3     288     329     330
       3     288     330     289
       3     289     330     331
       3     289     331     290
       3     290     331     332
       3     290     332     291
       3     291     332     333
       3     291     333     292
       3     292     333     334
       3     292     334     293
       3     293     334     335
       3     293     335     294
       3     294     335     336
       3     294     336     295
       3     295     336     337
       3     295     337     296
       3     296     337     338
       3     296     338     297
       3     297     338     339
       3     297     339     298
       3     298     339     340
       3     298     340     299
       3     299     340     341
       3     299     341     300
       3     300     341     342
       3     300     342     301
       3     301     342     343
       3     301     343     302
       3     302     343     344
       3     302     344     303
       3     303     344     345
       3     303     345     304
       3     304     345     346
       3     304     346     305
       3     305     346     347
       3     305     347     306
       3     306     347     348
       3     306     348     307
       3     307     348     349
       3     307     349     308
       3     308     349     350
       3     308     350     309
       3     309     350     351
       3     309     351     310
       3     310     351     352
       3     310     352     311
       3     311     352     353
       3     311     353     312
       3     312     353     354
       3     312     354     313
       3     313     354     355
       3     313     355     314
       3     314     355     356
       3     314     356     315
       3     315     356     357
       3     315     357     316
       3     316     357     358
       3     316     358     317
       3     317     358     359
       3     317     359     318
       3     318     359     360
       3     318     360     319
       3     319     360     361
       3     319     361     320
       3     320     361     362
       3     320     362     321
       3     321     362     363
       3     321     363     322
       3     322     363     364
       3     322     364     323
       3     323     364     365
       3     323     365     324
       3     324     365     366
       3     324     366     325
       3     325     366     367
       3     325     367     326
       3     326     367     368
       3     326     368     327
       3     328     369     370
       3     328     370     329
       3     329     370     371
       3     329     371     330
       3     330     371     372
       3     330     372     331
       3     331     372     373
       3     331     373     332
       3     332     373     374
       3     332     374     333
       3     333     374     375
       3     333     375     334
       3     334     375     376
       3     334     376     335
       3     335     376     377
       3     335     377     336
       3     336     377     378
       3     336     378     337
       3     337     378     379
       3     337     379     338
       3     338     379     380
       3     338     380     339
       3     339     380     381
       3     339     381     340
       3     340     381     382
       3     340     382     341
       3     341     382     383
       3     341     383     342
       3     342     383     384
       3     342     384     343
       3     343     384     385
       3     343     385     344
       3     344     385     386
       3     344     386     345
       3     345     386     387
       3     345     387     346
       3     346     387     388
       3     346     388     347
       3     347     388     389
       3     347     389     348
       3     348     389     390
       3     348     390     349
       3     349     390     391
       3     349     391     350
       3     350     391     392
       3     350     392     351
       3     351     392     393
       3     351     393     352
       3     352     393     394
       3     352     394     353
       3     353     394     395
       3     353     395     354
       3     354     395     396
       3     354     396     355
       3     355     396     397
       3     355     397     356
       3     356     397     398
       3     356     398     357
       3     357     398     399
       3     357     399     358
       3     358     399     400
       3     358     400     359
       3     359     400     401
       3     359     401     360
       3     360     401     402
       3     360     402     361
       3     361     402     403
       3     361     403     362
       3     362     403     404
       3     362     404     363
       3     363     404     405
       3     363     405     364
       3     364     405     406
       3     364     406     365
       3     365     406     407
       3     365     407     366
       3     366     407     408
       3     366     408     367
       3     367     408     409
       3     367     409     368
       3     369     410     411
       3     369     411     370
       3     370     411     412
       3     370     412     371
       3     371     412     413
       3     371     413     372
       3     372     413     414
       3     372     414     373
       3     373     414     415
       3     373     415     374
       3     374     415     416
       3     374     416     375
       3     375     416     417
       3     375     417     376
       3     376     417     418
       3     376     418     377
       3     377     418     419
       3     377     419     378
       3     378     419     420
       3     378     420     379
       3     379     420     421
       3     379     421     380
       3     380     421     422
       3     380     422     381
       3     381     422     423
       3     381     423     382
       3     382     423     424
       3     382     424     383
       3     383     424     425
       3     383     425     384
       3     384     425     426
       3     384     426     385
       3     385     426     427
       3     385     427     386
       3     386     427     428
       3     386     428     387
       3     387     428     429
       3     387     429     388
       3     388     429     430
       3     388     430     389
       3     389     430     431
       3     389     431     390
       3     390     431     432
       3     390     432     391
       3     391     432     433
       3     391     433     392
       3     392     433     434
       3     392     434     393
       3     393     434     435
       3     393     435     394
       3     394     435     436
       3     394     436     395
       3     395     436     437
       3     395     437     396
       3     396     437     438
       3     396     438     397
       3     397     438     439
       3     397     439     398
       3     398     439     440
       3     398     440     399
       3     399     440     441
       3     399     441     400
       3     400     441     442
       3     400     442     401
       3     401     442     443
       3     401     443     402
       3     402     443     444
       3     402     444     403
       3     403     444     445
       3     403     445     404
       3     404     445     446
       3     404     446     405
       3     405     446     447
       3     405     447     406
       3     406     447     448
       3     406     448     407
       3     407     448     449
       3     407     449     408
       3     408     449     450
       3     408     450     409
       3     410     451     452
       3     410     452     411
       3     411     452     453
       3     411     453     412
       3     412     453     454
       3     412     454     413
       3     413     454     455
       3     413     455     414
       3     414     455     456
       3     414     456     415
       3     415     456     457
       3     415     457     416
       3     416     457     458
       3     416     458     417
       3     417     458     459
       3     417     459     418
       3     418     459     460
       3     418     460     419
       3     419     460     461
       3     419     461     420
       3     420     461     462
       3     420     462     421
       3     421     462     463
       3     421     463     422
       3     422     463     464
       3     422     464     423
       3     423     464     465
       3     423     465     424
       3     424     465     466
       3     424     466     425
       3     425     466     467
       3     425     467     426
       3     426     467     468
       3     426     468     427
       3     427     468     469
       3     427     469     428
       3     428     469     470
       3     428     470     429
       3     429     470     471
       3     429     471     430
       3     430     471     472
       3     430     472     431
       3     431     472     473
       3     431     473     432
       3     432     473     474
       3     432     474     433
       3     433     474     475
       3     433     475     434
       3     434     475     476
       3     434     476     435
       3     435     476     477
       3     435     477     436
       3     436     477     478
       3     436     478     437
       3     437     478     479
       3     437     479     438
       3     438     479     480
       3     438     480     439
       3     439     480     481
       3     439     481     440
       3     440     481     482
       3     440     482     441
       3     441     482     483
       3     441     483     442
       3     442     483     484
       3     442     484     443
       3     443     484     485
       3     443     485     444
       3     444     485     486
       3     444     486     445
       3     445     486     487
       3     445     487     446
       3     446     487     488
       3     446     488     447
       3     447     488     489
       3     447     489     448
       3     448     489     490
       3     448     490     449
       3     449     490     491
       3     449     491     450
       3     451     492     493
       3     451     493     452
       3     452     493     494
       3     452     494     453
       3     453     494     495
       3     453     495     454
       3     454     495     496
       3     454     496     455
       3     455     496     497
       3     455     497     456
       3     456     497     498
       3     456     498     457
       3     457     498     499
       3     457     499     458
       3     458     499     500
       3     458     500     459
       3     459     500     501
       3     459     501     460
       3     460     501     502
       3     460     502     461
       3     461     502     503
       3     461     503     462
       3     462     503     504
       3     462     504     463
       3     463     504     505
       3     463     505     464
       3     464     505     506
       3     464     506     465
       3     465     506     507
       3     465     507     466
       3     466     507     508
       3     466     508     467
       3     467     508     509
       3     467     509     468
       3     468     509     510
       3     468     510     469
       3     469     510     511
       3     469     511     470
       3     470     511     512
       3     470     512     471
       3     471     512     513
       3     471     513     472
       3     472     513     514
       3     472     514     473
       3     473     514     515
       3     473     515     474
       3     474     515     516
       3     474     516     475
       3     475     516     517
       3     475     517     476
       3     476     517     518
       3     476     518     477
       3     477     518     519
       3     477     519     478
       3     478     519     520
       3     478     520     479
       3     479     520     521
       3     479     521     480
       3     480     521     522
       3     480     522     481
       3     481     522     523
       3     481     523     482
       3     482     523     524
       3     482     524     483
       3     483     524     525
       3     483     525     484
       3     484     525     526
       3     484     526     485
       3     485     526     527
       3     485     527     486
       3     486     527     528
       3     486     528     487
       3     487     528     529
       3     487     529     488
       3     488     529     530
       3     488     530     489
       3     489     530     531
       3     489     531     490
       3     490     531     532
       3     490     532     491
       3     492     533     534
       3     492     534     493
       3     493     534     535
       3     493     535     494
       3     494     535     536
       3     494     536     495
       3     495     536     537
       3     495     537     496
       3     496     537     538
       3     496     538     497
       3     497     538     539
       3     497     539     498
       3     498     539     540
       3     498     540     499
       3     499     540     541
       3     499     541     500
       3     500     541     542
       3     500     542     501
       3     501     542     543
       3     501     543     502
       3     502     543     544
       3     502     544     503
       3     503     544     545
       3     503     545     504
       3     504     545     546
       3     504     546     505
       3     505     546     547
       3     505     547     506
       3     506     547     548
       3     506     548     507
       3     507     548     549
       3     507     549     508
       3     508     549     550
       3     508     550     509
       3     509     550     551
       3     509     551     510
       3     510     551     552
       3     510     552     511
       3     511     552     553
       3     511     553     512
       3     512     553     554
       3     512     554     513
       3     513     554     555
       3     513     555     514
       3     514     555     556
       3     514     556     515
       3     515     556     557
       3     515     557     516
       3     516     557     558
       3     516     558     517
       3     517     558     559
       3     517     559     518
       3     518     559     560
       3     518     560     519
       3     519     560     561
       3     519     561     520
       3     520     561     562
       3     520     562     521
       3     521     562     563
       3     521     563     522
       3     522     563     564
       3     522     564     523
       3     523     564     565
       3     523     565     524
       3     524     565     566
       3     524     566     525
       3     525     566     567
       3     525     567     526
       3     526     567     568
       3     526     568     527
       3     527     568     569
       3     527     569     528
       3     528     569     570
       3     528     570     529
       3     529     570     571
       3     529     571     530
       3     530     571     572
       3     530     572     531
       3     531     572     573
       3     531     573     532
       3     533     574     575
       3     533     575     534
       3     534     575     576
       3     534     576     535
       3     535     576     577
       3     535     577     536
       3     536     577     578
       3     536     578     537
       3     537     578     579
       3     537     579     538
       3     538     579     580
       3     538     580     539
       3     539     580     581
       3     539     581     540
       3     540     581     582
       3     540     582     541
       3     541     582     583
       3     541     583     542
       3     542     583     584
       3     542     584     543
       3     543     584     585
       3     543     585     544
       3     544     585     586
       3     544     586     545
       3     545     586     587
       3     545     587     546
       3     546     587     588
       3     546     588     547
       3     547     588     589
       3     547     589     548
       3     548     589     590
       3     548     590     549
       3     549     590     591
       3     549     591     550
       3     550     591     592
       3     550     592     551
       3     551     592     593
       3     551     593     552
       3     552     593     594
       3     552     594     553
       3     553     594     595
       3     553     595     554
       3     554     595     596
       3     554     596     555
       3     555     596     597
       3     555     597     556
       3     556     597     598
       3     556     598     557
       3     557     598     599
       3     557     599     558
       3     558     599     600
       3     558     600     559
       3     559     600     601
       3     559     601     560
       3     560     601     602
       3     560     602     561
       3     561     602     603
       3     561     603     562
       3     562     603     604
       3     562     604     563
       3     563     604     605
       3     563     605     564
       3     564     605     606
       3     564     606     565
       3     565     606     607
       3     565     607     566
       3     566     607     608
       3     566     608     567
       3     567     608     609
       3     567     609     568
       3     568     609     610
       3     568     610     569
       3     569     610     611
       3     569     611     570
       3     570     611     612
       3     570     612     571
       3     571     612     613
       3     571     613     572
       3     572     613     614
       3     572     614     573
       3     574     615     616
       3     574     616     575
       3     575     616     617
       3     575     617     576
       3     576     617     618
       3     576     618     577
       3     577     618     619
       3     577     619     578
       3     578     619     620
       3     578     620     579
       3     579     620     621
       3     579     621     580
       3     580     621     622
       3     580     622     581
       3     581     622     623
       3     581     623     582
       3     582     623     624
       3     582     624     583
       3     583     624     625
       3     583     625     584
       3     584     625     626
       3     584     626     585
       3     585     626     627
       3     585     627     586
       3     586     627     628
       3     586     628     587
       3     587     628     629
       3     587     629     588
       3     588     629     630
       3     588     630     589
       3     589     630     631
       3     589     631     590
       3     590     631     632
       3     590     632     591
       3     591     632     633
       3     591     633     592
       3     592     633     634
       3     592     634     593
       3     593     634     635
       3     593     635     594
       3     594     635     636
       3     594     636     595
       3     595     636     637
       3     595     637     596
       3     596     637     638
       3     596     638     597
       3     597     638     639
       3     597     639     598
       3     598     639     640
       3     598     640     599
       3     599     640     641
       3     599     641     600
       3     600     641     642
       3     600     642     601
       3     601     642     643
       3     601     643     602
       3     602     643     644
       3     602     644     603
       3     603     644     645
       3     603     645     604
       3     604     645     646
       3     604     646     605
       3     605     646     647
       3     605     647     606
       3     606     647     648
       3     606     648     607
       3     607     648     649
       3     607     649     608
       3     608     649     650
       3     608     650     609
       3     609     650     651
       3     609     651     610
       3     610     651     652
       3     610     652     611
       3     611     652     653
       3     611     653     612
       3     612     653     654
       3     612     654     613
       3     613     654     655
       3     613     655     614
       3     615     656     657
       3     615     657     616
       3     616     657     658
       3     616     658     617
       3     617     658     659
       3     617     659     618
       3     618     659     660
       3     618     660     619
       3     619     660     661
       3     619     661     620
       3     620     661     662
       3     620     662     621
       3     621     662     663
       3     621     663     622
       3     622     663     664
       3     622     664     623
       3     623     664     665
       3     623     665     624
       3     624     665     666
       3     624     666     625
       3     625     666     667
       3     625     667     626
       3     626     667     668
       3     626     668     627
       3     627     668     669
       3     627     669     628
       3     628     669     670
       3     628     670     629
       3     629     670     671
       3     629     671     630
       3     630     671     672
       3     630     672     631
       3     631     672     673
       3     631     673     632
       3     632     673     674
       3     632     674     633
       3     633     674     675
       3     633     675     634
       3     634     675     676
       3     634     676     635
       3     635     676     677
       3     635     677     636
       3     636     677     678
       3     636     678     637
       3     637     678     679
       3     637     679     638
       3     638     679     680
       3     638     680     639
       3     639     680     681
       3     639     681     640
       3     640     681     682
       3     640     682     641
       3     641     682     683
       3     641     683     642
       3     642     683     684
       3     642     684     643
       3     643     684     685
       3     643     685     644
       3     644     685     686
       3     644     686     645
       3     645     686     687
       3     645     687     646
       3     646     687     688
       3     646     688     647
       3     647     688     689
       3     647     689     648
       3     648     689     690
       3     648     690     649
       3     649     690     691
       3     649     691     650
       3     650     691     692
       3     650     692     651
       3     651     692     693
       3     651     693     652
       3     652     693     694
       3     652     694     653
       3     653     694     695
       3     653     695     654
       3     654     695     696
       3     654     696     655
CELL_TYPES     1280
 5
 5
 5
 5
 5
 5
 5
 5
 5
 5
 5
 5
 5
 5
 5
 5
 5
 5
 5
 5
 5
 5
 5
 5
 5
 5
 5
 5
 5
 5
 5
 5
 5
 5
 5
 5
 5
 5
 5
 5
 5
 5
 5
 5
 5
 5
 5
 5
 5
 5
 5
 5
 5
 5
 5
 5
 5
 5
 5
 5
 5
 5
 5
 5
 5
 5
 5
 5
 5
 5
 5
 5
 5
 5
 5
 5
 5
 5
 5
 5
 5
 5
 5
 5
 5
 5
 5
 5
 5
 5
 5
 5
 5
 5
 5
 5
 5
 5
 5
 5
 5
 5
 5
 5
 5
 5
 5
 5
 5
 5
 5
 5
 5
 5
 5
 5
 5
 5
 5
 5
 5
 5
 5
 5
 5
 5
 5
 5
 5
 5
 5
 5
 5
 5
 5
 5
 5
 5
 5
 5
 5
 5
 5
 5
 5
 5
 5
 5
 5
 5
 5
 5
 5
 5
 5
 5
 5
 5
 5
 5
 5
 5
 5
 5
 5
 5
 5
 5
 5
 5
 5
 5
 5
 5
 5
 5
 5
 5
 5
 5
 5
 5
 5
 5
 5
 5
 5
 5
 5
 5
 5
 5
 5
 5
 5
 5
 5
 5
 5
 5
 5
 5
 5
 5
 5
 5
 5
 5
 5
 5
 5
 5
 5
 5
 5
 5
 5
 5
 5
 5
 5
 5
 5
 5
 5
 5
 5
 5
 5
 5
 5
 5
 5
 5
 5
 5
 5
 5
 5
 5
 5
 5
 5
 5
 5
 5
 5
 5
 5
 5
 5
 5
 5
 5
 5
 5
 5
 5
 5
 5
 5
 5
 5
 5
 5
 5
 5
 5
 5
 5
 5
 5
 5
 5
 5
 5
 5
 5
 5
 5
 5
 5
 5
 5
 5
 5
 5
 5
 5
 5
 5
 5
 5
 5
 5
 5
 5
 5
 5
 5
 5
 5
 5
 5
 5
 5
 5
 5
 5
 5
 5
 5
 5
 5
 5
 5
 5
 5
 5
 5
 5
 5
 5
 5
 5
 5
 5
 5
 5
 5
 5
 5
 5
 5
 5
 5
 5
 5
 5
 5
 5
 5
 5
 5
 5
 5
 5
 5
 5
 5
 5
 5
 5
 5
 5
 5
 5
 5
 5
 5
 5
 5
 5
 5
 5
 5
 5
 5
 5
 5
 5
 5
 5
 5
 5
 5
 5
 5
 5
 5
 5
 5
 5
 5
 5
 5
 5
 5
 5
 5
 5
 5
 5
 5
 5
 5
 5
 5
 5
 5
 5
 5
 5
 5
 5
 5
 5
 5
 5
 5
 5
 5
 5
 5
 5
 5
 5
 5
 5
 5
 5
 5
 5
 5
 5
 5
 5
 5
 5
 5
 5
 5
 5
 5
 5
 5
 5
 5
 5
 5
 5
 5
 5
 5
 5
 5
 5
 5
 5
 5
 5
 5
 5
 5
 5
 5
 5
 5
 5
 5
 5
 5
 5
 5
 5
 5
 5
 5
 5
 5
 5
 5
 5
 5
 5
 5
 5
 5
 5
 5
 5
 5
 5
 5
 5
 5
 5
 5
 5
 5
 5
 5
 5
 5
 5
 5
 5
 5
 5
 5
 5
 5
 5
 5
 5
 5
 5
 5
 5
 5
 5
 5
 5
 5
 5
 5
 5
 5
 5
 5
 5
 5
 5
 5
 5
 5
 5
 5
 5
 5
 5
 5
 5
 5
 5
 5
 5
 5
 5
 5
 5
 5
 5
 5
 5
 5
 5
 5
 5
 5
 5
 5
 5
 5
 5
 5
 5
 5
 5
 5
 5
 5
 5
 5
 5
 5
 5
 5
 5
 5
 5
 5
 5
 5
 5
 5
 5
 5
 5
 5
 5
 5
 5
 5
 5
 5
 5
 5
 5
 5
 5
 5
 5
 5
 5
 5
 5
 5
 5
 5
 5
 5
 5
 5
 5
 5
 5
 5
 5
 5
 5
 5
 5
 5
 5
 5
 5
 5
 5
 5
 5
 5
 5
 5
 5
 5
 5
 5
 5
 5
 5
 5
 5
 5
 5
 5
 5
 5
 5
 5
 5
 5
 5
 5
 5
 5
 5
 5
 5
 5
 5
 5
 5
 5
 5
 5
 5
 5
 5
 5
 5
 5
 5
 5
 5
 5
 5
 5
 5
 5
 5
 5
 5
 5
 5
 5
 5
 5
 5
 5
 5
 5
 5
 5
 5
 5
 5
 5
 5
 5
 5
 5
 5
 5
 5
 5
 5
 5
 5
 5
 5
 5
 5
 5
 5
 5
 5
 5
 5
 5
 5
 5
 5
 5
 5
 5
 5
 5
 5
 5
 5
 5
 5
 5
 5
 5
 5
 5
 5
 5
 5
 5
 5
 5
 5
 5
 5
 5
 5
 5
 5
 5
 5
 5
 5
 5
 5
 5
 5
 5
 5
 5
 5
 5
 5
 5
 5
 5
 5
 5
 5
 5
 5
 5
 5
 5
 5
 5
 5
 5
 5
 5
 5
 5
 5
 5
 5
 5
 5
 5
 5
 5
 5
 5
 5
 5
 5
 5
 5
 5
 5
 5
 5
 5
 5
 5
 5
 5
 5
 5
 5
 5
 5
 5
 5
 5
 5
 5
 5
 5
 5
 5
 5
 5
 5
 5
 5
 5
 5
 5
 5
 5
 5
 5
 5
 5
 5
 5
 5
 5
 5
 5
 5
 5
 5
 5
 5
 5
 5
 5
 5
 5
 5
 5
 5
 5
 5
 5
 5
 5
 5
 5
 5
 5
 5
 5
 5
 5
 5
 5
 5
 5
 5
 5
 5
 5
 5
 5
 5
 5
 5
 5
 5
 5
 5
 5
 5
 5
 5
 5
 5
 5
 5
 5
 5
 5
 5
 5
 5
 5
 5
 5
 5
 5
 5
 5
 5
 5
 5
 5
 5
 5
 5
 5
 5
 5
 5
 5
 5
 5
 5
 5
 5
 5
 5
 5
 5
 5
 5
 5
 5
 5
 5
 5
 5
 5
 5
 5
 5
 5
 5
 5
 5
 5
 5
 5
 5
 5
 5
 5
 5
 5
 5
 5
 5
 5
 5
 5
 5
 5
 5
 5
 5
 5
 5
 5
 5
 5
 5
 5
 5
 5
 5
 5
 5
 5
 5
 5
 5
 5
 5
 5
 5
 5
 5
 5
 5
 5
 5
 5
 5
 5
 5
 5
 5
 5
 5
 5
 5
 5
 5
 5
 5
 5
 5
 5
 5
 5
 5
 5
 5
 5
 5
 5
 5
 5
 5
 5
 5
 5
 5
 5
 5
 5
 5
 5
 5
 5
 5
 5
 5
 5
 5
 5
 5
 5
 5
 5
 5
 5
 5
 5
 5
 5
 5
 5
 5
 5
 5
 5
 5
 5
 5
 5
 5
 5
 5
 5
 5
 5
 5
 5
 5
 5
 5
 5
 5
 5
 5
 5
 5
 5
 5
 5
 5
 5
 5
 5
 5
 5
 5
 5
 5
 5
 5
 5
 5
 5
 5
 5
 5
 5
 5
 5
 5
 5
 5
 5
 5
 5
 5
 5
 5
 5
 5
 5
 5
 5
 5
 5
 5
 5
 5
 5
 5
 5
 5
 5
 5
 5
 5
 5
 5
 5
 5
 5
 5
 5
 5
 5
 5
 5
 5
 5
 5
 5
 5
 5
 5
 5
 5
 5
 5
 5
 5
 5
 5
 5
 5
 5
 5
 5
 5
 5
 5
 5
 5
 5
 5
 5
 5
 5
 5
 5
 5
 5
 5
 5
 5
 5
 5
 5
 5
 5
 5
 5
 5
 5
 5
 5
 5
 5
 5
 5
 5
 5
 5
 5
 5
 5
 5
 5
 5
 5
 5
 5
 5
 5
 5
 5
 5
 5
 5
 5
 5
 5
 5
 5
 5
 5
 5
 5
 5
 5
 5
 5
 5
 5
 5
 5
 5
 5
 5
 5
 5
 5
 5
 5
 5
 5
 5
 5
 5
 5
 5
 5
 5
 5
 5
 5
 5
 5
 5
 5
 5
 5
 5
 5
 5
 5
 5
 5
 5
 5
 5
 5
 5
 5
 5
 5
 5
 5
 5
 5
 5
 5
 5
 5
 5
 5
 5
 5
 5
 5
 5
 5
 5
 5
 5
 5
 5
 5
 5
 5
 5
 5
 5
 5
 5
 5
POINT_DATA      697
VECTORS Deslocamentos float
  0.22230277E+00 -0.77957716E-02  0.00000000E+00
  0.22213169E+00 -0.63017033E-01  0.00000000E+00
  0.22130425E+00 -0.11845316E+00  0.00000000E+00
  0.21959677E+00 -0.17334596E+00  0.00000000E+00
  0.21706925E+00 -0.22711509E+00  0.00000000E+00
  0.21382178E+00 -0.27934144E+00  0.00000000E+00
  0.20993289E+00 -0.32968777E+00  0.00000000E+00
  0.20546002E+00 -0.37785563E+00  0.00000000E+00
  0.20044967E+00 -0.42356975E+00  0.00000000E+00
  0.19494412E+00 -0.46657430E+00  0.00000000E+00
  0.18898454E+00 -0.50663286E+00  0.00000000E+00
  0.18261198E+00 -0.54352897E+00  0.00000000E+00
  0.17586759E+00 -0.57706658E+00  0.00000000E+00
  0.16879259E+00 -0.60707018E+00  0.00000000E+00
  0.16142825E+00 -0.63338491E+00  0.00000000E+00
  0.15381587E+00 -0.65587655E+00  0.00000000E+00
  0.14599674E+00 -0.67443154E+00  0.00000000E+00
  0.13801215E+00 -0.68895697E+00  0.00000000E+00
  0.12990341E+00 -0.69938056E+00  0.00000000E+00
  0.12171180E+00 -0.70565070E+00  0.00000000E+00
  0.11347861E+00 -0.70773642E+00  0.00000000E+00
  0.10524515E+00 -0.70562740E+00  0.00000000E+00
  0.97052711E-01 -0.69933396E+00  0.00000000E+00
  0.88942582E-01 -0.68888707E+00  0.00000000E+00
  0.80956060E-01 -0.67433835E+00  0.00000000E+00
  0.73134440E-01 -0.65576007E+00  0.00000000E+00
  0.65519019E-01 -0.63324513E+00  0.00000000E+00
  0.58151091E-01 -0.60690710E+00  0.00000000E+00
  0.51071950E-01 -0.57688021E+00  0.00000000E+00
  0.44322867E-01 -0.54331933E+00  0.00000000E+00
  0.37945058E-01 -0.50639998E+00  0.00000000E+00
  0.31979609E-01 -0.46631820E+00  0.00000000E+00
  0.26467414E-01 -0.42329034E+00  0.00000000E+00
  0.21449330E-01 -0.37755241E+00  0.00000000E+00
  0.16967298E-01 -0.32935921E+00  0.00000000E+00
  0.13068069E-01 -0.27898429E+00  0.00000000E+00
  0.98117183E-02 -0.22672525E+00  0.00000000E+00
  0.72837156E-02 -0.17292455E+00  0.00000000E+00
  0.55930630E-02 -0.11801965E+00  0.00000000E+00
  0.47983308E-02 -0.62612363E-01  0.00000000E+00
  0.46453826E-02 -0.74040231E-02  0.00000000E+00
  0.20852267E+00 -0.77802948E-02  0.00000000E+00
  0.20834555E+00 -0.63020200E-01  0.00000000E+00
  0.20757773E+00 -0.11851048E+00  0.00000000E+00
  0.20607459E+00 -0.17346350E+00  0.00000000E+00
  0.20387292E+00 -0.22728716E+00  0.00000000E+00
  0.20104741E+00 -0.27956166E+00  0.00000000E+00
  0.19766155E+00 -0.32995131E+00  0.00000000E+00
  0.19376429E+00 -0.37815881E+00  0.00000000E+00
  0.18939625E+00 -0.42390945E+00  0.00000000E+00
  0.18459464E+00 -0.46694759E+00  0.00000000E+00
  0.17939563E+00 -0.50703683E+00  0.00000000E+00
  0.17383519E+00 -0.54396075E+00  0.00000000E+00
  0.16794935E+00 -0.57752327E+00  0.00000000E+00
  0.16177420E+00 -0.60754887E+00  0.00000000E+00
  0.15534584E+00 -0.63388271E+00  0.00000000E+00
  0.14870042E+00 -0.65639055E+00  0.00000000E+00
  0.14187405E+00 -0.67495883E+00  0.00000000E+00
  0.13490287E+00 -0.68949465E+00  0.00000000E+00
  0.12782302E+00 -0.69992573E+00  0.00000000E+00
  0.12067063E+00 -0.70620046E+00  0.00000000E+00
  0.11348183E+00 -0.70828786E+00  0.00000000E+00
  0.10629276E+00 -0.70617762E+00  0.00000000E+00
  0.99139535E-01 -0.69988006E+00  0.00000000E+00
  0.92058303E-01 -0.68942614E+00  0.00000000E+00
  0.85085192E-01 -0.67486749E+00  0.00000000E+00
  0.78256336E-01 -0.65627636E+00  0.00000000E+00
  0.71607869E-01 -0.63374569E+00  0.00000000E+00
  0.65175923E-01 -0.60738902E+00  0.00000000E+00
  0.58996627E-01 -0.57734058E+00  0.00000000E+00
  0.53106095E-01 -0.54375526E+00  0.00000000E+00
  0.47540400E-01 -0.50680856E+00  0.00000000E+00
  0.42335532E-01 -0.46669655E+00  0.00000000E+00
  0.37527383E-01 -0.42363557E+00  0.00000000E+00
  0.33151930E-01 -0.37786162E+00  0.00000000E+00
  0.29246159E-01 -0.32962934E+00  0.00000000E+00
  0.25850844E-01 -0.27921186E+00  0.00000000E+00
  0.23016504E-01 -0.22690573E+00  0.00000000E+00
  0.20811063E-01 -0.17305184E+00  0.00000000E+00
  0.19316186E-01 -0.11808701E+00  0.00000000E+00
  0.18573786E-01 -0.62619017E-01  0.00000000E+00
  0.18416224E-01 -0.73856771E-02  0.00000000E+00
  0.19480561E+00 -0.77509873E-02  0.00000000E+00
  0.19464748E+00 -0.63012024E-01  0.00000000E+00
  0.19395790E+00 -0.11855863E+00  0.00000000E+00
  0.19265251E+00 -0.17356355E+00  0.00000000E+00
  0.19076583E+00 -0.22743309E+00  0.00000000E+00
  0.18835327E+00 -0.27974852E+00  0.00000000E+00
  0.18546352E+00 -0.33017541E+00  0.00000000E+00
  0.18213607E+00 -0.37841722E+00  0.00000000E+00
  0.17840502E+00 -0.42419953E+00  0.00000000E+00
  0.17430215E+00 -0.46726681E+00  0.00000000E+00
  0.16985852E+00 -0.50738269E+00  0.00000000E+00
  0.16510502E+00 -0.54433074E+00  0.00000000E+00
  0.16007255E+00 -0.57791487E+00  0.00000000E+00
  0.15479206E+00 -0.60795958E+00  0.00000000E+00
  0.14929449E+00 -0.63431000E+00  0.00000000E+00
  0.14361083E+00 -0.65683191E+00  0.00000000E+00
  0.13777203E+00 -0.67541175E+00  0.00000000E+00
  0.13180907E+00 -0.68995661E+00  0.00000000E+00
  0.12575293E+00 -0.70039421E+00  0.00000000E+00
  0.11963456E+00 -0.70667294E+00  0.00000000E+00
  0.11348495E+00 -0.70876184E+00  0.00000000E+00
  0.10733506E+00 -0.70665057E+00  0.00000000E+00
  0.10121587E+00 -0.70034946E+00  0.00000000E+00
  0.95158338E-01 -0.68988948E+00  0.00000000E+00
  0.89193445E-01 -0.67532225E+00  0.00000000E+00
  0.83352159E-01 -0.65672003E+00  0.00000000E+00
  0.77665452E-01 -0.63417575E+00  0.00000000E+00
  0.72164294E-01 -0.60780295E+00  0.00000000E+00
  0.66879652E-01 -0.57773588E+00  0.00000000E+00
  0.61842487E-01 -0.54412939E+00  0.00000000E+00
  0.57083735E-01 -0.50715902E+00  0.00000000E+00
  0.52634290E-01 -0.46702082E+00  0.00000000E+00
  0.48525008E-01 -0.42393117E+00  0.00000000E+00
  0.44786834E-01 -0.37812605E+00  0.00000000E+00
  0.41451368E-01 -0.32986011E+00  0.00000000E+00
  0.38552542E-01 -0.27940631E+00  0.00000000E+00
  0.36130352E-01 -0.22706049E+00  0.00000000E+00
  0.34236257E-01 -0.17316164E+00  0.00000000E+00
  0.32933069E-01 -0.11814348E+00  0.00000000E+00
  0.32264508E-01 -0.62614228E-01  0.00000000E+00
  0.32132265E-01 -0.73567244E-02  0.00000000E+00
  0.18114769E+00 -0.76935206E-02  0.00000000E+00
  0.18102525E+00 -0.62988859E-01  0.00000000E+00
  0.18042427E+00 -0.11859647E+00  0.00000000E+00
  0.17931349E+00 -0.17364740E+00  0.00000000E+00
  0.17773423E+00 -0.22755444E+00  0.00000000E+00
  0.17572767E+00 -0.27990330E+00  0.00000000E+00
  0.17332830E+00 -0.33036112E+00  0.00000000E+00
  0.17056574E+00 -0.37863175E+00  0.00000000E+00
  0.16746709E+00 -0.42444084E+00  0.00000000E+00
  0.16405851E+00 -0.46753280E+00  0.00000000E+00
  0.16036582E+00 -0.50767127E+00  0.00000000E+00
  0.15641482E+00 -0.54463978E+00  0.00000000E+00
  0.15223127E+00 -0.57824224E+00  0.00000000E+00
  0.14784098E+00 -0.60830315E+00  0.00000000E+00
  0.14326976E+00 -0.63466764E+00  0.00000000E+00
  0.13854340E+00 -0.65720149E+00  0.00000000E+00
  0.13368772E+00 -0.67579114E+00  0.00000000E+00
  0.12872853E+00 -0.69034368E+00  0.00000000E+00
  0.12369163E+00 -0.70078683E+00  0.00000000E+00
  0.11860284E+00 -0.70706899E+00  0.00000000E+00
  0.11348797E+00 -0.70915918E+00  0.00000000E+00
  0.10837281E+00 -0.70704708E+00  0.00000000E+00
  0.10328319E+00 -0.70074300E+00  0.00000000E+00
  0.98244915E-01 -0.69027793E+00  0.00000000E+00
  0.93283788E-01 -0.67570348E+00  0.00000000E+00
  0.88425620E-01 -0.65709192E+00  0.00000000E+00
  0.83696220E-01 -0.63453615E+00  0.00000000E+00
  0.79121398E-01 -0.60814975E+00  0.00000000E+00
  0.74726962E-01 -0.57806693E+00  0.00000000E+00
  0.70538719E-01 -0.54444257E+00  0.00000000E+00
  0.66582469E-01 -0.50745219E+00  0.00000000E+00
  0.62884007E-01 -0.46729186E+00  0.00000000E+00
  0.59469116E-01 -0.42417798E+00  0.00000000E+00
  0.56363587E-01 -0.37834660E+00  0.00000000E+00
  0.53593346E-01 -0.33005256E+00  0.00000000E+00
  0.51185002E-01 -0.27956892E+00  0.00000000E+00
  0.49167693E-01 -0.22719103E+00  0.00000000E+00
  0.47577625E-01 -0.17325522E+00  0.00000000E+00
  0.46464202E-01 -0.11818855E+00  0.00000000E+00
  0.45881716E-01 -0.62593853E-01  0.00000000E+00
  0.45794306E-01 -0.73017237E-02  0.00000000E+00
  0.16754000E+00 -0.75949447E-02  0.00000000E+00
  0.16746481E+00 -0.62948319E-01  0.00000000E+00
  0.16695792E+00 -0.11862357E+00  0.00000000E+00
  0.16604062E+00 -0.17371584E+00  0.00000000E+00
  0.16476424E+00 -0.22765230E+00  0.00000000E+00
  0.16315877E+00 -0.28002697E+00  0.00000000E+00
  0.16124537E+00 -0.33050925E+00  0.00000000E+00
  0.15904366E+00 -0.37880316E+00  0.00000000E+00
  0.15657360E+00 -0.42463409E+00  0.00000000E+00
  0.15385556E+00 -0.46774629E+00  0.00000000E+00
  0.15091011E+00 -0.50790327E+00  0.00000000E+00
  0.14775790E+00 -0.54488857E+00  0.00000000E+00
  0.14441956E+00 -0.57850607E+00  0.00000000E+00
  0.14091577E+00 -0.60858028E+00  0.00000000E+00
  0.13726718E+00 -0.63495632E+00  0.00000000E+00
  0.13349442E+00 -0.65749999E+00  0.00000000E+00
  0.12961815E+00 -0.67609771E+00  0.00000000E+00
  0.12565901E+00 -0.69065657E+00  0.00000000E+00
  0.12163765E+00 -0.70110432E+00  0.00000000E+00
  0.11757473E+00 -0.70738932E+00  0.00000000E+00
  0.11349088E+00 -0.70948061E+00  0.00000000E+00
  0.10940675E+00 -0.70736786E+00  0.00000000E+00
  0.10534300E+00 -0.70106141E+00  0.00000000E+00
  0.10132026E+00 -0.69059221E+00  0.00000000E+00
  0.97359187E-01 -0.67601189E+00  0.00000000E+00
  0.93480427E-01 -0.65739272E+00  0.00000000E+00
  0.89704626E-01 -0.63482760E+00  0.00000000E+00
  0.86052431E-01 -0.60843010E+00  0.00000000E+00
  0.82544492E-01 -0.57833445E+00  0.00000000E+00
  0.79201464E-01 -0.54469550E+00  0.00000000E+00
  0.76044011E-01 -0.50768879E+00  0.00000000E+00
  0.73092815E-01 -0.46751038E+00  0.00000000E+00
  0.70368553E-01 -0.42437672E+00  0.00000000E+00
  0.67891785E-01 -0.37852404E+00  0.00000000E+00
  0.65682622E-01 -0.33020749E+00  0.00000000E+00
  0.63760210E-01 -0.27970060E+00  0.00000000E+00
  0.62142945E-01 -0.22729838E+00  0.00000000E+00
  0.60852803E-01 -0.17333345E+00  0.00000000E+00
  0.59928585E-01 -0.11822223E+00  0.00000000E+00
  0.59438687E-01 -0.62555163E-01  0.00000000E+00
  0.59409149E-01 -0.72071344E-02  0.00000000E+00
  0.15396999E+00 -0.74436722E-02  0.00000000E+00
  0.15395041E+00 -0.62889015E-01  0.00000000E+00
  0.15354054E+00 -0.11864001E+00  0.00000000E+00
  0.15281727E+00 -0.17376939E+00  0.00000000E+00
  0.15184197E+00 -0.22772736E+00  0.00000000E+00
  0.15063471E+00 -0.28012022E+00  0.00000000E+00
  0.14920413E+00 -0.33062045E+00  0.00000000E+00
  0.14756017E+00 -0.37893205E+00  0.00000000E+00
  0.14571567E+00 -0.42477988E+00  0.00000000E+00
  0.14368517E+00 -0.46790783E+00  0.00000000E+00
  0.14148398E+00 -0.50807929E+00  0.00000000E+00
  0.13912758E+00 -0.54507769E+00  0.00000000E+00
  0.13663150E+00 -0.57870695E+00  0.00000000E+00
  0.13401124E+00 -0.60879156E+00  0.00000000E+00
  0.13128230E+00 -0.63517664E+00  0.00000000E+00
  0.12846017E+00 -0.65772799E+00  0.00000000E+00
  0.12556034E+00 -0.67633204E+00  0.00000000E+00
  0.12259829E+00 -0.69089588E+00  0.00000000E+00
  0.11958951E+00 -0.70134724E+00  0.00000000E+00
  0.11654948E+00 -0.70763450E+00  0.00000000E+00
  0.11349369E+00 -0.70972670E+00  0.00000000E+00
  0.11043762E+00 -0.70761351E+00  0.00000000E+00
  0.10739676E+00 -0.70130525E+00  0.00000000E+00
  0.10438660E+00 -0.69083290E+00  0.00000000E+00
  0.10142261E+00 -0.67624807E+00  0.00000000E+00
  0.98520292E-01 -0.65762302E+00  0.00000000E+00
  0.95695121E-01 -0.63505068E+00  0.00000000E+00
  0.92962586E-01 -0.60864461E+00  0.00000000E+00
  0.90338177E-01 -0.57853901E+00  0.00000000E+00
  0.87837396E-01 -0.54488877E+00  0.00000000E+00
  0.85475768E-01 -0.50786939E+00  0.00000000E+00
  0.83268849E-01 -0.46767697E+00  0.00000000E+00
  0.81232184E-01 -0.42452800E+00  0.00000000E+00
  0.79381062E-01 -0.37865896E+00  0.00000000E+00
  0.77729784E-01 -0.33032553E+00  0.00000000E+00
  0.76290179E-01 -0.27980197E+00  0.00000000E+00
  0.75070366E-01 -0.22738315E+00  0.00000000E+00
  0.74078872E-01 -0.17339696E+00  0.00000000E+00
  0.73344629E-01 -0.11824492E+00  0.00000000E+00
  0.72950545E-01 -0.62496542E-01  0.00000000E+00
  0.72987835E-01 -0.70610983E-02  0.00000000E+00
  0.14042230E+00 -0.72293966E-02  0.00000000E+00
  0.14046468E+00 -0.62810451E-01  0.00000000E+00
  0.14015395E+00 -0.11864620E+00  0.00000000E+00
  0.13962713E+00 -0.17380827E+00  0.00000000E+00
  0.13895365E+00 -0.22777993E+00  0.00000000E+00
  0.13814363E+00 -0.28018344E+00  0.00000000E+00
  0.13719401E+00 -0.33069516E+00  0.00000000E+00
  0.13610562E+00 -0.37901887E+00  0.00000000E+00
  0.13488440E+00 -0.42487866E+00  0.00000000E+00
  0.13353919E+00 -0.46801790E+00  0.00000000E+00
  0.13208002E+00 -0.50819976E+00  0.00000000E+00
  0.13051720E+00 -0.54520761E+00  0.00000000E+00
  0.12886114E+00 -0.57884534E+00  0.00000000E+00
  0.12712218E+00 -0.60893744E+00  0.00000000E+00
  0.12531068E+00 -0.63532904E+00  0.00000000E+00
  0.12343696E+00 -0.65788594E+00  0.00000000E+00
  0.12151134E+00 -0.67649458E+00  0.00000000E+00
  0.11954415E+00 -0.69106203E+00  0.00000000E+00
  0.11754571E+00 -0.70151604E+00  0.00000000E+00
  0.11552636E+00 -0.70780499E+00  0.00000000E+00
  0.11349640E+00 -0.70989790E+00  0.00000000E+00
  0.11146616E+00 -0.70778446E+00  0.00000000E+00
  0.10944597E+00 -0.70147498E+00  0.00000000E+00
  0.10744615E+00 -0.69100044E+00  0.00000000E+00
  0.10547703E+00 -0.67641245E+00  0.00000000E+00
  0.10354892E+00 -0.65778328E+00  0.00000000E+00
  0.10167216E+00 -0.63520585E+00  0.00000000E+00
  0.99857057E-01 -0.60879371E+00  0.00000000E+00
  0.98113953E-01 -0.57868108E+00  0.00000000E+00
  0.96453191E-01 -0.54502283E+00  0.00000000E+00
  0.94885150E-01 -0.50799445E+00  0.00000000E+00
  0.93420250E-01 -0.46779207E+00  0.00000000E+00
  0.92068885E-01 -0.42463227E+00  0.00000000E+00
  0.90841079E-01 -0.37875181E+00  0.00000000E+00
  0.89745430E-01 -0.33040706E+00  0.00000000E+00
  0.88786849E-01 -0.27987333E+00  0.00000000E+00
  0.87963951E-01 -0.22744554E+00  0.00000000E+00
  0.87272469E-01 -0.17344607E+00  0.00000000E+00
  0.86730663E-01 -0.11825729E+00  0.00000000E+00
  0.86434111E-01 -0.62417344E-01  0.00000000E+00
  0.86544592E-01 -0.68532534E-02  0.00000000E+00
  0.12687903E+00 -0.69429774E-02  0.00000000E+00
  0.12698868E+00 -0.62713002E-01  0.00000000E+00
  0.12677985E+00 -0.11864273E+00  0.00000000E+00
  0.12645425E+00 -0.17383245E+00  0.00000000E+00
  0.12608577E+00 -0.22780993E+00  0.00000000E+00
  0.12567381E+00 -0.28021674E+00  0.00000000E+00
  0.12520448E+00 -0.33073361E+00  0.00000000E+00
  0.12467034E+00 -0.37906393E+00  0.00000000E+00
  0.12407091E+00 -0.42493075E+00  0.00000000E+00
  0.12340947E+00 -0.46807682E+00  0.00000000E+00
  0.12269080E+00 -0.50826502E+00  0.00000000E+00
  0.12192008E+00 -0.54527864E+00  0.00000000E+00
  0.12110255E+00 -0.57892154E+00  0.00000000E+00
  0.12024341E+00 -0.60901823E+00  0.00000000E+00
  0.11934786E+00 -0.63541385E+00  0.00000000E+00
  0.11842106E+00 -0.65797417E+00  0.00000000E+00
  0.11746817E+00 -0.67658565E+00  0.00000000E+00
  0.11649436E+00 -0.69115537E+00  0.00000000E+00
  0.11550478E+00 -0.70161106E+00  0.00000000E+00
  0.11450461E+00 -0.70790111E+00  0.00000000E+00
  0.11349900E+00 -0.70999454E+00  0.00000000E+00
  0.11249311E+00 -0.70788104E+00  0.00000000E+00
  0.11149211E+00 -0.70157092E+00  0.00000000E+00
  0.11050116E+00 -0.69109516E+00  0.00000000E+00
  0.10952541E+00 -0.67650537E+00  0.00000000E+00
  0.10857003E+00 -0.65787382E+00  0.00000000E+00
  0.10764019E+00 -0.63529342E+00  0.00000000E+00
  0.10674104E+00 -0.60887774E+00  0.00000000E+00
  0.10587775E+00 -0.57876098E+00  0.00000000E+00
  0.10505552E+00 -0.54509800E+00  0.00000000E+00
  0.10427957E+00 -0.50806431E+00  0.00000000E+00
  0.10355517E+00 -0.46785603E+00  0.00000000E+00
  0.10288755E+00 -0.42468986E+00  0.00000000E+00
  0.10228150E+00 -0.37880289E+00  0.00000000E+00
  0.10174013E+00 -0.33045229E+00  0.00000000E+00
  0.10126201E+00 -0.27991468E+00  0.00000000E+00
  0.10083733E+00 -0.22748536E+00  0.00000000E+00
  0.10044980E+00 -0.17348080E+00  0.00000000E+00
  0.10010520E+00 -0.11826021E+00  0.00000000E+00
  0.99907847E-01 -0.62317853E-01  0.00000000E+00
  0.10009628E+00 -0.65745750E-02  0.00000000E+00
  0.11331974E+00 -0.65763143E-02  0.00000000E+00
  0.11350187E+00 -0.62597924E-01  0.00000000E+00
  0.11339977E+00 -0.11863019E+00  0.00000000E+00
  0.11328308E+00 -0.17384157E+00  0.00000000E+00
  0.11322519E+00 -0.22781697E+00  0.00000000E+00
  0.11321369E+00 -0.28021998E+00  0.00000000E+00
  0.11322505E+00 -0.33073589E+00  0.00000000E+00
  0.11324469E+00 -0.37906739E+00  0.00000000E+00
  0.11326631E+00 -0.42493635E+00  0.00000000E+00
  0.11328786E+00 -0.46808478E+00  0.00000000E+00
  0.11330893E+00 -0.50827526E+00  0.00000000E+00
  0.11332954E+00 -0.54529097E+00  0.00000000E+00
  0.11334979E+00 -0.57893577E+00  0.00000000E+00
  0.11336973E+00 -0.60903415E+00  0.00000000E+00
  0.11338939E+00 -0.63543125E+00  0.00000000E+00
  0.11340876E+00 -0.65799287E+00  0.00000000E+00
  0.11342786E+00 -0.67660545E+00  0.00000000E+00
  0.11344669E+00 -0.69117608E+00  0.00000000E+00
  0.11346524E+00 -0.70163249E+00  0.00000000E+00
  0.11348351E+00 -0.70792305E+00  0.00000000E+00
  0.11350150E+00 -0.71001682E+00  0.00000000E+00
  0.11351922E+00 -0.70790344E+00  0.00000000E+00
  0.11353667E+00 -0.70159326E+00  0.00000000E+00
  0.11355383E+00 -0.69111725E+00  0.00000000E+00
  0.11357072E+00 -0.67652701E+00  0.00000000E+00
  0.11358733E+00 -0.65789482E+00  0.00000000E+00
  0.11360367E+00 -0.63531359E+00  0.00000000E+00
  0.11361972E+00 -0.60889688E+00  0.00000000E+00
  0.11363552E+00 -0.57877889E+00  0.00000000E+00
  0.11365107E+00 -0.54511448E+00  0.00000000E+00
  0.11366645E+00 -0.50807914E+00  0.00000000E+00
  0.11368176E+00 -0.46786903E+00  0.00000000E+00
  0.11369707E+00 -0.42470095E+00  0.00000000E+00
  0.11371201E+00 -0.37881234E+00  0.00000000E+00
  0.11372439E+00 -0.33046125E+00  0.00000000E+00
  0.11372722E+00 -0.27992577E+00  0.00000000E+00
  0.11370368E+00 -0.22750206E+00  0.00000000E+00
  0.11362660E+00 -0.17350077E+00  0.00000000E+00
  0.11348705E+00 -0.11825459E+00  0.00000000E+00
  0.11339189E+00 -0.62199298E-01  0.00000000E+00
  0.11366217E+00 -0.62172492E-02  0.00000000E+00
  0.99721063E-01 -0.61222184E-02  0.00000000E+00
  0.99982026E-01 -0.62467361E-01  0.00000000E+00
  0.99995131E-01 -0.11860903E+00  0.00000000E+00
  0.10009870E+00 -0.17383487E+00  0.00000000E+00
  0.10035925E+00 -0.22780033E+00  0.00000000E+00
  0.10075196E+00 -0.28019281E+00  0.00000000E+00
  0.10124531E+00 -0.33070187E+00  0.00000000E+00
  0.10181904E+00 -0.37902926E+00  0.00000000E+00
  0.10246171E+00 -0.42489551E+00  0.00000000E+00
  0.10316620E+00 -0.46804185E+00  0.00000000E+00
  0.10392697E+00 -0.50823055E+00  0.00000000E+00
  0.10473891E+00 -0.54524468E+00  0.00000000E+00
  0.10559694E+00 -0.57888808E+00  0.00000000E+00
  0.10649595E+00 -0.60898524E+00  0.00000000E+00
  0.10743081E+00 -0.63538132E+00  0.00000000E+00
  0.10839637E+00 -0.65794211E+00  0.00000000E+00
  0.10938746E+00 -0.67655405E+00  0.00000000E+00
  0.11039892E+00 -0.69112423E+00  0.00000000E+00
  0.11142559E+00 -0.70158038E+00  0.00000000E+00
  0.11246230E+00 -0.70787089E+00  0.00000000E+00
  0.11350390E+00 -0.70996478E+00  0.00000000E+00
  0.11454523E+00 -0.70785174E+00  0.00000000E+00
  0.11558112E+00 -0.70154208E+00  0.00000000E+00
  0.11660640E+00 -0.69106678E+00  0.00000000E+00
  0.11761593E+00 -0.67647745E+00  0.00000000E+00
  0.11860453E+00 -0.65784636E+00  0.00000000E+00
  0.11956704E+00 -0.63526642E+00  0.00000000E+00
  0.12049831E+00 -0.60885120E+00  0.00000000E+00
  0.12139317E+00 -0.57873488E+00  0.00000000E+00
  0.12224650E+00 -0.54507233E+00  0.00000000E+00
  0.12305319E+00 -0.50803903E+00  0.00000000E+00
  0.12380818E+00 -0.46783116E+00  0.00000000E+00
  0.12450637E+00 -0.42466561E+00  0.00000000E+00
  0.12514225E+00 -0.37878020E+00  0.00000000E+00
  0.12570866E+00 -0.33043382E+00  0.00000000E+00
  0.12619380E+00 -0.27990617E+00  0.00000000E+00
  0.12657557E+00 -0.22749472E+00  0.00000000E+00
  0.12681790E+00 -0.17350513E+00  0.00000000E+00
  0.12689525E+00 -0.11824122E+00  0.00000000E+00
  0.12690823E+00 -0.62063889E-01  0.00000000E+00
  0.12726403E+00 -0.57745867E-02  0.00000000E+00
  0.86055919E-01 -0.55742857E-02  0.00000000E+00
  0.86405010E-01 -0.62324328E-01  0.00000000E+00
  0.86547560E-01 -0.11857939E+00  0.00000000E+00
  0.86887019E-01 -0.17381117E+00  0.00000000E+00
  0.87475921E-01 -0.22775899E+00  0.00000000E+00
  0.88277585E-01 -0.28013466E+00  0.00000000E+00
  0.89254968E-01 -0.33063131E+00  0.00000000E+00
  0.90383777E-01 -0.37894943E+00  0.00000000E+00
  0.91648214E-01 -0.42480816E+00  0.00000000E+00
  0.93036327E-01 -0.46794798E+00  0.00000000E+00
  0.94537510E-01 -0.50813082E+00  0.00000000E+00
  0.96141495E-01 -0.54513970E+00  0.00000000E+00
  0.97838041E-01 -0.57877841E+00  0.00000000E+00
  0.99616872E-01 -0.60887145E+00  0.00000000E+00
  0.10146768E+00 -0.63526399E+00  0.00000000E+00
  0.10338016E+00 -0.65782181E+00  0.00000000E+00
  0.10534398E+00 -0.67643137E+00  0.00000000E+00
  0.10734882E+00 -0.69099974E+00  0.00000000E+00
  0.10938435E+00 -0.70145468E+00  0.00000000E+00
  0.11144025E+00 -0.70774454E+00  0.00000000E+00
  0.11350620E+00 -0.70983838E+00  0.00000000E+00
  0.11557187E+00 -0.70772586E+00  0.00000000E+00
  0.11762695E+00 -0.70141730E+00  0.00000000E+00
  0.11966110E+00 -0.69094368E+00  0.00000000E+00
  0.12166400E+00 -0.67635661E+00  0.00000000E+00
  0.12362533E+00 -0.65772837E+00  0.00000000E+00
  0.12553476E+00 -0.63515186E+00  0.00000000E+00
  0.12738198E+00 -0.60874063E+00  0.00000000E+00
  0.12915666E+00 -0.57862890E+00  0.00000000E+00
  0.13084851E+00 -0.54497149E+00  0.00000000E+00
  0.13244724E+00 -0.50794392E+00  0.00000000E+00
  0.13394261E+00 -0.46774235E+00  0.00000000E+00
  0.13532436E+00 -0.42458378E+00  0.00000000E+00
  0.13658189E+00 -0.37870634E+00  0.00000000E+00
  0.13770330E+00 -0.33036973E+00  0.00000000E+00
  0.13867276E+00 -0.27985524E+00  0.00000000E+00
  0.13946490E+00 -0.22746212E+00  0.00000000E+00
  0.14003779E+00 -0.17349242E+00  0.00000000E+00
  0.14034885E+00 -0.11822053E+00  0.00000000E+00
  0.14048095E+00 -0.61914859E-01  0.00000000E+00
  0.14092640E+00 -0.52409906E-02  0.00000000E+00
  0.72292082E-01 -0.49267642E-02  0.00000000E+00
  0.72744621E-01 -0.62172595E-01  0.00000000E+00
  0.73039381E-01 -0.11854078E+00  0.00000000E+00
  0.73635194E-01 -0.17376879E+00  0.00000000E+00
  0.74563922E-01 -0.22769171E+00  0.00000000E+00
  0.75779835E-01 -0.28004486E+00  0.00000000E+00
  0.77243785E-01 -0.33052385E+00  0.00000000E+00
  0.78929300E-01 -0.37882767E+00  0.00000000E+00
  0.80816925E-01 -0.42467411E+00  0.00000000E+00
  0.82890081E-01 -0.46780296E+00  0.00000000E+00
  0.85133125E-01 -0.50797590E+00  0.00000000E+00
  0.87530629E-01 -0.54497583E+00  0.00000000E+00
  0.90067171E-01 -0.57860656E+00  0.00000000E+00
  0.92727301E-01 -0.60869258E+00  0.00000000E+00
  0.95495548E-01 -0.63507906E+00  0.00000000E+00
  0.98356430E-01 -0.65763179E+00  0.00000000E+00
  0.10129446E+00 -0.67623722E+00  0.00000000E+00
  0.10429416E+00 -0.69080244E+00  0.00000000E+00
  0.10734004E+00 -0.70125518E+00  0.00000000E+00
  0.11041661E+00 -0.70754383E+00  0.00000000E+00
  0.11350840E+00 -0.70963741E+00  0.00000000E+00
  0.11659990E+00 -0.70752560E+00  0.00000000E+00
  0.11967565E+00 -0.70121873E+00  0.00000000E+00
  0.12272014E+00 -0.69074776E+00  0.00000000E+00
  0.12571790E+00 -0.67616431E+00  0.00000000E+00
  0.12865345E+00 -0.65754065E+00  0.00000000E+00
  0.13151129E+00 -0.63496969E+00  0.00000000E+00
  0.13427594E+00 -0.60856499E+00  0.00000000E+00
  0.13693193E+00 -0.57846074E+00  0.00000000E+00
  0.13946377E+00 -0.54481178E+00  0.00000000E+00
  0.14185601E+00 -0.50779360E+00  0.00000000E+00
  0.14409322E+00 -0.46760241E+00  0.00000000E+00
  0.14615995E+00 -0.42445526E+00  0.00000000E+00
  0.14804057E+00 -0.37859054E+00  0.00000000E+00
  0.14971859E+00 -0.33026864E+00  0.00000000E+00
  0.15117486E+00 -0.27977228E+00  0.00000000E+00
  0.15238276E+00 -0.22740277E+00  0.00000000E+00
  0.15329899E+00 -0.17346050E+00  0.00000000E+00
  0.15386646E+00 -0.11819224E+00  0.00000000E+00
  0.15413676E+00 -0.61756478E-01  0.00000000E+00
  0.15467730E+00 -0.46120050E-02  0.00000000E+00
  0.58389785E-01 -0.41743840E-02  0.00000000E+00
  0.58972419E-01 -0.62016435E-01  0.00000000E+00
  0.59454512E-01 -0.11849186E+00  0.00000000E+00
  0.60332080E-01 -0.17370551E+00  0.00000000E+00
  0.61612822E-01 -0.22759707E+00  0.00000000E+00
  0.63248267E-01 -0.27992264E+00  0.00000000E+00
  0.65201600E-01 -0.33037902E+00  0.00000000E+00
  0.67446005E-01 -0.37866362E+00  0.00000000E+00
  0.69958932E-01 -0.42449303E+00  0.00000000E+00
  0.72719288E-01 -0.46760650E+00  0.00000000E+00
  0.75706389E-01 -0.50776545E+00  0.00000000E+00
  0.78899628E-01 -0.54475277E+00  0.00000000E+00
  0.82278390E-01 -0.57837222E+00  0.00000000E+00
  0.85822045E-01 -0.60844831E+00  0.00000000E+00
  0.89509953E-01 -0.63482621E+00  0.00000000E+00
  0.93321467E-01 -0.65737173E+00  0.00000000E+00
  0.97235941E-01 -0.67597129E+00  0.00000000E+00
  0.10123273E+00 -0.69053200E+00  0.00000000E+00
  0.10529118E+00 -0.70098158E+00  0.00000000E+00
  0.10939065E+00 -0.70726843E+00  0.00000000E+00
  0.11351049E+00 -0.70936156E+00  0.00000000E+00
  0.11763005E+00 -0.70725066E+00  0.00000000E+00
  0.12172869E+00 -0.70094605E+00  0.00000000E+00
  0.12578576E+00 -0.69047870E+00  0.00000000E+00
  0.12978061E+00 -0.67590022E+00  0.00000000E+00
  0.13369260E+00 -0.65728289E+00  0.00000000E+00
  0.13750107E+00 -0.63471961E+00  0.00000000E+00
  0.14118538E+00 -0.60832395E+00  0.00000000E+00
  0.14472489E+00 -0.57823008E+00  0.00000000E+00
  0.14809895E+00 -0.54459286E+00  0.00000000E+00
  0.15128692E+00 -0.50758777E+00  0.00000000E+00
  0.15426818E+00 -0.46741102E+00  0.00000000E+00
  0.15702207E+00 -0.42427973E+00  0.00000000E+00
  0.15952793E+00 -0.37843247E+00  0.00000000E+00
  0.16176478E+00 -0.33013012E+00  0.00000000E+00
  0.16371059E+00 -0.27965654E+00  0.00000000E+00
  0.16533940E+00 -0.22731506E+00  0.00000000E+00
  0.16661223E+00 -0.17340649E+00  0.00000000E+00
  0.16746532E+00 -0.11815484E+00  0.00000000E+00
  0.16790569E+00 -0.61594016E-01  0.00000000E+00
  0.16854905E+00 -0.38844791E-02  0.00000000E+00
  0.44297637E-01 -0.33120752E-02  0.00000000E+00
  0.45057826E-01 -0.61860099E-01  0.00000000E+00
  0.45779918E-01 -0.11843002E+00  0.00000000E+00
  0.46968813E-01 -0.17361874E+00  0.00000000E+00
  0.48613086E-01 -0.22747363E+00  0.00000000E+00
  0.50672672E-01 -0.27976722E+00  0.00000000E+00
  0.53118272E-01 -0.33019631E+00  0.00000000E+00
  0.55924272E-01 -0.37845684E+00  0.00000000E+00
  0.59065311E-01 -0.42426450E+00  0.00000000E+00
  0.62515769E-01 -0.46735813E+00  0.00000000E+00
  0.66249873E-01 -0.50749904E+00  0.00000000E+00
  0.70241810E-01 -0.54447005E+00  0.00000000E+00
  0.74465761E-01 -0.57807493E+00  0.00000000E+00
  0.78895910E-01 -0.60813819E+00  0.00000000E+00
  0.83506446E-01 -0.63450500E+00  0.00000000E+00
  0.88271561E-01 -0.65704116E+00  0.00000000E+00
  0.93165443E-01 -0.67563312E+00  0.00000000E+00
  0.98162285E-01 -0.69018796E+00  0.00000000E+00
  0.10323628E+00 -0.70063342E+00  0.00000000E+00
  0.10836161E+00 -0.70691788E+00  0.00000000E+00
  0.11351248E+00 -0.70901037E+00  0.00000000E+00
  0.11866307E+00 -0.70690057E+00  0.00000000E+00
  0.12378757E+00 -0.70059880E+00  0.00000000E+00
  0.12886018E+00 -0.69013604E+00  0.00000000E+00
  0.13385509E+00 -0.67556389E+00  0.00000000E+00
  0.13874648E+00 -0.65695463E+00  0.00000000E+00
  0.14350856E+00 -0.63440116E+00  0.00000000E+00
  0.14811550E+00 -0.60801705E+00  0.00000000E+00
  0.15254150E+00 -0.57793648E+00  0.00000000E+00
  0.15676075E+00 -0.54431430E+00  0.00000000E+00
  0.16074742E+00 -0.50732598E+00  0.00000000E+00
  0.16447567E+00 -0.46716774E+00  0.00000000E+00
  0.16791966E+00 -0.42405675E+00  0.00000000E+00
  0.17105362E+00 -0.37823167E+00  0.00000000E+00
  0.17385207E+00 -0.32995368E+00  0.00000000E+00
  0.17629029E+00 -0.27950734E+00  0.00000000E+00
  0.17834430E+00 -0.22719749E+00  0.00000000E+00
  0.17998573E+00 -0.17332682E+00  0.00000000E+00
  0.18115966E+00 -0.11810481E+00  0.00000000E+00
  0.18182227E+00 -0.61433598E-01  0.00000000E+00
  0.18257970E+00 -0.30569115E-02  0.00000000E+00
  0.29945502E-01 -0.23343932E-02  0.00000000E+00
  0.30968904E-01 -0.61706854E-01  0.00000000E+00
  0.32007968E-01 -0.11835106E+00  0.00000000E+00
  0.33539396E-01 -0.17350559E+00  0.00000000E+00
  0.35556002E-01 -0.22732008E+00  0.00000000E+00
  0.38042960E-01 -0.27957790E+00  0.00000000E+00
  0.40983636E-01 -0.32997515E+00  0.00000000E+00
  0.44354449E-01 -0.37820676E+00  0.00000000E+00
  0.48127121E-01 -0.42398793E+00  0.00000000E+00
  0.52271336E-01 -0.46705729E+00  0.00000000E+00
  0.56756145E-01 -0.50717608E+00  0.00000000E+00
  0.61550493E-01 -0.54412710E+00  0.00000000E+00
  0.66623345E-01 -0.57771411E+00  0.00000000E+00
  0.71943700E-01 -0.60776164E+00  0.00000000E+00
  0.77480577E-01 -0.63411484E+00  0.00000000E+00
  0.83203002E-01 -0.65663952E+00  0.00000000E+00
  0.89080003E-01 -0.67522212E+00  0.00000000E+00
  0.95080611E-01 -0.68976974E+00  0.00000000E+00
  0.10117385E+00 -0.70021011E+00  0.00000000E+00
  0.10732876E+00 -0.70649161E+00  0.00000000E+00
  0.11351437E+00 -0.70858326E+00  0.00000000E+00
  0.11969969E+00 -0.70647476E+00  0.00000000E+00
  0.12585377E+00 -0.70017642E+00  0.00000000E+00
  0.13194563E+00 -0.68971920E+00  0.00000000E+00
  0.13794430E+00 -0.67515474E+00  0.00000000E+00
  0.14381882E+00 -0.65655529E+00  0.00000000E+00
  0.14953820E+00 -0.63401377E+00  0.00000000E+00
  0.15507148E+00 -0.60764372E+00  0.00000000E+00
  0.16038769E+00 -0.57757935E+00  0.00000000E+00
  0.16545584E+00 -0.54397549E+00  0.00000000E+00
  0.17024492E+00 -0.50700764E+00  0.00000000E+00
  0.17472388E+00 -0.46687199E+00  0.00000000E+00
  0.17886165E+00 -0.42378574E+00  0.00000000E+00
  0.18262731E+00 -0.37798759E+00  0.00000000E+00
  0.18599070E+00 -0.32973879E+00  0.00000000E+00
  0.18892424E+00 -0.27932410E+00  0.00000000E+00
  0.19140639E+00 -0.22704890E+00  0.00000000E+00
  0.19342465E+00 -0.17321759E+00  0.00000000E+00
  0.19495754E+00 -0.11803545E+00  0.00000000E+00
  0.19592748E+00 -0.61281886E-01  0.00000000E+00
  0.19681467E+00 -0.21300690E-02  0.00000000E+00
  0.15231783E-01 -0.12342431E-02  0.00000000E+00
  0.16674785E-01 -0.61557267E-01  0.00000000E+00
  0.18140145E-01 -0.11824891E+00  0.00000000E+00
  0.20041118E-01 -0.17336339E+00  0.00000000E+00
  0.22433408E-01 -0.22713550E+00  0.00000000E+00
  0.25348985E-01 -0.27935411E+00  0.00000000E+00
  0.28787432E-01 -0.32971494E+00  0.00000000E+00
  0.32726838E-01 -0.37791273E+00  0.00000000E+00
  0.37135403E-01 -0.42366263E+00  0.00000000E+00
  0.41977798E-01 -0.46670327E+00  0.00000000E+00
  0.47217774E-01 -0.50679586E+00  0.00000000E+00
  0.52818996E-01 -0.54372320E+00  0.00000000E+00
  0.58745208E-01 -0.57728906E+00  0.00000000E+00
  0.64960223E-01 -0.60731794E+00  0.00000000E+00
  0.71427893E-01 -0.63365501E+00  0.00000000E+00
  0.78112080E-01 -0.65616608E+00  0.00000000E+00
  0.84976652E-01 -0.67473760E+00  0.00000000E+00
  0.91985478E-01 -0.68927664E+00  0.00000000E+00
  0.99102424E-01 -0.69971094E+00  0.00000000E+00
  0.10629136E+00 -0.70598890E+00  0.00000000E+00
  0.11351615E+00 -0.70807953E+00  0.00000000E+00
  0.12074067E+00 -0.70597251E+00  0.00000000E+00
  0.12792877E+00 -0.69967818E+00  0.00000000E+00
  0.13504434E+00 -0.68922748E+00  0.00000000E+00
  0.14205122E+00 -0.67467206E+00  0.00000000E+00
  0.14891331E+00 -0.65608416E+00  0.00000000E+00
  0.15559445E+00 -0.63355671E+00  0.00000000E+00
  0.16205853E+00 -0.60720325E+00  0.00000000E+00
  0.16826939E+00 -0.57715799E+00  0.00000000E+00
  0.17419090E+00 -0.54357575E+00  0.00000000E+00
  0.17978685E+00 -0.50663203E+00  0.00000000E+00
  0.18502099E+00 -0.46652306E+00  0.00000000E+00
  0.18985699E+00 -0.42346601E+00  0.00000000E+00
  0.19425865E+00 -0.37769957E+00  0.00000000E+00
  0.19819089E+00 -0.32948490E+00  0.00000000E+00
  0.20162272E+00 -0.27910642E+00  0.00000000E+00
  0.20453444E+00 -0.22686878E+00  0.00000000E+00
  0.20693147E+00 -0.17307555E+00  0.00000000E+00
  0.20885502E+00 -0.11793495E+00  0.00000000E+00
  0.21027219E+00 -0.61145530E-01  0.00000000E+00
  0.21130875E+00 -0.11080418E-02  0.00000000E+00
  0.00000000E+00  0.00000000E+00  0.00000000E+00
  0.21518776E-02 -0.61406263E-01  0.00000000E+00
  0.41927481E-02 -0.11811570E+00  0.00000000E+00
  0.64743613E-02 -0.17319044E+00  0.00000000E+00
  0.92371404E-02 -0.22691964E+00  0.00000000E+00
  0.12580320E-01 -0.27909547E+00  0.00000000E+00
  0.16519247E-01 -0.32941505E+00  0.00000000E+00
  0.21031677E-01 -0.37757397E+00  0.00000000E+00
  0.26081179E-01 -0.42328778E+00  0.00000000E+00
  0.31626960E-01 -0.46629522E+00  0.00000000E+00
  0.37627329E-01 -0.50635754E+00  0.00000000E+00
  0.44040638E-01 -0.54325752E+00  0.00000000E+00
  0.50825412E-01 -0.57679892E+00  0.00000000E+00
  0.57940285E-01 -0.60680626E+00  0.00000000E+00
  0.65343942E-01 -0.63312469E+00  0.00000000E+00
  0.72995086E-01 -0.65562002E+00  0.00000000E+00
  0.80852423E-01 -0.67417870E+00  0.00000000E+00
  0.88874660E-01 -0.68870781E+00  0.00000000E+00
  0.97020503E-01 -0.69913509E+00  0.00000000E+00
  0.10524866E+00 -0.70540892E+00  0.00000000E+00
  0.11351783E+00 -0.70749833E+00  0.00000000E+00
  0.12178673E+00 -0.70539299E+00  0.00000000E+00
  0.13001406E+00 -0.69910324E+00  0.00000000E+00
  0.13815852E+00 -0.68866004E+00  0.00000000E+00
  0.14617882E+00 -0.67411501E+00  0.00000000E+00
  0.15403367E+00 -0.65554041E+00  0.00000000E+00
  0.16168177E+00 -0.63302915E+00  0.00000000E+00
  0.16908183E+00 -0.60669480E+00  0.00000000E+00
  0.17619255E+00 -0.57667154E+00  0.00000000E+00
  0.18297262E+00 -0.54311422E+00  0.00000000E+00
  0.18938066E+00 -0.50619833E+00  0.00000000E+00
  0.19537519E+00 -0.46612011E+00  0.00000000E+00
  0.20091461E+00 -0.42309673E+00  0.00000000E+00
  0.20595735E+00 -0.37736684E+00  0.00000000E+00
  0.21046298E+00 -0.32919139E+00  0.00000000E+00
  0.21439615E+00 -0.27885403E+00  0.00000000E+00
  0.21773729E+00 -0.22665739E+00  0.00000000E+00
  0.22050849E+00 -0.17290030E+00  0.00000000E+00
  0.22282485E+00 -0.11778340E+00  0.00000000E+00
  0.22492366E+00 -0.61030271E-01  0.00000000E+00
  0.22612780E+00  0.00000000E+00  0.00000000E+00
SCALARS Sigma_xx float 1
LOOKUP_TABLE default
 -0.16752942E+01
 -0.51998813E+01
 -0.11567522E+02
 -0.18301786E+02
 -0.24379306E+02
 -0.29776736E+02
 -0.34654427E+02
 -0.39126042E+02
 -0.43243955E+02
 -0.47026120E+02
 -0.50476607E+02
 -0.53595380E+02
 -0.56381772E+02
 -0.58835328E+02
 -0.60955836E+02
 -0.62743223E+02
 -0.64197471E+02
 -0.65318579E+02
 -0.66106549E+02
 -0.66561384E+02
 -0.66683084E+02
 -0.66471648E+02
 -0.65927078E+02
 -0.65049370E+02
 -0.63838524E+02
 -0.62294533E+02
 -0.60417398E+02
 -0.58207140E+02
 -0.55663869E+02
 -0.52787916E+02
 -0.49580046E+02
 -0.46041487E+02
 -0.42172726E+02
 -0.37968112E+02
 -0.33400527E+02
 -0.28391297E+02
 -0.22781197E+02
 -0.16391416E+02
 -0.94096408E+01
 -0.34193506E+01
 -0.16150477E+01
 -0.17720799E+01
 -0.41897832E+01
 -0.96888213E+01
 -0.15750240E+02
 -0.21332247E+02
 -0.26319320E+02
 -0.30827478E+02
 -0.34957443E+02
 -0.38760226E+02
 -0.42254988E+02
 -0.45446864E+02
 -0.48336371E+02
 -0.50923057E+02
 -0.53206529E+02
 -0.55186585E+02
 -0.56863147E+02
 -0.58236195E+02
 -0.59305725E+02
 -0.60071738E+02
 -0.60534236E+02
 -0.60693219E+02
 -0.60548689E+02
 -0.60100644E+02
 -0.59349084E+02
 -0.58294007E+02
 -0.56935410E+02
 -0.55273294E+02
 -0.53307677E+02
 -0.51038635E+02
 -0.48466395E+02
 -0.45591452E+02
 -0.42414552E+02
 -0.38935794E+02
 -0.35150883E+02
 -0.31040710E+02
 -0.26550777E+02
 -0.21570126E+02
 -0.15966877E+02
 -0.98301439E+01
 -0.41174355E+01
 -0.15902952E+01
 -0.17557609E+01
 -0.39054059E+01
 -0.85712940E+01
 -0.13571965E+02
 -0.18245328E+02
 -0.22479412E+02
 -0.26334808E+02
 -0.29875944E+02
 -0.33138224E+02
 -0.36135955E+02
 -0.38873436E+02
 -0.41351386E+02
 -0.43569627E+02
 -0.45527924E+02
 -0.47226142E+02
 -0.48664223E+02
 -0.49842151E+02
 -0.50759923E+02
 -0.51417538E+02
 -0.51814997E+02
 -0.51952301E+02
 -0.51829450E+02
 -0.51446444E+02
 -0.50803282E+02
 -0.49899964E+02
 -0.48736488E+02
 -0.47312857E+02
 -0.45629085E+02
 -0.43685222E+02
 -0.41481401E+02
 -0.39017881E+02
 -0.36294966E+02
 -0.33312346E+02
 -0.30066713E+02
 -0.26545436E+02
 -0.22714060E+02
 -0.18502517E+02
 -0.13823878E+02
 -0.87228588E+01
 -0.38308579E+01
 -0.16262694E+01
 -0.17106484E+01
 -0.35403138E+01
 -0.74157382E+01
 -0.11436146E+02
 -0.15213351E+02
 -0.18686418E+02
 -0.21881096E+02
 -0.24829142E+02
 -0.27549232E+02
 -0.30049438E+02
 -0.32332448E+02
 -0.34398866E+02
 -0.36248692E+02
 -0.37881830E+02
 -0.39298216E+02
 -0.40497818E+02
 -0.41480628E+02
 -0.42246640E+02
 -0.42795857E+02
 -0.43128277E+02
 -0.43243902E+02
 -0.43142730E+02
 -0.42824763E+02
 -0.42290000E+02
 -0.41538441E+02
 -0.40570086E+02
 -0.39384937E+02
 -0.37983000E+02
 -0.36364295E+02
 -0.34528858E+02
 -0.32476740E+02
 -0.30207937E+02
 -0.27722125E+02
 -0.25017845E+02
 -0.22090222E+02
 -0.18925136E+02
 -0.15487897E+02
 -0.11716736E+02
 -0.75846539E+01
 -0.34447169E+01
 -0.15723720E+01
 -0.16643918E+01
 -0.31302390E+01
 -0.62346972E+01
 -0.93200834E+01
 -0.12217154E+02
 -0.14928317E+02
 -0.17458589E+02
 -0.19811069E+02
 -0.21987825E+02
 -0.23990102E+02
 -0.25818540E+02
 -0.27473420E+02
 -0.28954841E+02
 -0.30262829E+02
 -0.31397387E+02
 -0.32358513E+02
 -0.33146203E+02
 -0.33760458E+02
 -0.34201276E+02
 -0.34468657E+02
 -0.34562602E+02
 -0.34483110E+02
 -0.34230182E+02
 -0.33803817E+02
 -0.33204017E+02
 -0.32430781E+02
 -0.31484112E+02
 -0.30364006E+02
 -0.29070448E+02
 -0.27603389E+02
 -0.25962711E+02
 -0.24148218E+02
 -0.22159820E+02
 -0.19998273E+02
 -0.17666613E+02
 -0.15170039E+02
 -0.12505062E+02
 -0.96258407E+01
 -0.64260227E+01
 -0.30037500E+01
 -0.14820413E+01
 -0.16298966E+01
 -0.26919818E+01
 -0.50310532E+01
 -0.72050569E+01
 -0.92386109E+01
 -0.11193113E+02
 -0.13059387E+02
 -0.14815651E+02
 -0.16448529E+02
 -0.17952592E+02
 -0.19326346E+02
 -0.20569653E+02
 -0.21682664E+02
 -0.22665504E+02
 -0.23518237E+02
 -0.24240886E+02
 -0.24833458E+02
 -0.25295954E+02
 -0.25628374E+02
 -0.25830717E+02
 -0.25902982E+02
 -0.25845170E+02
 -0.25657280E+02
 -0.25339314E+02
 -0.24891272E+02
 -0.24313155E+02
 -0.23604963E+02
 -0.22766684E+02
 -0.21798274E+02
 -0.20699613E+02
 -0.19470457E+02
 -0.18110507E+02
 -0.16620010E+02
 -0.15001847E+02
 -0.13266197E+02
 -0.11435540E+02
 -0.95347849E+01
 -0.75331883E+01
 -0.52494167E+01
 -0.25322525E+01
 -0.13844956E+01
 -0.16103718E+01
 -0.22289653E+01
 -0.37989217E+01
 -0.50731709E+01
 -0.62607659E+01
 -0.74692281E+01
 -0.86756989E+01
 -0.98368223E+01
 -0.10925856E+02
 -0.11931546E+02
 -0.12850495E+02
 -0.13682172E+02
 -0.14426752E+02
 -0.15084438E+02
 -0.15655345E+02
 -0.16139518E+02
 -0.16536973E+02
 -0.16847711E+02
 -0.17071732E+02
 -0.17209036E+02
 -0.17259621E+02
 -0.17223489E+02
 -0.17100638E+02
 -0.16891070E+02
 -0.16594786E+02
 -0.16211788E+02
 -0.15742071E+02
 -0.15185618E+02
 -0.14542364E+02
 -0.13812140E+02
 -0.12994619E+02
 -0.12089457E+02
 -0.11097208E+02
 -0.10022433E+02
 -0.88809109E+01
 -0.77094302E+01
 -0.65592437E+01
 -0.54201442E+01
 -0.40493544E+01
 -0.20403338E+01
 -0.12942011E+01
 -0.16011165E+01
 -0.17336811E+01
 -0.25241630E+01
 -0.29056718E+01
 -0.32677814E+01
 -0.37458706E+01
 -0.43000742E+01
 -0.48686246E+01
 -0.54143351E+01
 -0.59215907E+01
 -0.63856092E+01
 -0.68055780E+01
 -0.71816919E+01
 -0.75142129E+01
 -0.78032912E+01
 -0.80489891E+01
 -0.82513263E+01
 -0.84103067E+01
 -0.85259298E+01
 -0.85981946E+01
 -0.86271006E+01
 -0.86126477E+01
 -0.85548360E+01
 -0.84536663E+01
 -0.83091399E+01
 -0.81212578E+01
 -0.78900163E+01
 -0.76153927E+01
 -0.72973094E+01
 -0.69355715E+01
 -0.65298146E+01
 -0.60796794E+01
 -0.55859084E+01
 -0.50540300E+01
 -0.45032899E+01
 -0.39808014E+01
 -0.35617750E+01
 -0.32661009E+01
 -0.28122357E+01
 -0.15272614E+01
 -0.12161472E+01
 -0.15887724E+01
 -0.11878426E+01
 -0.11843526E+01
 -0.68219710E+00
 -0.24502793E+00
 -0.13395576E-01
  0.74366858E-01
  0.94703584E-01
  0.91462022E-01
  0.82646419E-01
  0.73699111E-01
  0.65534544E-01
  0.57930077E-01
  0.50589478E-01
  0.43343318E-01
  0.36121094E-01
  0.28900634E-01
  0.21677626E-01
  0.14452569E-01
  0.72265325E-02
  0.10307489E-06
 -0.72265231E-02
 -0.14453555E-01
 -0.21681728E-01
 -0.28912335E-01
 -0.36146298E-01
 -0.43379584E-01
 -0.50588525E-01
 -0.57694187E-01
 -0.64499735E-01
 -0.70639879E-01
 -0.75758005E-01
 -0.80612337E-01
 -0.90851290E-01
 -0.12664898E+00
 -0.24036447E+00
 -0.52703839E+00
 -0.10477584E+01
 -0.15155629E+01
 -0.98272860E+00
 -0.11484981E+01
 -0.15478706E+01
 -0.56045563E+00
  0.25180994E+00
  0.16192637E+01
  0.28205320E+01
  0.37363130E+01
  0.44537397E+01
  0.50586595E+01
  0.55969084E+01
  0.60865432E+01
  0.65328280E+01
  0.69365767E+01
  0.72975316E+01
  0.76153888E+01
  0.78899789E+01
  0.81212325E+01
  0.83091283E+01
  0.84536623E+01
  0.85548350E+01
  0.86126477E+01
  0.86271008E+01
  0.85981947E+01
  0.85259290E+01
  0.84103031E+01
  0.82513160E+01
  0.80489667E+01
  0.78032587E+01
  0.75142131E+01
  0.71818997E+01
  0.68064945E+01
  0.63883284E+01
  0.59277451E+01
  0.54241491E+01
  0.48726336E+01
  0.42547946E+01
  0.35191761E+01
  0.25583372E+01
  0.12610100E+01
 -0.12632852E+00
 -0.38640639E+00
 -0.10834706E+01
 -0.14335487E+01
  0.19648802E+00
  0.18255780E+01
  0.40216879E+01
  0.59395765E+01
  0.75094280E+01
  0.88432461E+01
  0.10028443E+02
  0.11107320E+02
  0.12095485E+02
  0.12997190E+02
  0.13812969E+02
  0.14542534E+02
  0.15185606E+02
  0.15742036E+02
  0.16211765E+02
  0.16594777E+02
  0.16891067E+02
  0.17100637E+02
  0.17223489E+02
  0.17259621E+02
  0.17209036E+02
  0.17071731E+02
  0.16847708E+02
  0.16536965E+02
  0.16139501E+02
  0.15655318E+02
  0.15084432E+02
  0.14426895E+02
  0.13682840E+02
  0.12852531E+02
  0.11936285E+02
  0.10933812E+02
  0.98416977E+01
  0.86458837E+01
  0.73027373E+01
  0.57045469E+01
  0.36884983E+01
  0.14017223E+01
  0.29420488E+00
 -0.10068610E+01
 -0.11678822E+01
  0.11555437E+01
  0.35895135E+01
  0.65473913E+01
  0.91192158E+01
  0.11309749E+02
  0.13247094E+02
  0.15008964E+02
  0.16627974E+02
  0.18114875E+02
  0.19472215E+02
  0.20700140E+02
  0.21798362E+02
  0.22766662E+02
  0.23604934E+02
  0.24313139E+02
  0.24891265E+02
  0.25339312E+02
  0.25657280E+02
  0.25845170E+02
  0.25902982E+02
  0.25830717E+02
  0.25628374E+02
  0.25295953E+02
  0.24833454E+02
  0.24240876E+02
  0.23518219E+02
  0.22665491E+02
  0.21682717E+02
  0.20569973E+02
  0.19327425E+02
  0.17955332E+02
  0.16453783E+02
  0.14821392E+02
  0.13050583E+02
  0.11112565E+02
  0.89167999E+01
  0.62631567E+01
  0.31323892E+01
  0.11079222E+01
 -0.89642818E+00
 -0.61468468E+00
  0.24262021E+01
  0.56086373E+01
  0.92149863E+01
  0.12361323E+02
  0.15138319E+02
  0.17668519E+02
  0.20004910E+02
  0.22164137E+02
  0.24150142E+02
  0.25963354E+02
  0.27603529E+02
  0.29070443E+02
  0.30363980E+02
  0.31484095E+02
  0.32430774E+02
  0.33204014E+02
  0.33803817E+02
  0.34230182E+02
  0.34483110E+02
  0.34562602E+02
  0.34468657E+02
  0.34201276E+02
  0.33760458E+02
  0.33146203E+02
  0.32358512E+02
  0.31397381E+02
  0.30262810E+02
  0.28954794E+02
  0.27473337E+02
  0.25818478E+02
  0.23990372E+02
  0.21989459E+02
  0.19816611E+02
  0.17472146E+02
  0.14948205E+02
  0.12193016E+02
  0.90090587E+01
  0.51535986E+01
  0.21266534E+01
 -0.71934976E+00
  0.46737714E+00
  0.41749988E+01
  0.79603110E+01
  0.12034168E+02
  0.15660471E+02
  0.18993220E+02
  0.22109951E+02
  0.25020855E+02
  0.27721119E+02
  0.30206759E+02
  0.32476078E+02
  0.34528583E+02
  0.36364209E+02
  0.37982984E+02
  0.39384938E+02
  0.40570090E+02
  0.41538443E+02
  0.42290001E+02
  0.42824763E+02
  0.43142730E+02
  0.43243902E+02
  0.43128277E+02
  0.42795857E+02
  0.42246642E+02
  0.41480632E+02
  0.40497828E+02
  0.39298225E+02
  0.37881813E+02
  0.36248558E+02
  0.34398382E+02
  0.32331171E+02
  0.30046905E+02
  0.27546241E+02
  0.24832170E+02
  0.21913368E+02
  0.18806948E+02
  0.15521594E+02
  0.11936552E+02
  0.75875469E+01
  0.34558139E+01
 -0.42938971E+00
  0.25135499E+01
  0.66582883E+01
  0.10730574E+02
  0.14997221E+02
  0.19001757E+02
  0.22869734E+02
  0.26573356E+02
  0.30061432E+02
  0.33304319E+02
  0.36290251E+02
  0.39015881E+02
  0.41480758E+02
  0.43685091E+02
  0.45629095E+02
  0.47312885E+02
  0.48736506E+02
  0.49899972E+02
  0.50803285E+02
  0.51446444E+02
  0.51829450E+02
  0.51952301E+02
  0.51814997E+02
  0.51417538E+02
  0.50759926E+02
  0.49842161E+02
  0.48664243E+02
  0.47226170E+02
  0.45527923E+02
  0.43569438E+02
  0.41350559E+02
  0.38870992E+02
  0.36130454E+02
  0.33129566E+02
  0.29872902E+02
  0.26376855E+02
  0.22684804E+02
  0.18880992E+02
  0.15023597E+02
  0.10606770E+02
  0.52498289E+01
  0.34197004E-01
  0.63243281E+01
  0.10276224E+02
  0.14002194E+02
  0.18065801E+02
  0.22359183E+02
  0.26761141E+02
  0.31060785E+02
  0.35131536E+02
  0.38919289E+02
  0.42406201E+02
  0.45588276E+02
  0.48465511E+02
  0.51038522E+02
  0.53307737E+02
  0.55273353E+02
  0.56935441E+02
  0.58294019E+02
  0.59349088E+02
  0.60100645E+02
  0.60548689E+02
  0.60693219E+02
  0.60534236E+02
  0.60071739E+02
  0.59305729E+02
  0.58236208E+02
  0.56863178E+02
  0.55186637E+02
  0.53206562E+02
  0.50922867E+02
  0.48335319E+02
  0.45443433E+02
  0.42246561E+02
  0.38744925E+02
  0.34943751E+02
  0.30865302E+02
  0.26577310E+02
  0.22245729E+02
  0.18178886E+02
  0.14460739E+02
  0.77345067E+01
  0.74030578E+00
  0.61918694E+01
  0.11668463E+02
  0.16267477E+02
  0.19601291E+02
  0.23915802E+02
  0.28670511E+02
  0.33414436E+02
  0.37933683E+02
  0.42146783E+02
  0.46028998E+02
  0.49575499E+02
  0.52786735E+02
  0.55663765E+02
  0.58207253E+02
  0.60417492E+02
  0.62294580E+02
  0.63838542E+02
  0.65049375E+02
  0.65927078E+02
  0.66471648E+02
  0.66683083E+02
  0.66561384E+02
  0.66106550E+02
  0.65318583E+02
  0.64197484E+02
  0.62743256E+02
  0.60955900E+02
  0.58835398E+02
  0.56381668E+02
  0.53594469E+02
  0.50473252E+02
  0.47017118E+02
  0.43225624E+02
  0.39102633E+02
  0.34668786E+02
  0.29994396E+02
  0.25273405E+02
  0.20954811E+02
  0.17737501E+02
  0.13112742E+02
  0.35664898E+01
SCALARS Sigma_yy float 1
LOOKUP_TABLE default
 -0.70939171E+00
 -0.84708087E+00
 -0.86988449E+00
 -0.93038231E+00
 -0.99296940E+00
 -0.10483913E+01
 -0.10973028E+01
 -0.11417455E+01
 -0.11830236E+01
 -0.12217104E+01
 -0.12579943E+01
 -0.12919146E+01
 -0.13234688E+01
 -0.13526488E+01
 -0.13794496E+01
 -0.14038690E+01
 -0.14259061E+01
 -0.14455607E+01
 -0.14628330E+01
 -0.14777228E+01
 -0.14902303E+01
 -0.15003554E+01
 -0.15080981E+01
 -0.15134584E+01
 -0.15164361E+01
 -0.15170305E+01
 -0.15152405E+01
 -0.15110644E+01
 -0.15045031E+01
 -0.14955702E+01
 -0.14843189E+01
 -0.14708927E+01
 -0.14555808E+01
 -0.14387600E+01
 -0.14203853E+01
 -0.13984010E+01
 -0.13659143E+01
 -0.13117558E+01
 -0.12394738E+01
 -0.10822417E+01
 -0.11009404E+01
 -0.11247764E+01
 -0.11300239E+01
 -0.11473156E+01
 -0.11498092E+01
 -0.11334390E+01
 -0.11178948E+01
 -0.11062509E+01
 -0.10971002E+01
 -0.10890179E+01
 -0.10812675E+01
 -0.10735741E+01
 -0.10658669E+01
 -0.10581411E+01
 -0.10504045E+01
 -0.10426633E+01
 -0.10349207E+01
 -0.10271779E+01
 -0.10194351E+01
 -0.10116923E+01
 -0.10039495E+01
 -0.99620684E+00
 -0.98846411E+00
 -0.98072129E+00
 -0.97297828E+00
 -0.96523488E+00
 -0.95749104E+00
 -0.94974787E+00
 -0.94201039E+00
 -0.93429335E+00
 -0.92662987E+00
 -0.91906894E+00
 -0.91161240E+00
 -0.90396864E+00
 -0.89494691E+00
 -0.88156546E+00
 -0.85918344E+00
 -0.82705008E+00
 -0.80773809E+00
 -0.87622794E+00
 -0.99925555E+00
 -0.93231496E+00
 -0.17580471E+01
 -0.14748644E+01
 -0.11845035E+01
 -0.10627276E+01
 -0.10530881E+01
 -0.10603811E+01
 -0.10628094E+01
 -0.10595806E+01
 -0.10533174E+01
 -0.10458773E+01
 -0.10381088E+01
 -0.10303005E+01
 -0.10225164E+01
 -0.10147554E+01
 -0.10070065E+01
 -0.99926244E+00
 -0.99151979E+00
 -0.98377734E+00
 -0.97603476E+00
 -0.96829210E+00
 -0.96054943E+00
 -0.95280666E+00
 -0.94506367E+00
 -0.93732033E+00
 -0.92957647E+00
 -0.92183274E+00
 -0.91409306E+00
 -0.90637026E+00
 -0.89869548E+00
 -0.89112362E+00
 -0.88369467E+00
 -0.87623229E+00
 -0.86773906E+00
 -0.85516481E+00
 -0.83219030E+00
 -0.79180099E+00
 -0.74248529E+00
 -0.75025811E+00
 -0.97884411E+00
 -0.14229092E+01
 -0.14817933E+01
 -0.27149225E+01
 -0.19456635E+01
 -0.12438774E+01
 -0.96527591E+00
 -0.94678961E+00
 -0.97826251E+00
 -0.99878849E+00
 -0.10041298E+01
 -0.10008845E+01
 -0.99416442E+00
 -0.98641484E+00
 -0.97850556E+00
 -0.97064869E+00
 -0.96285330E+00
 -0.95509208E+00
 -0.94734484E+00
 -0.93960195E+00
 -0.93185983E+00
 -0.92411751E+00
 -0.91637497E+00
 -0.90863233E+00
 -0.90088951E+00
 -0.89314635E+00
 -0.88540265E+00
 -0.87765837E+00
 -0.86991509E+00
 -0.86218010E+00
 -0.85447499E+00
 -0.84684815E+00
 -0.83937414E+00
 -0.83206935E+00
 -0.82452941E+00
 -0.81492139E+00
 -0.79806114E+00
 -0.76384964E+00
 -0.70260082E+00
 -0.63325410E+00
 -0.67107799E+00
 -0.10859550E+01
 -0.19722274E+01
 -0.23753229E+01
 -0.39618250E+01
 -0.25172909E+01
 -0.13099632E+01
 -0.85761663E+00
 -0.82288219E+00
 -0.87824963E+00
 -0.91872758E+00
 -0.93407283E+00
 -0.93455995E+00
 -0.92883066E+00
 -0.92117539E+00
 -0.91317502E+00
 -0.90524035E+00
 -0.89740550E+00
 -0.88962927E+00
 -0.88187783E+00
 -0.87413439E+00
 -0.86639254E+00
 -0.85865050E+00
 -0.85090810E+00
 -0.84316549E+00
 -0.83542262E+00
 -0.82767930E+00
 -0.81993527E+00
 -0.81219067E+00
 -0.80444811E+00
 -0.79671823E+00
 -0.78903113E+00
 -0.78145095E+00
 -0.77406771E+00
 -0.76686500E+00
 -0.75919762E+00
 -0.74838852E+00
 -0.72711392E+00
 -0.68139759E+00
 -0.59840800E+00
 -0.50666071E+00
 -0.57199455E+00
 -0.11866322E+01
 -0.26201799E+01
 -0.35729397E+01
 -0.54630203E+01
 -0.31641606E+01
 -0.13701887E+01
 -0.73988765E+00
 -0.68829801E+00
 -0.76680718E+00
 -0.82724181E+00
 -0.85283001E+00
 -0.85723849E+00
 -0.85260017E+00
 -0.84508083E+00
 -0.83700294E+00
 -0.82899344E+00
 -0.82111907E+00
 -0.81332725E+00
 -0.80557125E+00
 -0.79782709E+00
 -0.79008547E+00
 -0.78234369E+00
 -0.77460143E+00
 -0.76685886E+00
 -0.75911596E+00
 -0.75137250E+00
 -0.74362820E+00
 -0.73588338E+00
 -0.72814163E+00
 -0.72041653E+00
 -0.71274524E+00
 -0.70520457E+00
 -0.69789492E+00
 -0.69076569E+00
 -0.68295526E+00
 -0.67104628E+00
 -0.64581148E+00
 -0.58960354E+00
 -0.48578226E+00
 -0.36959943E+00
 -0.45465874E+00
 -0.12700792E+01
 -0.33401500E+01
 -0.50353723E+01
 -0.71823200E+01
 -0.38594312E+01
 -0.14137841E+01
 -0.61295134E+00
 -0.54929047E+00
 -0.65005376E+00
 -0.72887867E+00
 -0.76383297E+00
 -0.77183442E+00
 -0.76820917E+00
 -0.76082692E+00
 -0.75268531E+00
 -0.74461048E+00
 -0.73670097E+00
 -0.72889512E+00
 -0.72113494E+00
 -0.71339006E+00
 -0.70564862E+00
 -0.69790708E+00
 -0.69016494E+00
 -0.68242240E+00
 -0.67467947E+00
 -0.66693594E+00
 -0.65919146E+00
 -0.65144655E+00
 -0.64370550E+00
 -0.63598407E+00
 -0.62832434E+00
 -0.62081150E+00
 -0.61355153E+00
 -0.60646570E+00
 -0.59853234E+00
 -0.58579097E+00
 -0.55755506E+00
 -0.49301354E+00
 -0.37100610E+00
 -0.22899863E+00
 -0.32135428E+00
 -0.13257039E+01
 -0.41047445E+01
 -0.67243427E+01
 -0.90837376E+01
 -0.45745932E+01
 -0.14313026E+01
 -0.47882876E+00
 -0.41189712E+00
 -0.53372277E+00
 -0.62798921E+00
 -0.67044499E+00
 -0.68124737E+00
 -0.67839524E+00
 -0.67111289E+00
 -0.66292040E+00
 -0.65479502E+00
 -0.64685860E+00
 -0.63904204E+00
 -0.63127868E+00
 -0.62353328E+00
 -0.61579197E+00
 -0.60805061E+00
 -0.60030857E+00
 -0.59256606E+00
 -0.58482311E+00
 -0.57707954E+00
 -0.56933500E+00
 -0.56159011E+00
 -0.55384953E+00
 -0.54613011E+00
 -0.53847630E+00
 -0.53097676E+00
 -0.52373875E+00
 -0.51666727E+00
 -0.50865949E+00
 -0.49547496E+00
 -0.46557771E+00
 -0.39581802E+00
 -0.26001775E+00
 -0.92115625E-01
 -0.17567580E+00
 -0.13433473E+01
 -0.48849679E+01
 -0.86023867E+01
 -0.11131429E+02
 -0.52792924E+01
 -0.14146071E+01
 -0.34098942E+00
 -0.28217983E+00
 -0.42311308E+00
 -0.52861199E+00
 -0.57588899E+00
 -0.58833233E+00
 -0.58588825E+00
 -0.57863989E+00
 -0.57040903E+00
 -0.56225212E+00
 -0.55429991E+00
 -0.54647738E+00
 -0.53871235E+00
 -0.53096673E+00
 -0.52322551E+00
 -0.51548426E+00
 -0.50774228E+00
 -0.49999980E+00
 -0.49225686E+00
 -0.48451329E+00
 -0.47676877E+00
 -0.46902399E+00
 -0.46128358E+00
 -0.45356426E+00
 -0.44591001E+00
 -0.43840809E+00
 -0.43116317E+00
 -0.42407877E+00
 -0.41605996E+00
 -0.40288274E+00
 -0.37288156E+00
 -0.30171898E+00
 -0.15825811E+00
  0.33332956E-01
 -0.23194086E-01
 -0.13137670E+01
 -0.56495933E+01
 -0.10632234E+02
 -0.13289054E+02
 -0.59413522E+01
 -0.13572364E+01
 -0.20456183E+00
 -0.16626682E+00
 -0.32299099E+00
 -0.43436581E+00
 -0.48318742E+00
 -0.49587608E+00
 -0.49340385E+00
 -0.48611025E+00
 -0.47785509E+00
 -0.46968875E+00
 -0.46173376E+00
 -0.45391075E+00
 -0.44614582E+00
 -0.43840035E+00
 -0.43065920E+00
 -0.42291798E+00
 -0.41517604E+00
 -0.40743356E+00
 -0.39969065E+00
 -0.39194713E+00
 -0.38420273E+00
 -0.37645811E+00
 -0.36871753E+00
 -0.36099642E+00
 -0.35333555E+00
 -0.34581605E+00
 -0.33853645E+00
 -0.33141318E+00
 -0.32344555E+00
 -0.31071919E+00
 -0.28219834E+00
 -0.21380027E+00
 -0.70408836E-01
  0.13925092E+00
  0.12784279E+00
 -0.12294826E+01
 -0.63646393E+01
 -0.12775719E+02
 -0.15518562E+02
 -0.65270556E+01
 -0.12551058E+01
 -0.76457839E-01
 -0.70197420E-01
 -0.23742475E+00
 -0.34834823E+00
 -0.39511841E+00
 -0.40658350E+00
 -0.40364076E+00
 -0.39622768E+00
 -0.38796608E+00
 -0.37981413E+00
 -0.37186997E+00
 -0.36405216E+00
 -0.35628911E+00
 -0.34854411E+00
 -0.34080299E+00
 -0.33306173E+00
 -0.32531974E+00
 -0.31757725E+00
 -0.30983439E+00
 -0.30209099E+00
 -0.29434681E+00
 -0.28660239E+00
 -0.27886135E+00
 -0.27113686E+00
 -0.26346408E+00
 -0.25591385E+00
 -0.24857496E+00
 -0.24138756E+00
 -0.23351631E+00
 -0.22161062E+00
 -0.19597821E+00
 -0.13441632E+00
 -0.10110012E-04
  0.21754043E+00
  0.26576334E+00
 -0.10861303E+01
 -0.69929135E+01
 -0.14992116E+02
 -0.17778264E+02
 -0.70018453E+01
 -0.11075163E+01
  0.34655033E-01
  0.45215464E-03
 -0.16954794E+00
 -0.27304516E+00
 -0.31419283E+00
 -0.32307560E+00
 -0.31928264E+00
 -0.31169862E+00
 -0.30345367E+00
 -0.29533990E+00
 -0.28741940E+00
 -0.27961189E+00
 -0.27185226E+00
 -0.26410797E+00
 -0.25636684E+00
 -0.24862545E+00
 -0.24088339E+00
 -0.23314085E+00
 -0.22539803E+00
 -0.21765479E+00
 -0.20991091E+00
 -0.20216675E+00
 -0.19442508E+00
 -0.18669616E+00
 -0.17900773E+00
 -0.17141698E+00
 -0.16399926E+00
 -0.15672310E+00
 -0.14896405E+00
 -0.13811786E+00
 -0.11641239E+00
 -0.65129277E-01
  0.51029695E-01
  0.26092970E+00
  0.37472772E+00
 -0.88455052E+00
 -0.74936250E+01
 -0.17235721E+02
 -0.20019883E+02
 -0.73317303E+01
 -0.91843301E+00
  0.11866857E+00
  0.41203391E-01
 -0.12126149E+00
 -0.21026480E+00
 -0.24265936E+00
 -0.24790148E+00
 -0.24300453E+00
 -0.23523463E+00
 -0.22703434E+00
 -0.21898025E+00
 -0.21109385E+00
 -0.20330053E+00
 -0.19554536E+00
 -0.18780191E+00
 -0.18006065E+00
 -0.17231906E+00
 -0.16457688E+00
 -0.15683432E+00
 -0.14909153E+00
 -0.14134847E+00
 -0.13360492E+00
 -0.12586108E+00
 -0.11811879E+00
 -0.11038505E+00
 -0.10267931E+00
 -0.95042789E-01
 -0.87533591E-01
 -0.80145844E-01
 -0.72478732E-01
 -0.62759474E-01
 -0.45490222E-01
 -0.67366947E-02
  0.82966129E-01
  0.26449173E+00
  0.43412245E+00
 -0.63395257E+00
 -0.78220941E+01
 -0.19452419E+02
 -0.22184029E+02
 -0.74858921E+01
 -0.69794136E+00
  0.16485850E+00
  0.49623282E-01
 -0.92904758E-01
 -0.16111850E+00
 -0.18254412E+00
 -0.18356495E+00
 -0.17748363E+00
 -0.16955532E+00
 -0.16142973E+00
 -0.15345162E+00
 -0.14560592E+00
 -0.13782880E+00
 -0.13007846E+00
 -0.12233583E+00
 -0.11459437E+00
 -0.10685249E+00
 -0.99110157E-01
 -0.91367568E-01
 -0.83624819E-01
 -0.75881910E-01
 -0.68138714E-01
 -0.60395285E-01
 -0.52652557E-01
 -0.44914415E-01
 -0.37191974E-01
 -0.29509812E-01
 -0.21905339E-01
 -0.14387850E-01
 -0.67569476E-02
  0.19577868E-02
  0.14915160E-01
  0.40567342E-01
  0.98614273E-01
  0.22822568E+00
  0.41840337E+00
 -0.35670819E+00
 -0.79295863E+01
 -0.21574901E+02
 -0.24193030E+02
 -0.74412899E+01
 -0.46365829E+00
  0.16356509E+00
  0.26634112E-01
 -0.82957399E-01
 -0.12608143E+00
 -0.13573147E+00
 -0.13256465E+00
 -0.12541287E+00
 -0.11739132E+00
 -0.10936653E+00
 -0.10147225E+00
 -0.93668659E-01
 -0.85907512E-01
 -0.78161617E-01
 -0.70419582E-01
 -0.62677840E-01
 -0.54935678E-01
 -0.47193182E-01
 -0.39450537E-01
 -0.31707826E-01
 -0.23965052E-01
 -0.16222170E-01
 -0.84791942E-02
 -0.73638063E-03
  0.70049769E-02
  0.14741023E-01
  0.22462841E-01
  0.30155816E-01
  0.37811751E-01
  0.45488518E-01
  0.53503559E-01
  0.62946939E-01
  0.76895429E-01
  0.10320157E+00
  0.16125265E+00
  0.29801901E+00
 -0.95669817E-01
 -0.77632144E+01
 -0.23516246E+02
 -0.25939144E+02
 -0.71905775E+01
 -0.24162675E+00
  0.10924846E+00
 -0.21800578E-01
 -0.87882320E-01
 -0.10517373E+00
 -0.10408928E+00
 -0.97444490E-01
 -0.89515269E-01
 -0.81486451E-01
 -0.73575815E-01
 -0.65761367E-01
 -0.57995144E-01
 -0.50247346E-01
 -0.42504820E-01
 -0.34763030E-01
 -0.27020928E-01
 -0.19278483E-01
 -0.11535865E-01
 -0.37931831E-02
  0.39495140E-02
  0.11692198E-01
  0.19434828E-01
  0.27177366E-01
  0.34919851E-01
  0.42662590E-01
  0.50406885E-01
  0.58156317E-01
  0.65918764E-01
  0.73705983E-01
  0.81519393E-01
  0.89286483E-01
  0.96651878E-01
  0.10238425E+00
  0.10282931E+00
  0.88416157E-01
  0.42674965E-01
  0.74480157E-01
 -0.72655421E+01
 -0.25161879E+02
 -0.39613008E+02
 -0.13705462E+02
  0.20504574E+00
  0.51422614E+00
  0.40235967E+00
  0.38999489E+00
  0.40994718E+00
  0.43311910E+00
  0.45335542E+00
  0.47024463E+00
  0.48422152E+00
  0.49560503E+00
  0.50454250E+00
  0.51108615E+00
  0.51524933E+00
  0.51703321E+00
  0.51643654E+00
  0.51345830E+00
  0.50809795E+00
  0.50035528E+00
  0.49023023E+00
  0.47772278E+00
  0.46283299E+00
  0.44556088E+00
  0.42590643E+00
  0.40386972E+00
  0.37945052E+00
  0.35264802E+00
  0.32345965E+00
  0.29187934E+00
  0.25789677E+00
  0.22150497E+00
  0.18273992E+00
  0.14180874E+00
  0.99420822E-01
  0.57482310E-01
  0.20129911E-01
 -0.68289013E-02
 -0.36308410E-01
 -0.34532875E+00
 -0.19481503E+02
SCALARS Sigma_xy float 1
LOOKUP_TABLE default
 -0.31691529E+00
 -0.10257163E+01
 -0.14872819E+01
 -0.16399546E+01
 -0.17250627E+01
 -0.18113863E+01
 -0.19040690E+01
 -0.19956273E+01
 -0.20801598E+01
 -0.21548101E+01
 -0.22185482E+01
 -0.22711155E+01
 -0.23124960E+01
 -0.23427193E+01
 -0.23618086E+01
 -0.23697751E+01
 -0.23666228E+01
 -0.23523529E+01
 -0.23269655E+01
 -0.22904606E+01
 -0.22428380E+01
 -0.21840977E+01
 -0.21142395E+01
 -0.20332631E+01
 -0.19411675E+01
 -0.18379515E+01
 -0.17236148E+01
 -0.15981642E+01
 -0.14616323E+01
 -0.13141183E+01
 -0.11558474E+01
 -0.98716578E+00
 -0.80813933E+00
 -0.61689449E+00
 -0.40532886E+00
 -0.15213281E+00
  0.17872862E+00
  0.60215770E+00
  0.96209810E+00
  0.60519076E+00
  0.40376193E+00
 -0.10337707E+01
 -0.14833762E+01
 -0.20052059E+01
 -0.18454169E+01
 -0.16090538E+01
 -0.14301647E+01
 -0.13015167E+01
 -0.11978196E+01
 -0.11032207E+01
 -0.10109163E+01
 -0.91875058E+00
 -0.82631690E+00
 -0.73367590E+00
 -0.64093371E+00
 -0.54815413E+00
 -0.45536462E+00
 -0.36257408E+00
 -0.26978439E+00
 -0.17699545E+00
 -0.84206913E-01
  0.85814825E-02
  0.10136989E+00
  0.19415850E+00
  0.28694771E+00
  0.37973814E+00
  0.47253020E+00
  0.56532159E+00
  0.65809979E+00
  0.75082403E+00
  0.84339515E+00
  0.93563954E+00
  0.10274328E+01
  0.11193385E+01
  0.12145415E+01
  0.13228827E+01
  0.14653331E+01
  0.16676079E+01
  0.19111640E+01
  0.19963232E+01
  0.13899815E+01
  0.67379780E+00
 -0.19692466E+01
 -0.26372313E+01
 -0.33752081E+01
 -0.31847190E+01
 -0.28227541E+01
 -0.25253083E+01
 -0.23013075E+01
 -0.21175451E+01
 -0.19497870E+01
 -0.17866745E+01
 -0.16242340E+01
 -0.14615236E+01
 -0.12985209E+01
 -0.11353585E+01
 -0.97213160E+00
 -0.80888530E+00
 -0.64563564E+00
 -0.48238670E+00
 -0.31913879E+00
 -0.15589151E+00
  0.73555563E-02
  0.17060262E+00
  0.33384999E+00
  0.49709821E+00
  0.66034801E+00
  0.82359946E+00
  0.98684803E+00
  0.11500735E+01
  0.13132157E+01
  0.14761383E+01
  0.16386294E+01
  0.18006296E+01
  0.19632268E+01
  0.21314668E+01
  0.23199315E+01
  0.25583139E+01
  0.28804980E+01
  0.32534761E+01
  0.33926372E+01
  0.25601152E+01
  0.15864514E+01
 -0.28429046E+01
 -0.36528003E+01
 -0.45100079E+01
 -0.42795085E+01
 -0.38293472E+01
 -0.34445086E+01
 -0.31455789E+01
 -0.28959043E+01
 -0.26665712E+01
 -0.24434726E+01
 -0.22214654E+01
 -0.19992295E+01
 -0.17766642E+01
 -0.15539072E+01
 -0.13310695E+01
 -0.11082060E+01
 -0.88533749E+00
 -0.66246942E+00
 -0.43960250E+00
 -0.21673630E+00
  0.61296255E-02
  0.22899556E+00
  0.45186184E+00
  0.67472905E+00
  0.89759789E+00
  0.11204680E+01
  0.13433333E+01
  0.15661695E+01
  0.17889077E+01
  0.20114009E+01
  0.22334415E+01
  0.24550563E+01
  0.26776788E+01
  0.29073464E+01
  0.31609466E+01
  0.34724442E+01
  0.38806163E+01
  0.43484862E+01
  0.45502527E+01
  0.35934702E+01
  0.24396551E+01
 -0.36439486E+01
 -0.45255193E+01
 -0.54207155E+01
 -0.51380398E+01
 -0.46287682E+01
 -0.41861960E+01
 -0.38332281E+01
 -0.35323806E+01
 -0.32533890E+01
 -0.29812643E+01
 -0.27104416E+01
 -0.24394396E+01
 -0.21681099E+01
 -0.18965820E+01
 -0.16249685E+01
 -0.13533271E+01
 -0.10816797E+01
 -0.81003255E+00
 -0.53838654E+00
 -0.26674128E+00
  0.49036916E-02
  0.27654868E+00
  0.54819402E+00
  0.81984022E+00
  0.10914878E+01
  0.13631362E+01
  0.16347788E+01
  0.19063907E+01
  0.21779054E+01
  0.24491864E+01
  0.27200582E+01
  0.29906166E+01
  0.32623948E+01
  0.35414924E+01
  0.38447789E+01
  0.42067242E+01
  0.46694781E+01
  0.52042297E+01
  0.54815744E+01
  0.44893850E+01
  0.32158906E+01
 -0.43701707E+01
 -0.52523272E+01
 -0.61105597E+01
 -0.57658356E+01
 -0.52226365E+01
 -0.47502247E+01
 -0.43638678E+01
 -0.40267212E+01
 -0.37101240E+01
 -0.34000078E+01
 -0.30911517E+01
 -0.27821529E+01
 -0.24728589E+01
 -0.21633835E+01
 -0.18538291E+01
 -0.15442486E+01
 -0.12346623E+01
 -0.92507608E+00
 -0.61549092E+00
 -0.30590644E+00
  0.36777723E-02
  0.31326200E+00
  0.62284652E+00
  0.93243174E+00
  0.12420180E+01
  0.15516046E+01
  0.18611853E+01
  0.21707388E+01
  0.24802095E+01
  0.27894878E+01
  0.30984455E+01
  0.34072094E+01
  0.37171544E+01
  0.40335717E+01
  0.43712275E+01
  0.47617958E+01
  0.52496764E+01
  0.58256295E+01
  0.61906040E+01
  0.52468806E+01
  0.39089238E+01
 -0.50230825E+01
 -0.58302787E+01
 -0.65780766E+01
 -0.61666223E+01
 -0.56138435E+01
 -0.51377762E+01
 -0.47378076E+01
 -0.43789390E+01
 -0.40367303E+01
 -0.36996678E+01
 -0.33635783E+01
 -0.30273628E+01
 -0.26909095E+01
 -0.23543118E+01
 -0.20176515E+01
 -0.16809706E+01
 -0.13442853E+01
 -0.10076001E+01
 -0.67091565E+00
 -0.33423179E+00
  0.24518570E-02
  0.33913550E+00
  0.67581936E+00
  0.10125037E+01
  0.13491886E+01
  0.16858735E+01
  0.20225537E+01
  0.23592140E+01
  0.26958167E+01
  0.30322903E+01
  0.33685594E+01
  0.37047394E+01
  0.40418231E+01
  0.43835749E+01
  0.47409142E+01
  0.51397122E+01
  0.56248390E+01
  0.62156326E+01
  0.66757999E+01
  0.58640723E+01
  0.45183170E+01
 -0.56045327E+01
 -0.62552988E+01
 -0.68190423E+01
 -0.63434841E+01
 -0.58065198E+01
 -0.53512455E+01
 -0.49559950E+01
 -0.45892866E+01
 -0.42332254E+01
 -0.38802146E+01
 -0.35276978E+01
 -0.31750577E+01
 -0.28222573E+01
 -0.24693655E+01
 -0.21164355E+01
 -0.17634933E+01
 -0.14105488E+01
 -0.10576045E+01
 -0.70466075E+00
 -0.35171734E+00
  0.12259422E-02
  0.35416921E+00
  0.70711257E+00
  0.10600561E+01
  0.14129998E+01
  0.17659432E+01
  0.21188840E+01
  0.24718151E+01
  0.28247207E+01
  0.31775734E+01
  0.35303510E+01
  0.38831226E+01
  0.42363428E+01
  0.45917561E+01
  0.49551303E+01
  0.53437792E+01
  0.57998819E+01
  0.63764654E+01
  0.69317798E+01
  0.63372909E+01
  0.50457921E+01
 -0.61138136E+01
 -0.65210529E+01
 -0.68278693E+01
 -0.63001302E+01
 -0.58062375E+01
 -0.53941266E+01
 -0.50199116E+01
 -0.46582049E+01
 -0.42996713E+01
 -0.39416200E+01
 -0.35834808E+01
 -0.32252219E+01
 -0.28668961E+01
 -0.25085428E+01
 -0.21501807E+01
 -0.17918168E+01
 -0.14334530E+01
 -0.10750895E+01
 -0.71672625E+00
 -0.35836309E+00
  0.31703187E-07
  0.35836313E+00
  0.71672618E+00
  0.10750891E+01
  0.14334518E+01
  0.17918141E+01
  0.21501762E+01
  0.25085403E+01
  0.28669136E+01
  0.32253142E+01
  0.35837704E+01
  0.39422866E+01
  0.43007122E+01
  0.46585494E+01
  0.50156549E+01
  0.53784143E+01
  0.57814407E+01
  0.63110424E+01
  0.69504596E+01
  0.66599453E+01
  0.54925249E+01
 -0.65444549E+01
 -0.66179147E+01
 -0.65989977E+01
 -0.60422972E+01
 -0.56203279E+01
 -0.52708776E+01
 -0.49314242E+01
 -0.45862460E+01
 -0.42361471E+01
 -0.38838507E+01
 -0.35308920E+01
 -0.31778362E+01
 -0.28248184E+01
 -0.24718416E+01
 -0.21188870E+01
 -0.17659412E+01
 -0.14129979E+01
 -0.10600551E+01
 -0.70711217E+00
 -0.35416907E+00
 -0.12258895E-02
  0.35171726E+00
  0.70466023E+00
  0.10576028E+01
  0.14105448E+01
  0.17634863E+01
  0.21164301E+01
  0.24693871E+01
  0.28223866E+01
  0.31754890E+01
  0.35287695E+01
  0.38821692E+01
  0.42349605E+01
  0.45844726E+01
  0.49245398E+01
  0.52489579E+01
  0.55783754E+01
  0.60246497E+01
  0.67220865E+01
  0.68210560E+01
  0.58567267E+01
 -0.68798500E+01
 -0.65320823E+01
 -0.61287722E+01
 -0.55793532E+01
 -0.52582029E+01
 -0.49867212E+01
 -0.46925879E+01
 -0.43739770E+01
 -0.40427165E+01
 -0.37068619E+01
 -0.33698910E+01
 -0.30328799E+01
 -0.26960160E+01
 -0.23592595E+01
 -0.20225539E+01
 -0.16858665E+01
 -0.13491838E+01
 -0.10125014E+01
 -0.67581853E+00
 -0.33913527E+00
 -0.24518237E-02
  0.33423160E+00
  0.67091476E+00
  0.10075973E+01
  0.13442788E+01
  0.16809599E+01
  0.20176454E+01
  0.23543532E+01
  0.26911313E+01
  0.30280760E+01
  0.33653043E+01
  0.37027147E+01
  0.40391194E+01
  0.43700279E+01
  0.46838596E+01
  0.49613620E+01
  0.52022173E+01
  0.55270761E+01
  0.62366256E+01
  0.68032887E+01
  0.61309911E+01
 -0.70865485E+01
 -0.62450471E+01
 -0.54183801E+01
 -0.49261579E+01
 -0.47315476E+01
 -0.45473249E+01
 -0.43053953E+01
 -0.40218691E+01
 -0.37193942E+01
 -0.34105920E+01
 -0.31004333E+01
 -0.27903320E+01
 -0.24804815E+01
 -0.21707946E+01
 -0.18611813E+01
 -0.15515931E+01
 -0.12420107E+01
 -0.93242846E+00
 -0.62284537E+00
 -0.31326171E+00
 -0.36777657E-02
  0.30590617E+00
  0.61548978E+00
  0.92507259E+00
  0.12346541E+01
  0.15442351E+01
  0.18538218E+01
  0.21634368E+01
  0.24731408E+01
  0.27830565E+01
  0.30933364E+01
  0.34038702E+01
  0.37131978E+01
  0.40156073E+01
  0.42954393E+01
  0.45216858E+01
  0.46673521E+01
  0.48353924E+01
  0.54861139E+01
  0.65801916E+01
  0.62989056E+01
 -0.71033549E+01
 -0.57339556E+01
 -0.44786448E+01
 -0.41051549E+01
 -0.40542016E+01
 -0.39582957E+01
 -0.37714775E+01
 -0.35301841E+01
 -0.32661166E+01
 -0.29949594E+01
 -0.27224734E+01
 -0.24501739E+01
 -0.21782091E+01
 -0.19064459E+01
 -0.16347693E+01
 -0.13631211E+01
 -0.10914789E+01
 -0.81983636E+00
 -0.54819274E+00
 -0.27654838E+00
 -0.49036997E-02
  0.26674098E+00
  0.53838530E+00
  0.81002876E+00
  0.10816708E+01
  0.13533121E+01
  0.16249592E+01
  0.18966365E+01
  0.21684103E+01
  0.24404166E+01
  0.27128342E+01
  0.29855829E+01
  0.32571618E+01
  0.35214170E+01
  0.37605870E+01
  0.39353529E+01
  0.39905866E+01
  0.39775551E+01
  0.44689642E+01
  0.61121136E+01
  0.63303930E+01
 -0.68230446E+01
 -0.49741063E+01
 -0.33378306E+01
 -0.31484872E+01
 -0.32414655E+01
 -0.32244356E+01
 -0.30917675E+01
 -0.28988725E+01
 -0.26827242E+01
 -0.24598658E+01
 -0.22359685E+01
 -0.20123913E+01
 -0.17891957E+01
 -0.15662133E+01
 -0.13433185E+01
 -0.11204509E+01
 -0.89758842E+00
 -0.67472517E+00
 -0.45186063E+00
 -0.22899530E+00
 -0.61296331E-02
  0.21673603E+00
  0.43960135E+00
  0.66246584E+00
  0.88532890E+00
  0.11081910E+01
  0.13310579E+01
  0.15539524E+01
  0.17769378E+01
  0.20001485E+01
  0.22237747E+01
  0.24477990E+01
  0.26709214E+01
  0.28874222E+01
  0.30798792E+01
  0.32062114E+01
  0.31895110E+01
  0.29968554E+01
  0.31979645E+01
  0.53398599E+01
  0.61752244E+01
 -0.60609809E+01
 -0.39463028E+01
 -0.20541668E+01
 -0.20995293E+01
 -0.23084579E+01
 -0.23487281E+01
 -0.22661644E+01
 -0.21275044E+01
 -0.19689604E+01
 -0.18052041E+01
 -0.16408845E+01
 -0.14769771E+01
 -0.13134414E+01
 -0.11500981E+01
 -0.98682966E+00
 -0.82358293E+00
 -0.66033949E+00
 -0.49709492E+00
 -0.33384904E+00
 -0.17060245E+00
 -0.73555646E-02
  0.15589132E+00
  0.31913791E+00
  0.48238383E+00
  0.64562848E+00
  0.80887195E+00
  0.97211841E+00
  0.11353855E+01
  0.12987248E+01
  0.14622512E+01
  0.16261444E+01
  0.17904654E+01
  0.19543268E+01
  0.21133168E+01
  0.22530395E+01
  0.23356516E+01
  0.22787256E+01
  0.19567442E+01
  0.17152349E+01
  0.41742707E+01
  0.57542917E+01
 -0.45001102E+01
 -0.26549182E+01
 -0.73550783E+00
 -0.10124477E+01
 -0.12670460E+01
 -0.13311053E+01
 -0.12932625E+01
 -0.12152537E+01
 -0.11244929E+01
 -0.10308736E+01
 -0.93720276E+00
 -0.84393392E+00
 -0.75095095E+00
 -0.65810311E+00
 -0.56530402E+00
 -0.47251754E+00
 -0.37973217E+00
 -0.28694557E+00
 -0.19415795E+00
 -0.10136982E+00
 -0.85814962E-02
  0.84206839E-01
  0.17699500E+00
  0.26978272E+00
  0.36256955E+00
  0.45535521E+00
  0.54814148E+00
  0.64093802E+00
  0.73377591E+00
  0.82673108E+00
  0.91994150E+00
  0.10135329E+01
  0.11071733E+01
  0.11985182E+01
  0.12788616E+01
  0.13224755E+01
  0.12626012E+01
  0.94424290E+00
  0.12045019E+00
  0.24780746E+01
  0.49489310E+01
 -0.15479673E+01
 -0.14305125E+01
  0.12869064E+01
  0.43639415E+00
  0.17234482E+00
  0.23732544E+00
  0.41008777E+00
  0.60685032E+00
  0.80045771E+00
  0.98344786E+00
  0.11544903E+01
  0.13137655E+01
  0.14616014E+01
  0.15981980E+01
  0.17236429E+01
  0.18379657E+01
  0.19411728E+01
  0.20332645E+01
  0.21142397E+01
  0.21840976E+01
  0.22428379E+01
  0.22904605E+01
  0.23269653E+01
  0.23523522E+01
  0.23666210E+01
  0.23697719E+01
  0.23618060E+01
  0.23427278E+01
  0.23125503E+01
  0.22713014E+01
  0.22190221E+01
  0.21557155E+01
  0.20811310E+01
  0.19941159E+01
  0.18910313E+01
  0.17625177E+01
  0.15882965E+01
  0.13349814E+01
  0.10164639E+01
  0.15957295E+01
  0.51461328E+01
SCALARS Von_Mises float 1
LOOKUP_TABLE default
  0.15565068E+01
  0.51485797E+01
  0.11451545E+02
  0.18079316E+02
  0.24084355E+02
  0.29434313E+02
  0.34278031E+02
  0.38722427E+02
  0.42816606E+02
  0.46577096E+02
  0.50007369E+02
  0.53107128E+02
  0.55875569E+02
  0.58312150E+02
  0.60416601E+02
  0.62188802E+02
  0.63628701E+02
  0.64736274E+02
  0.65511505E+02
  0.65954385E+02
  0.66064909E+02
  0.65843077E+02
  0.65288892E+02
  0.64402361E+02
  0.63183495E+02
  0.61632311E+02
  0.59748837E+02
  0.57533139E+02
  0.54985384E+02
  0.52105984E+02
  0.48895803E+02
  0.45356184E+02
  0.41487721E+02
  0.37284880E+02
  0.32721002E+02
  0.27719818E+02
  0.22132043E+02
  0.15810929E+02
  0.90106342E+01
  0.32033435E+01
  0.15910527E+01
  0.23702829E+01
  0.45494942E+01
  0.98048971E+01
  0.15540239E+02
  0.20974694E+02
  0.25897301E+02
  0.30373280E+02
  0.34484474E+02
  0.38275081E+02
  0.41761586E+02
  0.44947878E+02
  0.47833765E+02
  0.50418335E+02
  0.52700874E+02
  0.54680953E+02
  0.56358334E+02
  0.57732876E+02
  0.58804492E+02
  0.59573124E+02
  0.60038734E+02
  0.60201300E+02
  0.60060814E+02
  0.59617282E+02
  0.58870724E+02
  0.57821173E+02
  0.56468685E+02
  0.54813339E+02
  0.52855262E+02
  0.50594677E+02
  0.48032006E+02
  0.45168017E+02
  0.42003886E+02
  0.38540566E+02
  0.34775749E+02
  0.30695089E+02
  0.26254744E+02
  0.21364867E+02
  0.15926525E+02
  0.10037030E+02
  0.44309775E+01
  0.18104155E+01
  0.38367320E+01
  0.57037218E+01
  0.99445206E+01
  0.14189138E+02
  0.18403556E+02
  0.22399625E+02
  0.26125674E+02
  0.29588693E+02
  0.32798648E+02
  0.35758690E+02
  0.38467925E+02
  0.40924350E+02
  0.43126161E+02
  0.45072043E+02
  0.46761101E+02
  0.48192735E+02
  0.49366529E+02
  0.50282196E+02
  0.50939533E+02
  0.51338410E+02
  0.51478749E+02
  0.51360526E+02
  0.50983761E+02
  0.50348529E+02
  0.49454958E+02
  0.48303241E+02
  0.46893659E+02
  0.45226608E+02
  0.43302658E+02
  0.41122654E+02
  0.38687871E+02
  0.36000227E+02
  0.33062392E+02
  0.29877349E+02
  0.26446325E+02
  0.22764124E+02
  0.18816173E+02
  0.14596107E+02
  0.10150766E+02
  0.55598337E+01
  0.31592963E+01
  0.54680128E+01
  0.70327817E+01
  0.10408489E+02
  0.13252197E+02
  0.16184262E+02
  0.19169061E+02
  0.22081879E+02
  0.24854008E+02
  0.27453965E+02
  0.29866280E+02
  0.32082265E+02
  0.34096492E+02
  0.35905357E+02
  0.37506391E+02
  0.38897864E+02
  0.40078544E+02
  0.41047552E+02
  0.41804254E+02
  0.42348208E+02
  0.42679120E+02
  0.42796822E+02
  0.42701256E+02
  0.42392473E+02
  0.41870636E+02
  0.41136028E+02
  0.40189083E+02
  0.39030415E+02
  0.37660876E+02
  0.36081639E+02
  0.34294332E+02
  0.32301283E+02
  0.30106044E+02
  0.27714596E+02
  0.25138053E+02
  0.22397824E+02
  0.19532824E+02
  0.16602582E+02
  0.13660066E+02
  0.10610564E+02
  0.69065964E+01
  0.47154397E+01
  0.71907797E+01
  0.83484372E+01
  0.10980560E+02
  0.12601776E+02
  0.14288429E+02
  0.16219984E+02
  0.18267118E+02
  0.20304657E+02
  0.22260785E+02
  0.24099145E+02
  0.25801195E+02
  0.27356667E+02
  0.28759229E+02
  0.30004620E+02
  0.31089820E+02
  0.32012643E+02
  0.32771493E+02
  0.33365218E+02
  0.33793005E+02
  0.34054312E+02
  0.34148828E+02
  0.34076448E+02
  0.33837263E+02
  0.33431569E+02
  0.32859891E+02
  0.32123018E+02
  0.31222069E+02
  0.30158585E+02
  0.28934656E+02
  0.27553129E+02
  0.26018007E+02
  0.24335383E+02
  0.22515843E+02
  0.20580211E+02
  0.18571012E+02
  0.16568038E+02
  0.14687053E+02
  0.12989614E+02
  0.11190152E+02
  0.82753383E+01
  0.63791032E+01
  0.89940076E+01
  0.95656489E+01
  0.11502706E+02
  0.12118743E+02
  0.12700180E+02
  0.13600909E+02
  0.14749871E+02
  0.16007468E+02
  0.17276681E+02
  0.18503953E+02
  0.19661006E+02
  0.20731992E+02
  0.21707037E+02
  0.22579392E+02
  0.23344185E+02
  0.23997830E+02
  0.24537676E+02
  0.24961788E+02
  0.25268793E+02
  0.25457772E+02
  0.25528193E+02
  0.25479874E+02
  0.25312966E+02
  0.25027966E+02
  0.24625753E+02
  0.24107649E+02
  0.23475517E+02
  0.22731902E+02
  0.21880222E+02
  0.20925071E+02
  0.19872781E+02
  0.18732738E+02
  0.17520672E+02
  0.16266321E+02
  0.15027997E+02
  0.13909582E+02
  0.13046148E+02
  0.12463727E+02
  0.11724890E+02
  0.95760153E+01
  0.81326138E+01
  0.10876897E+02
  0.10641307E+02
  0.11868994E+02
  0.11708324E+02
  0.11428283E+02
  0.11425707E+02
  0.11696835E+02
  0.12139116E+02
  0.12665807E+02
  0.13223034E+02
  0.13779625E+02
  0.14316591E+02
  0.14821143E+02
  0.15283934E+02
  0.15697858E+02
  0.16057469E+02
  0.16358618E+02
  0.16598208E+02
  0.16773998E+02
  0.16884469E+02
  0.16928730E+02
  0.16906462E+02
  0.16817901E+02
  0.16663848E+02
  0.16445718E+02
  0.16165621E+02
  0.15826489E+02
  0.15432238E+02
  0.14987995E+02
  0.14500398E+02
  0.13978151E+02
  0.13433263E+02
  0.12884081E+02
  0.12362005E+02
  0.11923256E+02
  0.11660302E+02
  0.11682915E+02
  0.11985062E+02
  0.12103117E+02
  0.10760989E+02
  0.99716927E+01
  0.12836125E+02
  0.11549370E+02
  0.12012710E+02
  0.11313720E+02
  0.10518987E+02
  0.99108342E+01
  0.94799930E+01
  0.91691610E+01
  0.89359506E+01
  0.87565104E+01
  0.86182880E+01
  0.85139164E+01
  0.84379102E+01
  0.83853734E+01
  0.83517060E+01
  0.83326652E+01
  0.83244908E+01
  0.83240040E+01
  0.83286643E+01
  0.83365980E+01
  0.83466087E+01
  0.83581786E+01
  0.83714660E+01
  0.83873002E+01
  0.84071733E+01
  0.84332253E+01
  0.84682140E+01
  0.85154603E+01
  0.85787587E+01
  0.86622714E+01
  0.87705084E+01
  0.89086852E+01
  0.90840514E+01
  0.93091144E+01
  0.96080048E+01
  0.10027325E+02
  0.10643426E+02
  0.11493582E+02
  0.12250884E+02
  0.11799092E+02
  0.11891104E+02
  0.14862158E+02
  0.12271240E+02
  0.11899068E+02
  0.10928127E+02
  0.10060204E+02
  0.93521838E+01
  0.87133695E+01
  0.80926988E+01
  0.74746124E+01
  0.68562104E+01
  0.62375399E+01
  0.56190044E+01
  0.50009334E+01
  0.43836299E+01
  0.37674971E+01
  0.31532201E+01
  0.25421386E+01
  0.19372737E+01
  0.13470236E+01
  0.80423627E+00
  0.49999985E+00
  0.78998995E+00
  0.13300558E+01
  0.19196071E+01
  0.25242051E+01
  0.31351569E+01
  0.37493600E+01
  0.43654507E+01
  0.49827521E+01
  0.56009113E+01
  0.62197353E+01
  0.68390201E+01
  0.74581976E+01
  0.80758693E+01
  0.86913316E+01
  0.93180901E+01
  0.10028540E+02
  0.10980064E+02
  0.12122644E+02
  0.12664764E+02
  0.13880052E+02
  0.16938559E+02
  0.12793526E+02
  0.11527687E+02
  0.10607694E+02
  0.10159541E+02
  0.99306397E+01
  0.97424770E+01
  0.95586998E+01
  0.93904992E+01
  0.92490792E+01
  0.91373637E+01
  0.90529028E+01
  0.89911590E+01
  0.89472694E+01
  0.89167367E+01
  0.88956372E+01
  0.88806656E+01
  0.88691415E+01
  0.88590112E+01
  0.88488499E+01
  0.88378643E+01
  0.88258958E+01
  0.88134238E+01
  0.88015705E+01
  0.87921056E+01
  0.87874492E+01
  0.87906737E+01
  0.88055040E+01
  0.88363164E+01
  0.88881051E+01
  0.89662921E+01
  0.90760011E+01
  0.92199782E+01
  0.93941158E+01
  0.95818548E+01
  0.97617630E+01
  0.99781284E+01
  0.10504023E+02
  0.11701778E+02
  0.13333380E+02
  0.15920255E+02
  0.19042879E+02
  0.13112126E+02
  0.10949195E+02
  0.10482121E+02
  0.10892499E+02
  0.11525319E+02
  0.12143559E+02
  0.12731191E+02
  0.13307314E+02
  0.13876902E+02
  0.14432681E+02
  0.14963377E+02
  0.15458283E+02
  0.15908686E+02
  0.16307891E+02
  0.16650849E+02
  0.16933783E+02
  0.17153900E+02
  0.17309203E+02
  0.17398350E+02
  0.17420582E+02
  0.17375672E+02
  0.17263918E+02
  0.17086156E+02
  0.16843816E+02
  0.16539009E+02
  0.16174669E+02
  0.15754766E+02
  0.15284613E+02
  0.14771284E+02
  0.14224067E+02
  0.13654561E+02
  0.13075315E+02
  0.12494703E+02
  0.11905761E+02
  0.11277206E+02
  0.10608365E+02
  0.10214749E+02
  0.11016054E+02
  0.13780383E+02
  0.17984701E+02
  0.21150064E+02
  0.13245901E+02
  0.10303551E+02
  0.10744474E+02
  0.12260449E+02
  0.13852480E+02
  0.15322741E+02
  0.16691607E+02
  0.17985207E+02
  0.19207572E+02
  0.20351213E+02
  0.21406244E+02
  0.22364080E+02
  0.23218185E+02
  0.23963792E+02
  0.24597450E+02
  0.25116660E+02
  0.25519618E+02
  0.25805051E+02
  0.25972118E+02
  0.26020336E+02
  0.25949560E+02
  0.25759960E+02
  0.25452043E+02
  0.25026684E+02
  0.24485197E+02
  0.23829440E+02
  0.23061986E+02
  0.22186384E+02
  0.21207554E+02
  0.20132291E+02
  0.18969708E+02
  0.17730825E+02
  0.16425222E+02
  0.15050725E+02
  0.13574298E+02
  0.11941661E+02
  0.10351987E+02
  0.10181227E+02
  0.13985029E+02
  0.20036260E+02
  0.23243076E+02
  0.13268901E+02
  0.98806005E+01
  0.11592817E+02
  0.14198744E+02
  0.16674034E+02
  0.18936947E+02
  0.21035596E+02
  0.22995815E+02
  0.24820684E+02
  0.26504606E+02
  0.28040745E+02
  0.29423430E+02
  0.30648476E+02
  0.31712895E+02
  0.32614557E+02
  0.33351935E+02
  0.33923938E+02
  0.34329799E+02
  0.34569011E+02
  0.34641286E+02
  0.34546534E+02
  0.34284853E+02
  0.33856541E+02
  0.33262118E+02
  0.32502365E+02
  0.31578395E+02
  0.30491757E+02
  0.29244608E+02
  0.27839965E+02
  0.26282083E+02
  0.24576881E+02
  0.22732083E+02
  0.20755788E+02
  0.18649924E+02
  0.16391355E+02
  0.13902841E+02
  0.11176019E+02
  0.94943948E+01
  0.13943331E+02
  0.22025953E+02
  0.25345210E+02
  0.13377144E+02
  0.10140653E+02
  0.13137860E+02
  0.16613157E+02
  0.19842040E+02
  0.22827950E+02
  0.25609652E+02
  0.28198826E+02
  0.30594016E+02
  0.32790693E+02
  0.34784655E+02
  0.36572709E+02
  0.38152560E+02
  0.39522579E+02
  0.40681600E+02
  0.41628786E+02
  0.42363537E+02
  0.42885432E+02
  0.43194192E+02
  0.43289659E+02
  0.43171782E+02
  0.42840616E+02
  0.42296320E+02
  0.41539176E+02
  0.40569612E+02
  0.39388231E+02
  0.37995873E+02
  0.36393695E+02
  0.34583298E+02
  0.32566939E+02
  0.30347895E+02
  0.27931039E+02
  0.25323470E+02
  0.22533650E+02
  0.19562611E+02
  0.16369132E+02
  0.12829867E+02
  0.95438765E+01
  0.13702791E+02
  0.23891356E+02
  0.27615892E+02
  0.13998992E+02
  0.11532316E+02
  0.15352995E+02
  0.19404852E+02
  0.23269688E+02
  0.26924265E+02
  0.30354031E+02
  0.33544607E+02
  0.36487334E+02
  0.39177932E+02
  0.41614255E+02
  0.43795042E+02
  0.45719419E+02
  0.47386733E+02
  0.48796488E+02
  0.49948315E+02
  0.50841943E+02
  0.51477182E+02
  0.51853904E+02
  0.51972039E+02
  0.51831561E+02
  0.51432495E+02
  0.50774914E+02
  0.49858943E+02
  0.48684774E+02
  0.47252677E+02
  0.45563013E+02
  0.43616257E+02
  0.41413007E+02
  0.38954059E+02
  0.36240662E+02
  0.33275466E+02
  0.30065132E+02
  0.26626015E+02
  0.22992079E+02
  0.19210701E+02
  0.15257998E+02
  0.11061355E+02
  0.13448322E+02
  0.25556894E+02
  0.30620858E+02
  0.15885306E+02
  0.14181891E+02
  0.18096590E+02
  0.22477482E+02
  0.26904158E+02
  0.31194034E+02
  0.35246602E+02
  0.39016746E+02
  0.42488564E+02
  0.45657940E+02
  0.48524362E+02
  0.51087995E+02
  0.53348937E+02
  0.55307162E+02
  0.56962585E+02
  0.58315118E+02
  0.59364683E+02
  0.60111227E+02
  0.60554712E+02
  0.60695118E+02
  0.60532437E+02
  0.60066676E+02
  0.59297855E+02
  0.58226011E+02
  0.56851198E+02
  0.55173488E+02
  0.53192962E+02
  0.50909680E+02
  0.48323613E+02
  0.45434574E+02
  0.42242353E+02
  0.38747842E+02
  0.34957217E+02
  0.30893748E+02
  0.26624761E+02
  0.22309099E+02
  0.18231092E+02
  0.14425152E+02
  0.13683152E+02
  0.26940145E+02
  0.43127681E+02
  0.22137152E+02
  0.16318874E+02
  0.19364061E+02
  0.23719060E+02
  0.28480483E+02
  0.33218955E+02
  0.37733631E+02
  0.41944863E+02
  0.45827354E+02
  0.49375678E+02
  0.52589938E+02
  0.55471014E+02
  0.58019474E+02
  0.60235551E+02
  0.62119305E+02
  0.63670731E+02
  0.64889808E+02
  0.65776519E+02
  0.66330850E+02
  0.66552797E+02
  0.66442357E+02
  0.65999532E+02
  0.65224329E+02
  0.64116760E+02
  0.62676843E+02
  0.60904601E+02
  0.58800045E+02
  0.56363140E+02
  0.53593709E+02
  0.50491296E+02
  0.47055130E+02
  0.43284896E+02
  0.39184441E+02
  0.34773781E+02
  0.30120796E+02
  0.25412688E+02
  0.21085393E+02
  0.17842754E+02
  0.13573154E+02
  0.23263221E+02
