  1353  2560    1    3    2    2
  1    2
  21000.0  0.30  1.00
      1        0.0000       10.0000    0.000
      2        2.5000       10.0000    0.000
      3        5.0000       10.0000    0.000
      4        7.5000       10.0000    0.000
      5       10.0000       10.0000    0.000
      6       12.5000       10.0000    0.000
      7       15.0000       10.0000    0.000
      8       17.5000       10.0000    0.000
      9       20.0000       10.0000    0.000
     10       22.5000       10.0000    0.000
     11       25.0000       10.0000    0.000
     12       27.5000       10.0000    0.000
     13       30.0000       10.0000    0.000
     14       32.5000       10.0000    0.000
     15       35.0000       10.0000    0.000
     16       37.5000       10.0000    0.000
     17       40.0000       10.0000    0.000
     18       42.5000       10.0000    0.000
     19       45.0000       10.0000    0.000
     20       47.5000       10.0000    0.000
     21       50.0000       10.0000    0.000
     22       52.5000       10.0000    0.000
     23       55.0000       10.0000    0.000
     24       57.5000       10.0000    0.000
     25       60.0000       10.0000    0.000
     26       62.5000       10.0000    0.000
     27       65.0000       10.0000    0.000
     28       67.5000       10.0000    0.000
     29       70.0000       10.0000    0.000
     30       72.5000       10.0000    0.000
     31       75.0000       10.0000    0.000
     32       77.5000       10.0000    0.000
     33       80.0000       10.0000    0.000
     34       82.5000       10.0000    0.000
     35       85.0000       10.0000    0.000
     36       87.5000       10.0000    0.000
     37       90.0000       10.0000    0.000
     38       92.5000       10.0000    0.000
     39       95.0000       10.0000    0.000
     40       97.5000       10.0000    0.000
     41      100.0000       10.0000    0.000
     42        0.0000        9.6875    0.000
     43        2.5000        9.6875    0.000
     44        5.0000        9.6875    0.000
     45        7.5000        9.6875    0.000
     46       10.0000        9.6875    0.000
     47       12.5000        9.6875    0.000
     48       15.0000        9.6875    0.000
     49       17.5000        9.6875    0.000
     50       20.0000        9.6875    0.000
     51       22.5000        9.6875    0.000
     52       25.0000        9.6875    0.000
     53       27.5000        9.6875    0.000
     54       30.0000        9.6875    0.000
     55       32.5000        9.6875    0.000
     56       35.0000        9.6875    0.000
     57       37.5000        9.6875    0.000
     58       40.0000        9.6875    0.000
     59       42.5000        9.6875    0.000
     60       45.0000        9.6875    0.000
     61       47.5000        9.6875    0.000
     62       50.0000        9.6875    0.000
     63       52.5000        9.6875    0.000
     64       55.0000        9.6875    0.000
     65       57.5000        9.6875    0.000
     66       60.0000        9.6875    0.000
     67       62.5000        9.6875    0.000
     68       65.0000        9.6875    0.000
     69       67.5000        9.6875    0.000
     70       70.0000        9.6875    0.000
     71       72.5000        9.6875    0.000
     72       75.0000        9.6875    0.000
     73       77.5000        9.6875    0.000
     74       80.0000        9.6875    0.000
     75       82.5000        9.6875    0.000
     76       85.0000        9.6875    0.000
     77       87.5000        9.6875    0.000
     78       90.0000        9.6875    0.000
     79       92.5000        9.6875    0.000
     80       95.0000        9.6875    0.000
     81       97.5000        9.6875    0.000
     82      100.0000        9.6875    0.000
     83        0.0000        9.3750    0.000
     84        2.5000        9.3750    0.000
     85        5.0000        9.3750    0.000
     86        7.5000        9.3750    0.000
     87       10.0000        9.3750    0.000
     88       12.5000        9.3750    0.000
     89       15.0000        9.3750    0.000
     90       17.5000        9.3750    0.000
     91       20.0000        9.3750    0.000
     92       22.5000        9.3750    0.000
     93       25.0000        9.3750    0.000
     94       27.5000        9.3750    0.000
     95       30.0000        9.3750    0.000
     96       32.5000        9.3750    0.000
     97       35.0000        9.3750    0.000
     98       37.5000        9.3750    0.000
     99       40.0000        9.3750    0.000
    100       42.5000        9.3750    0.000
    101       45.0000        9.3750    0.000
    102       47.5000        9.3750    0.000
    103       50.0000        9.3750    0.000
    104       52.5000        9.3750    0.000
    105       55.0000        9.3750    0.000
    106       57.5000        9.3750    0.000
    107       60.0000        9.3750    0.000
    108       62.5000        9.3750    0.000
    109       65.0000        9.3750    0.000
    110       67.5000        9.3750    0.000
    111       70.0000        9.3750    0.000
    112       72.5000        9.3750    0.000
    113       75.0000        9.3750    0.000
    114       77.5000        9.3750    0.000
    115       80.0000        9.3750    0.000
    116       82.5000        9.3750    0.000
    117       85.0000        9.3750    0.000
    118       87.5000        9.3750    0.000
    119       90.0000        9.3750    0.000
    120       92.5000        9.3750    0.000
    121       95.0000        9.3750    0.000
    122       97.5000        9.3750    0.000
    123      100.0000        9.3750    0.000
    124        0.0000        9.0625    0.000
    125        2.5000        9.0625    0.000
    126        5.0000        9.0625    0.000
    127        7.5000        9.0625    0.000
    128       10.0000        9.0625    0.000
    129       12.5000        9.0625    0.000
    130       15.0000        9.0625    0.000
    131       17.5000        9.0625    0.000
    132       20.0000        9.0625    0.000
    133       22.5000        9.0625    0.000
    134       25.0000        9.0625    0.000
    135       27.5000        9.0625    0.000
    136       30.0000        9.0625    0.000
    137       32.5000        9.0625    0.000
    138       35.0000        9.0625    0.000
    139       37.5000        9.0625    0.000
    140       40.0000        9.0625    0.000
    141       42.5000        9.0625    0.000
    142       45.0000        9.0625    0.000
    143       47.5000        9.0625    0.000
    144       50.0000        9.0625    0.000
    145       52.5000        9.0625    0.000
    146       55.0000        9.0625    0.000
    147       57.5000        9.0625    0.000
    148       60.0000        9.0625    0.000
    149       62.5000        9.0625    0.000
    150       65.0000        9.0625    0.000
    151       67.5000        9.0625    0.000
    152       70.0000        9.0625    0.000
    153       72.5000        9.0625    0.000
    154       75.0000        9.0625    0.000
    155       77.5000        9.0625    0.000
    156       80.0000        9.0625    0.000
    157       82.5000        9.0625    0.000
    158       85.0000        9.0625    0.000
    159       87.5000        9.0625    0.000
    160       90.0000        9.0625    0.000
    161       92.5000        9.0625    0.000
    162       95.0000        9.0625    0.000
    163       97.5000        9.0625    0.000
    164      100.0000        9.0625    0.000
    165        0.0000        8.7500    0.000
    166        2.5000        8.7500    0.000
    167        5.0000        8.7500    0.000
    168        7.5000        8.7500    0.000
    169       10.0000        8.7500    0.000
    170       12.5000        8.7500    0.000
    171       15.0000        8.7500    0.000
    172       17.5000        8.7500    0.000
    173       20.0000        8.7500    0.000
    174       22.5000        8.7500    0.000
    175       25.0000        8.7500    0.000
    176       27.5000        8.7500    0.000
    177       30.0000        8.7500    0.000
    178       32.5000        8.7500    0.000
    179       35.0000        8.7500    0.000
    180       37.5000        8.7500    0.000
    181       40.0000        8.7500    0.000
    182       42.5000        8.7500    0.000
    183       45.0000        8.7500    0.000
    184       47.5000        8.7500    0.000
    185       50.0000        8.7500    0.000
    186       52.5000        8.7500    0.000
    187       55.0000        8.7500    0.000
    188       57.5000        8.7500    0.000
    189       60.0000        8.7500    0.000
    190       62.5000        8.7500    0.000
    191       65.0000        8.7500    0.000
    192       67.5000        8.7500    0.000
    193       70.0000        8.7500    0.000
    194       72.5000        8.7500    0.000
    195       75.0000        8.7500    0.000
    196       77.5000        8.7500    0.000
    197       80.0000        8.7500    0.000
    198       82.5000        8.7500    0.000
    199       85.0000        8.7500    0.000
    200       87.5000        8.7500    0.000
    201       90.0000        8.7500    0.000
    202       92.5000        8.7500    0.000
    203       95.0000        8.7500    0.000
    204       97.5000        8.7500    0.000
    205      100.0000        8.7500    0.000
    206        0.0000        8.4375    0.000
    207        2.5000        8.4375    0.000
    208        5.0000        8.4375    0.000
    209        7.5000        8.4375    0.000
    210       10.0000        8.4375    0.000
    211       12.5000        8.4375    0.000
    212       15.0000        8.4375    0.000
    213       17.5000        8.4375    0.000
    214       20.0000        8.4375    0.000
    215       22.5000        8.4375    0.000
    216       25.0000        8.4375    0.000
    217       27.5000        8.4375    0.000
    218       30.0000        8.4375    0.000
    219       32.5000        8.4375    0.000
    220       35.0000        8.4375    0.000
    221       37.5000        8.4375    0.000
    222       40.0000        8.4375    0.000
    223       42.5000        8.4375    0.000
    224       45.0000        8.4375    0.000
    225       47.5000        8.4375    0.000
    226       50.0000        8.4375    0.000
    227       52.5000        8.4375    0.000
    228       55.0000        8.4375    0.000
    229       57.5000        8.4375    0.000
    230       60.0000        8.4375    0.000
    231       62.5000        8.4375    0.000
    232       65.0000        8.4375    0.000
    233       67.5000        8.4375    0.000
    234       70.0000        8.4375    0.000
    235       72.5000        8.4375    0.000
    236       75.0000        8.4375    0.000
    237       77.5000        8.4375    0.000
    238       80.0000        8.4375    0.000
    239       82.5000        8.4375    0.000
    240       85.0000        8.4375    0.000
    241       87.5000        8.4375    0.000
    242       90.0000        8.4375    0.000
    243       92.5000        8.4375    0.000
    244       95.0000        8.4375    0.000
    245       97.5000        8.4375    0.000
    246      100.0000        8.4375    0.000
    247        0.0000        8.1250    0.000
    248        2.5000        8.1250    0.000
    249        5.0000        8.1250    0.000
    250        7.5000        8.1250    0.000
    251       10.0000        8.1250    0.000
    252       12.5000        8.1250    0.000
    253       15.0000        8.1250    0.000
    254       17.5000        8.1250    0.000
    255       20.0000        8.1250    0.000
    256       22.5000        8.1250    0.000
    257       25.0000        8.1250    0.000
    258       27.5000        8.1250    0.000
    259       30.0000        8.1250    0.000
    260       32.5000        8.1250    0.000
    261       35.0000        8.1250    0.000
    262       37.5000        8.1250    0.000
    263       40.0000        8.1250    0.000
    264       42.5000        8.1250    0.000
    265       45.0000        8.1250    0.000
    266       47.5000        8.1250    0.000
    267       50.0000        8.1250    0.000
    268       52.5000        8.1250    0.000
    269       55.0000        8.1250    0.000
    270       57.5000        8.1250    0.000
    271       60.0000        8.1250    0.000
    272       62.5000        8.1250    0.000
    273       65.0000        8.1250    0.000
    274       67.5000        8.1250    0.000
    275       70.0000        8.1250    0.000
    276       72.5000        8.1250    0.000
    277       75.0000        8.1250    0.000
    278       77.5000        8.1250    0.000
    279       80.0000        8.1250    0.000
    280       82.5000        8.1250    0.000
    281       85.0000        8.1250    0.000
    282       87.5000        8.1250    0.000
    283       90.0000        8.1250    0.000
    284       92.5000        8.1250    0.000
    285       95.0000        8.1250    0.000
    286       97.5000        8.1250    0.000
    287      100.0000        8.1250    0.000
    288        0.0000        7.8125    0.000
    289        2.5000        7.8125    0.000
    290        5.0000        7.8125    0.000
    291        7.5000        7.8125    0.000
    292       10.0000        7.8125    0.000
    293       12.5000        7.8125    0.000
    294       15.0000        7.8125    0.000
    295       17.5000        7.8125    0.000
    296       20.0000        7.8125    0.000
    297       22.5000        7.8125    0.000
    298       25.0000        7.8125    0.000
    299       27.5000        7.8125    0.000
    300       30.0000        7.8125    0.000
    301       32.5000        7.8125    0.000
    302       35.0000        7.8125    0.000
    303       37.5000        7.8125    0.000
    304       40.0000        7.8125    0.000
    305       42.5000        7.8125    0.000
    306       45.0000        7.8125    0.000
    307       47.5000        7.8125    0.000
    308       50.0000        7.8125    0.000
    309       52.5000        7.8125    0.000
    310       55.0000        7.8125    0.000
    311       57.5000        7.8125    0.000
    312       60.0000        7.8125    0.000
    313       62.5000        7.8125    0.000
    314       65.0000        7.8125    0.000
    315       67.5000        7.8125    0.000
    316       70.0000        7.8125    0.000
    317       72.5000        7.8125    0.000
    318       75.0000        7.8125    0.000
    319       77.5000        7.8125    0.000
    320       80.0000        7.8125    0.000
    321       82.5000        7.8125    0.000
    322       85.0000        7.8125    0.000
    323       87.5000        7.8125    0.000
    324       90.0000        7.8125    0.000
    325       92.5000        7.8125    0.000
    326       95.0000        7.8125    0.000
    327       97.5000        7.8125    0.000
    328      100.0000        7.8125    0.000
    329        0.0000        7.5000    0.000
    330        2.5000        7.5000    0.000
    331        5.0000        7.5000    0.000
    332        7.5000        7.5000    0.000
    333       10.0000        7.5000    0.000
    334       12.5000        7.5000    0.000
    335       15.0000        7.5000    0.000
    336       17.5000        7.5000    0.000
    337       20.0000        7.5000    0.000
    338       22.5000        7.5000    0.000
    339       25.0000        7.5000    0.000
    340       27.5000        7.5000    0.000
    341       30.0000        7.5000    0.000
    342       32.5000        7.5000    0.000
    343       35.0000        7.5000    0.000
    344       37.5000        7.5000    0.000
    345       40.0000        7.5000    0.000
    346       42.5000        7.5000    0.000
    347       45.0000        7.5000    0.000
    348       47.5000        7.5000    0.000
    349       50.0000        7.5000    0.000
    350       52.5000        7.5000    0.000
    351       55.0000        7.5000    0.000
    352       57.5000        7.5000    0.000
    353       60.0000        7.5000    0.000
    354       62.5000        7.5000    0.000
    355       65.0000        7.5000    0.000
    356       67.5000        7.5000    0.000
    357       70.0000        7.5000    0.000
    358       72.5000        7.5000    0.000
    359       75.0000        7.5000    0.000
    360       77.5000        7.5000    0.000
    361       80.0000        7.5000    0.000
    362       82.5000        7.5000    0.000
    363       85.0000        7.5000    0.000
    364       87.5000        7.5000    0.000
    365       90.0000        7.5000    0.000
    366       92.5000        7.5000    0.000
    367       95.0000        7.5000    0.000
    368       97.5000        7.5000    0.000
    369      100.0000        7.5000    0.000
    370        0.0000        7.1875    0.000
    371        2.5000        7.1875    0.000
    372        5.0000        7.1875    0.000
    373        7.5000        7.1875    0.000
    374       10.0000        7.1875    0.000
    375       12.5000        7.1875    0.000
    376       15.0000        7.1875    0.000
    377       17.5000        7.1875    0.000
    378       20.0000        7.1875    0.000
    379       22.5000        7.1875    0.000
    380       25.0000        7.1875    0.000
    381       27.5000        7.1875    0.000
    382       30.0000        7.1875    0.000
    383       32.5000        7.1875    0.000
    384       35.0000        7.1875    0.000
    385       37.5000        7.1875    0.000
    386       40.0000        7.1875    0.000
    387       42.5000        7.1875    0.000
    388       45.0000        7.1875    0.000
    389       47.5000        7.1875    0.000
    390       50.0000        7.1875    0.000
    391       52.5000        7.1875    0.000
    392       55.0000        7.1875    0.000
    393       57.5000        7.1875    0.000
    394       60.0000        7.1875    0.000
    395       62.5000        7.1875    0.000
    396       65.0000        7.1875    0.000
    397       67.5000        7.1875    0.000
    398       70.0000        7.1875    0.000
    399       72.5000        7.1875    0.000
    400       75.0000        7.1875    0.000
    401       77.5000        7.1875    0.000
    402       80.0000        7.1875    0.000
    403       82.5000        7.1875    0.000
    404       85.0000        7.1875    0.000
    405       87.5000        7.1875    0.000
    406       90.0000        7.1875    0.000
    407       92.5000        7.1875    0.000
    408       95.0000        7.1875    0.000
    409       97.5000        7.1875    0.000
    410      100.0000        7.1875    0.000
    411        0.0000        6.8750    0.000
    412        2.5000        6.8750    0.000
    413        5.0000        6.8750    0.000
    414        7.5000        6.8750    0.000
    415       10.0000        6.8750    0.000
    416       12.5000        6.8750    0.000
    417       15.0000        6.8750    0.000
    418       17.5000        6.8750    0.000
    419       20.0000        6.8750    0.000
    420       22.5000        6.8750    0.000
    421       25.0000        6.8750    0.000
    422       27.5000        6.8750    0.000
    423       30.0000        6.8750    0.000
    424       32.5000        6.8750    0.000
    425       35.0000        6.8750    0.000
    426       37.5000        6.8750    0.000
    427       40.0000        6.8750    0.000
    428       42.5000        6.8750    0.000
    429       45.0000        6.8750    0.000
    430       47.5000        6.8750    0.000
    431       50.0000        6.8750    0.000
    432       52.5000        6.8750    0.000
    433       55.0000        6.8750    0.000
    434       57.5000        6.8750    0.000
    435       60.0000        6.8750    0.000
    436       62.5000        6.8750    0.000
    437       65.0000        6.8750    0.000
    438       67.5000        6.8750    0.000
    439       70.0000        6.8750    0.000
    440       72.5000        6.8750    0.000
    441       75.0000        6.8750    0.000
    442       77.5000        6.8750    0.000
    443       80.0000        6.8750    0.000
    444       82.5000        6.8750    0.000
    445       85.0000        6.8750    0.000
    446       87.5000        6.8750    0.000
    447       90.0000        6.8750    0.000
    448       92.5000        6.8750    0.000
    449       95.0000        6.8750    0.000
    450       97.5000        6.8750    0.000
    451      100.0000        6.8750    0.000
    452        0.0000        6.5625    0.000
    453        2.5000        6.5625    0.000
    454        5.0000        6.5625    0.000
    455        7.5000        6.5625    0.000
    456       10.0000        6.5625    0.000
    457       12.5000        6.5625    0.000
    458       15.0000        6.5625    0.000
    459       17.5000        6.5625    0.000
    460       20.0000        6.5625    0.000
    461       22.5000        6.5625    0.000
    462       25.0000        6.5625    0.000
    463       27.5000        6.5625    0.000
    464       30.0000        6.5625    0.000
    465       32.5000        6.5625    0.000
    466       35.0000        6.5625    0.000
    467       37.5000        6.5625    0.000
    468       40.0000        6.5625    0.000
    469       42.5000        6.5625    0.000
    470       45.0000        6.5625    0.000
    471       47.5000        6.5625    0.000
    472       50.0000        6.5625    0.000
    473       52.5000        6.5625    0.000
    474       55.0000        6.5625    0.000
    475       57.5000        6.5625    0.000
    476       60.0000        6.5625    0.000
    477       62.5000        6.5625    0.000
    478       65.0000        6.5625    0.000
    479       67.5000        6.5625    0.000
    480       70.0000        6.5625    0.000
    481       72.5000        6.5625    0.000
    482       75.0000        6.5625    0.000
    483       77.5000        6.5625    0.000
    484       80.0000        6.5625    0.000
    485       82.5000        6.5625    0.000
    486       85.0000        6.5625    0.000
    487       87.5000        6.5625    0.000
    488       90.0000        6.5625    0.000
    489       92.5000        6.5625    0.000
    490       95.0000        6.5625    0.000
    491       97.5000        6.5625    0.000
    492      100.0000        6.5625    0.000
    493        0.0000        6.2500    0.000
    494        2.5000        6.2500    0.000
    495        5.0000        6.2500    0.000
    496        7.5000        6.2500    0.000
    497       10.0000        6.2500    0.000
    498       12.5000        6.2500    0.000
    499       15.0000        6.2500    0.000
    500       17.5000        6.2500    0.000
    501       20.0000        6.2500    0.000
    502       22.5000        6.2500    0.000
    503       25.0000        6.2500    0.000
    504       27.5000        6.2500    0.000
    505       30.0000        6.2500    0.000
    506       32.5000        6.2500    0.000
    507       35.0000        6.2500    0.000
    508       37.5000        6.2500    0.000
    509       40.0000        6.2500    0.000
    510       42.5000        6.2500    0.000
    511       45.0000        6.2500    0.000
    512       47.5000        6.2500    0.000
    513       50.0000        6.2500    0.000
    514       52.5000        6.2500    0.000
    515       55.0000        6.2500    0.000
    516       57.5000        6.2500    0.000
    517       60.0000        6.2500    0.000
    518       62.5000        6.2500    0.000
    519       65.0000        6.2500    0.000
    520       67.5000        6.2500    0.000
    521       70.0000        6.2500    0.000
    522       72.5000        6.2500    0.000
    523       75.0000        6.2500    0.000
    524       77.5000        6.2500    0.000
    525       80.0000        6.2500    0.000
    526       82.5000        6.2500    0.000
    527       85.0000        6.2500    0.000
    528       87.5000        6.2500    0.000
    529       90.0000        6.2500    0.000
    530       92.5000        6.2500    0.000
    531       95.0000        6.2500    0.000
    532       97.5000        6.2500    0.000
    533      100.0000        6.2500    0.000
    534        0.0000        5.9375    0.000
    535        2.5000        5.9375    0.000
    536        5.0000        5.9375    0.000
    537        7.5000        5.9375    0.000
    538       10.0000        5.9375    0.000
    539       12.5000        5.9375    0.000
    540       15.0000        5.9375    0.000
    541       17.5000        5.9375    0.000
    542       20.0000        5.9375    0.000
    543       22.5000        5.9375    0.000
    544       25.0000        5.9375    0.000
    545       27.5000        5.9375    0.000
    546       30.0000        5.9375    0.000
    547       32.5000        5.9375    0.000
    548       35.0000        5.9375    0.000
    549       37.5000        5.9375    0.000
    550       40.0000        5.9375    0.000
    551       42.5000        5.9375    0.000
    552       45.0000        5.9375    0.000
    553       47.5000        5.9375    0.000
    554       50.0000        5.9375    0.000
    555       52.5000        5.9375    0.000
    556       55.0000        5.9375    0.000
    557       57.5000        5.9375    0.000
    558       60.0000        5.9375    0.000
    559       62.5000        5.9375    0.000
    560       65.0000        5.9375    0.000
    561       67.5000        5.9375    0.000
    562       70.0000        5.9375    0.000
    563       72.5000        5.9375    0.000
    564       75.0000        5.9375    0.000
    565       77.5000        5.9375    0.000
    566       80.0000        5.9375    0.000
    567       82.5000        5.9375    0.000
    568       85.0000        5.9375    0.000
    569       87.5000        5.9375    0.000
    570       90.0000        5.9375    0.000
    571       92.5000        5.9375    0.000
    572       95.0000        5.9375    0.000
    573       97.5000        5.9375    0.000
    574      100.0000        5.9375    0.000
    575        0.0000        5.6250    0.000
    576        2.5000        5.6250    0.000
    577        5.0000        5.6250    0.000
    578        7.5000        5.6250    0.000
    579       10.0000        5.6250    0.000
    580       12.5000        5.6250    0.000
    581       15.0000        5.6250    0.000
    582       17.5000        5.6250    0.000
    583       20.0000        5.6250    0.000
    584       22.5000        5.6250    0.000
    585       25.0000        5.6250    0.000
    586       27.5000        5.6250    0.000
    587       30.0000        5.6250    0.000
    588       32.5000        5.6250    0.000
    589       35.0000        5.6250    0.000
    590       37.5000        5.6250    0.000
    591       40.0000        5.6250    0.000
    592       42.5000        5.6250    0.000
    593       45.0000        5.6250    0.000
    594       47.5000        5.6250    0.000
    595       50.0000        5.6250    0.000
    596       52.5000        5.6250    0.000
    597       55.0000        5.6250    0.000
    598       57.5000        5.6250    0.000
    599       60.0000        5.6250    0.000
    600       62.5000        5.6250    0.000
    601       65.0000        5.6250    0.000
    602       67.5000        5.6250    0.000
    603       70.0000        5.6250    0.000
    604       72.5000        5.6250    0.000
    605       75.0000        5.6250    0.000
    606       77.5000        5.6250    0.000
    607       80.0000        5.6250    0.000
    608       82.5000        5.6250    0.000
    609       85.0000        5.6250    0.000
    610       87.5000        5.6250    0.000
    611       90.0000        5.6250    0.000
    612       92.5000        5.6250    0.000
    613       95.0000        5.6250    0.000
    614       97.5000        5.6250    0.000
    615      100.0000        5.6250    0.000
    616        0.0000        5.3125    0.000
    617        2.5000        5.3125    0.000
    618        5.0000        5.3125    0.000
    619        7.5000        5.3125    0.000
    620       10.0000        5.3125    0.000
    621       12.5000        5.3125    0.000
    622       15.0000        5.3125    0.000
    623       17.5000        5.3125    0.000
    624       20.0000        5.3125    0.000
    625       22.5000        5.3125    0.000
    626       25.0000        5.3125    0.000
    627       27.5000        5.3125    0.000
    628       30.0000        5.3125    0.000
    629       32.5000        5.3125    0.000
    630       35.0000        5.3125    0.000
    631       37.5000        5.3125    0.000
    632       40.0000        5.3125    0.000
    633       42.5000        5.3125    0.000
    634       45.0000        5.3125    0.000
    635       47.5000        5.3125    0.000
    636       50.0000        5.3125    0.000
    637       52.5000        5.3125    0.000
    638       55.0000        5.3125    0.000
    639       57.5000        5.3125    0.000
    640       60.0000        5.3125    0.000
    641       62.5000        5.3125    0.000
    642       65.0000        5.3125    0.000
    643       67.5000        5.3125    0.000
    644       70.0000        5.3125    0.000
    645       72.5000        5.3125    0.000
    646       75.0000        5.3125    0.000
    647       77.5000        5.3125    0.000
    648       80.0000        5.3125    0.000
    649       82.5000        5.3125    0.000
    650       85.0000        5.3125    0.000
    651       87.5000        5.3125    0.000
    652       90.0000        5.3125    0.000
    653       92.5000        5.3125    0.000
    654       95.0000        5.3125    0.000
    655       97.5000        5.3125    0.000
    656      100.0000        5.3125    0.000
    657        0.0000        5.0000    0.000
    658        2.5000        5.0000    0.000
    659        5.0000        5.0000    0.000
    660        7.5000        5.0000    0.000
    661       10.0000        5.0000    0.000
    662       12.5000        5.0000    0.000
    663       15.0000        5.0000    0.000
    664       17.5000        5.0000    0.000
    665       20.0000        5.0000    0.000
    666       22.5000        5.0000    0.000
    667       25.0000        5.0000    0.000
    668       27.5000        5.0000    0.000
    669       30.0000        5.0000    0.000
    670       32.5000        5.0000    0.000
    671       35.0000        5.0000    0.000
    672       37.5000        5.0000    0.000
    673       40.0000        5.0000    0.000
    674       42.5000        5.0000    0.000
    675       45.0000        5.0000    0.000
    676       47.5000        5.0000    0.000
    677       50.0000        5.0000    0.000
    678       52.5000        5.0000    0.000
    679       55.0000        5.0000    0.000
    680       57.5000        5.0000    0.000
    681       60.0000        5.0000    0.000
    682       62.5000        5.0000    0.000
    683       65.0000        5.0000    0.000
    684       67.5000        5.0000    0.000
    685       70.0000        5.0000    0.000
    686       72.5000        5.0000    0.000
    687       75.0000        5.0000    0.000
    688       77.5000        5.0000    0.000
    689       80.0000        5.0000    0.000
    690       82.5000        5.0000    0.000
    691       85.0000        5.0000    0.000
    692       87.5000        5.0000    0.000
    693       90.0000        5.0000    0.000
    694       92.5000        5.0000    0.000
    695       95.0000        5.0000    0.000
    696       97.5000        5.0000    0.000
    697      100.0000        5.0000    0.000
    698        0.0000        4.6875    0.000
    699        2.5000        4.6875    0.000
    700        5.0000        4.6875    0.000
    701        7.5000        4.6875    0.000
    702       10.0000        4.6875    0.000
    703       12.5000        4.6875    0.000
    704       15.0000        4.6875    0.000
    705       17.5000        4.6875    0.000
    706       20.0000        4.6875    0.000
    707       22.5000        4.6875    0.000
    708       25.0000        4.6875    0.000
    709       27.5000        4.6875    0.000
    710       30.0000        4.6875    0.000
    711       32.5000        4.6875    0.000
    712       35.0000        4.6875    0.000
    713       37.5000        4.6875    0.000
    714       40.0000        4.6875    0.000
    715       42.5000        4.6875    0.000
    716       45.0000        4.6875    0.000
    717       47.5000        4.6875    0.000
    718       50.0000        4.6875    0.000
    719       52.5000        4.6875    0.000
    720       55.0000        4.6875    0.000
    721       57.5000        4.6875    0.000
    722       60.0000        4.6875    0.000
    723       62.5000        4.6875    0.000
    724       65.0000        4.6875    0.000
    725       67.5000        4.6875    0.000
    726       70.0000        4.6875    0.000
    727       72.5000        4.6875    0.000
    728       75.0000        4.6875    0.000
    729       77.5000        4.6875    0.000
    730       80.0000        4.6875    0.000
    731       82.5000        4.6875    0.000
    732       85.0000        4.6875    0.000
    733       87.5000        4.6875    0.000
    734       90.0000        4.6875    0.000
    735       92.5000        4.6875    0.000
    736       95.0000        4.6875    0.000
    737       97.5000        4.6875    0.000
    738      100.0000        4.6875    0.000
    739        0.0000        4.3750    0.000
    740        2.5000        4.3750    0.000
    741        5.0000        4.3750    0.000
    742        7.5000        4.3750    0.000
    743       10.0000        4.3750    0.000
    744       12.5000        4.3750    0.000
    745       15.0000        4.3750    0.000
    746       17.5000        4.3750    0.000
    747       20.0000        4.3750    0.000
    748       22.5000        4.3750    0.000
    749       25.0000        4.3750    0.000
    750       27.5000        4.3750    0.000
    751       30.0000        4.3750    0.000
    752       32.5000        4.3750    0.000
    753       35.0000        4.3750    0.000
    754       37.5000        4.3750    0.000
    755       40.0000        4.3750    0.000
    756       42.5000        4.3750    0.000
    757       45.0000        4.3750    0.000
    758       47.5000        4.3750    0.000
    759       50.0000        4.3750    0.000
    760       52.5000        4.3750    0.000
    761       55.0000        4.3750    0.000
    762       57.5000        4.3750    0.000
    763       60.0000        4.3750    0.000
    764       62.5000        4.3750    0.000
    765       65.0000        4.3750    0.000
    766       67.5000        4.3750    0.000
    767       70.0000        4.3750    0.000
    768       72.5000        4.3750    0.000
    769       75.0000        4.3750    0.000
    770       77.5000        4.3750    0.000
    771       80.0000        4.3750    0.000
    772       82.5000        4.3750    0.000
    773       85.0000        4.3750    0.000
    774       87.5000        4.3750    0.000
    775       90.0000        4.3750    0.000
    776       92.5000        4.3750    0.000
    777       95.0000        4.3750    0.000
    778       97.5000        4.3750    0.000
    779      100.0000        4.3750    0.000
    780        0.0000        4.0625    0.000
    781        2.5000        4.0625    0.000
    782        5.0000        4.0625    0.000
    783        7.5000        4.0625    0.000
    784       10.0000        4.0625    0.000
    785       12.5000        4.0625    0.000
    786       15.0000        4.0625    0.000
    787       17.5000        4.0625    0.000
    788       20.0000        4.0625    0.000
    789       22.5000        4.0625    0.000
    790       25.0000        4.0625    0.000
    791       27.5000        4.0625    0.000
    792       30.0000        4.0625    0.000
    793       32.5000        4.0625    0.000
    794       35.0000        4.0625    0.000
    795       37.5000        4.0625    0.000
    796       40.0000        4.0625    0.000
    797       42.5000        4.0625    0.000
    798       45.0000        4.0625    0.000
    799       47.5000        4.0625    0.000
    800       50.0000        4.0625    0.000
    801       52.5000        4.0625    0.000
    802       55.0000        4.0625    0.000
    803       57.5000        4.0625    0.000
    804       60.0000        4.0625    0.000
    805       62.5000        4.0625    0.000
    806       65.0000        4.0625    0.000
    807       67.5000        4.0625    0.000
    808       70.0000        4.0625    0.000
    809       72.5000        4.0625    0.000
    810       75.0000        4.0625    0.000
    811       77.5000        4.0625    0.000
    812       80.0000        4.0625    0.000
    813       82.5000        4.0625    0.000
    814       85.0000        4.0625    0.000
    815       87.5000        4.0625    0.000
    816       90.0000        4.0625    0.000
    817       92.5000        4.0625    0.000
    818       95.0000        4.0625    0.000
    819       97.5000        4.0625    0.000
    820      100.0000        4.0625    0.000
    821        0.0000        3.7500    0.000
    822        2.5000        3.7500    0.000
    823        5.0000        3.7500    0.000
    824        7.5000        3.7500    0.000
    825       10.0000        3.7500    0.000
    826       12.5000        3.7500    0.000
    827       15.0000        3.7500    0.000
    828       17.5000        3.7500    0.000
    829       20.0000        3.7500    0.000
    830       22.5000        3.7500    0.000
    831       25.0000        3.7500    0.000
    832       27.5000        3.7500    0.000
    833       30.0000        3.7500    0.000
    834       32.5000        3.7500    0.000
    835       35.0000        3.7500    0.000
    836       37.5000        3.7500    0.000
    837       40.0000        3.7500    0.000
    838       42.5000        3.7500    0.000
    839       45.0000        3.7500    0.000
    840       47.5000        3.7500    0.000
    841       50.0000        3.7500    0.000
    842       52.5000        3.7500    0.000
    843       55.0000        3.7500    0.000
    844       57.5000        3.7500    0.000
    845       60.0000        3.7500    0.000
    846       62.5000        3.7500    0.000
    847       65.0000        3.7500    0.000
    848       67.5000        3.7500    0.000
    849       70.0000        3.7500    0.000
    850       72.5000        3.7500    0.000
    851       75.0000        3.7500    0.000
    852       77.5000        3.7500    0.000
    853       80.0000        3.7500    0.000
    854       82.5000        3.7500    0.000
    855       85.0000        3.7500    0.000
    856       87.5000        3.7500    0.000
    857       90.0000        3.7500    0.000
    858       92.5000        3.7500    0.000
    859       95.0000        3.7500    0.000
    860       97.5000        3.7500    0.000
    861      100.0000        3.7500    0.000
    862        0.0000        3.4375    0.000
    863        2.5000        3.4375    0.000
    864        5.0000        3.4375    0.000
    865        7.5000        3.4375    0.000
    866       10.0000        3.4375    0.000
    867       12.5000        3.4375    0.000
    868       15.0000        3.4375    0.000
    869       17.5000        3.4375    0.000
    870       20.0000        3.4375    0.000
    871       22.5000        3.4375    0.000
    872       25.0000        3.4375    0.000
    873       27.5000        3.4375    0.000
    874       30.0000        3.4375    0.000
    875       32.5000        3.4375    0.000
    876       35.0000        3.4375    0.000
    877       37.5000        3.4375    0.000
    878       40.0000        3.4375    0.000
    879       42.5000        3.4375    0.000
    880       45.0000        3.4375    0.000
    881       47.5000        3.4375    0.000
    882       50.0000        3.4375    0.000
    883       52.5000        3.4375    0.000
    884       55.0000        3.4375    0.000
    885       57.5000        3.4375    0.000
    886       60.0000        3.4375    0.000
    887       62.5000        3.4375    0.000
    888       65.0000        3.4375    0.000
    889       67.5000        3.4375    0.000
    890       70.0000        3.4375    0.000
    891       72.5000        3.4375    0.000
    892       75.0000        3.4375    0.000
    893       77.5000        3.4375    0.000
    894       80.0000        3.4375    0.000
    895       82.5000        3.4375    0.000
    896       85.0000        3.4375    0.000
    897       87.5000        3.4375    0.000
    898       90.0000        3.4375    0.000
    899       92.5000        3.4375    0.000
    900       95.0000        3.4375    0.000
    901       97.5000        3.4375    0.000
    902      100.0000        3.4375    0.000
    903        0.0000        3.1250    0.000
    904        2.5000        3.1250    0.000
    905        5.0000        3.1250    0.000
    906        7.5000        3.1250    0.000
    907       10.0000        3.1250    0.000
    908       12.5000        3.1250    0.000
    909       15.0000        3.1250    0.000
    910       17.5000        3.1250    0.000
    911       20.0000        3.1250    0.000
    912       22.5000        3.1250    0.000
    913       25.0000        3.1250    0.000
    914       27.5000        3.1250    0.000
    915       30.0000        3.1250    0.000
    916       32.5000        3.1250    0.000
    917       35.0000        3.1250    0.000
    918       37.5000        3.1250    0.000
    919       40.0000        3.1250    0.000
    920       42.5000        3.1250    0.000
    921       45.0000        3.1250    0.000
    922       47.5000        3.1250    0.000
    923       50.0000        3.1250    0.000
    924       52.5000        3.1250    0.000
    925       55.0000        3.1250    0.000
    926       57.5000        3.1250    0.000
    927       60.0000        3.1250    0.000
    928       62.5000        3.1250    0.000
    929       65.0000        3.1250    0.000
    930       67.5000        3.1250    0.000
    931       70.0000        3.1250    0.000
    932       72.5000        3.1250    0.000
    933       75.0000        3.1250    0.000
    934       77.5000        3.1250    0.000
    935       80.0000        3.1250    0.000
    936       82.5000        3.1250    0.000
    937       85.0000        3.1250    0.000
    938       87.5000        3.1250    0.000
    939       90.0000        3.1250    0.000
    940       92.5000        3.1250    0.000
    941       95.0000        3.1250    0.000
    942       97.5000        3.1250    0.000
    943      100.0000        3.1250    0.000
    944        0.0000        2.8125    0.000
    945        2.5000        2.8125    0.000
    946        5.0000        2.8125    0.000
    947        7.5000        2.8125    0.000
    948       10.0000        2.8125    0.000
    949       12.5000        2.8125    0.000
    950       15.0000        2.8125    0.000
    951       17.5000        2.8125    0.000
    952       20.0000        2.8125    0.000
    953       22.5000        2.8125    0.000
    954       25.0000        2.8125    0.000
    955       27.5000        2.8125    0.000
    956       30.0000        2.8125    0.000
    957       32.5000        2.8125    0.000
    958       35.0000        2.8125    0.000
    959       37.5000        2.8125    0.000
    960       40.0000        2.8125    0.000
    961       42.5000        2.8125    0.000
    962       45.0000        2.8125    0.000
    963       47.5000        2.8125    0.000
    964       50.0000        2.8125    0.000
    965       52.5000        2.8125    0.000
    966       55.0000        2.8125    0.000
    967       57.5000        2.8125    0.000
    968       60.0000        2.8125    0.000
    969       62.5000        2.8125    0.000
    970       65.0000        2.8125    0.000
    971       67.5000        2.8125    0.000
    972       70.0000        2.8125    0.000
    973       72.5000        2.8125    0.000
    974       75.0000        2.8125    0.000
    975       77.5000        2.8125    0.000
    976       80.0000        2.8125    0.000
    977       82.5000        2.8125    0.000
    978       85.0000        2.8125    0.000
    979       87.5000        2.8125    0.000
    980       90.0000        2.8125    0.000
    981       92.5000        2.8125    0.000
    982       95.0000        2.8125    0.000
    983       97.5000        2.8125    0.000
    984      100.0000        2.8125    0.000
    985        0.0000        2.5000    0.000
    986        2.5000        2.5000    0.000
    987        5.0000        2.5000    0.000
    988        7.5000        2.5000    0.000
    989       10.0000        2.5000    0.000
    990       12.5000        2.5000    0.000
    991       15.0000        2.5000    0.000
    992       17.5000        2.5000    0.000
    993       20.0000        2.5000    0.000
    994       22.5000        2.5000    0.000
    995       25.0000        2.5000    0.000
    996       27.5000        2.5000    0.000
    997       30.0000        2.5000    0.000
    998       32.5000        2.5000    0.000
    999       35.0000        2.5000    0.000
   1000       37.5000        2.5000    0.000
   1001       40.0000        2.5000    0.000
   1002       42.5000        2.5000    0.000
   1003       45.0000        2.5000    0.000
   1004       47.5000        2.5000    0.000
   1005       50.0000        2.5000    0.000
   1006       52.5000        2.5000    0.000
   1007       55.0000        2.5000    0.000
   1008       57.5000        2.5000    0.000
   1009       60.0000        2.5000    0.000
   1010       62.5000        2.5000    0.000
   1011       65.0000        2.5000    0.000
   1012       67.5000        2.5000    0.000
   1013       70.0000        2.5000    0.000
   1014       72.5000        2.5000    0.000
   1015       75.0000        2.5000    0.000
   1016       77.5000        2.5000    0.000
   1017       80.0000        2.5000    0.000
   1018       82.5000        2.5000    0.000
   1019       85.0000        2.5000    0.000
   1020       87.5000        2.5000    0.000
   1021       90.0000        2.5000    0.000
   1022       92.5000        2.5000    0.000
   1023       95.0000        2.5000    0.000
   1024       97.5000        2.5000    0.000
   1025      100.0000        2.5000    0.000
   1026        0.0000        2.1875    0.000
   1027        2.5000        2.1875    0.000
   1028        5.0000        2.1875    0.000
   1029        7.5000        2.1875    0.000
   1030       10.0000        2.1875    0.000
   1031       12.5000        2.1875    0.000
   1032       15.0000        2.1875    0.000
   1033       17.5000        2.1875    0.000
   1034       20.0000        2.1875    0.000
   1035       22.5000        2.1875    0.000
   1036       25.0000        2.1875    0.000
   1037       27.5000        2.1875    0.000
   1038       30.0000        2.1875    0.000
   1039       32.5000        2.1875    0.000
   1040       35.0000        2.1875    0.000
   1041       37.5000        2.1875    0.000
   1042       40.0000        2.1875    0.000
   1043       42.5000        2.1875    0.000
   1044       45.0000        2.1875    0.000
   1045       47.5000        2.1875    0.000
   1046       50.0000        2.1875    0.000
   1047       52.5000        2.1875    0.000
   1048       55.0000        2.1875    0.000
   1049       57.5000        2.1875    0.000
   1050       60.0000        2.1875    0.000
   1051       62.5000        2.1875    0.000
   1052       65.0000        2.1875    0.000
   1053       67.5000        2.1875    0.000
   1054       70.0000        2.1875    0.000
   1055       72.5000        2.1875    0.000
   1056       75.0000        2.1875    0.000
   1057       77.5000        2.1875    0.000
   1058       80.0000        2.1875    0.000
   1059       82.5000        2.1875    0.000
   1060       85.0000        2.1875    0.000
   1061       87.5000        2.1875    0.000
   1062       90.0000        2.1875    0.000
   1063       92.5000        2.1875    0.000
   1064       95.0000        2.1875    0.000
   1065       97.5000        2.1875    0.000
   1066      100.0000        2.1875    0.000
   1067        0.0000        1.8750    0.000
   1068        2.5000        1.8750    0.000
   1069        5.0000        1.8750    0.000
   1070        7.5000        1.8750    0.000
   1071       10.0000        1.8750    0.000
   1072       12.5000        1.8750    0.000
   1073       15.0000        1.8750    0.000
   1074       17.5000        1.8750    0.000
   1075       20.0000        1.8750    0.000
   1076       22.5000        1.8750    0.000
   1077       25.0000        1.8750    0.000
   1078       27.5000        1.8750    0.000
   1079       30.0000        1.8750    0.000
   1080       32.5000        1.8750    0.000
   1081       35.0000        1.8750    0.000
   1082       37.5000        1.8750    0.000
   1083       40.0000        1.8750    0.000
   1084       42.5000        1.8750    0.000
   1085       45.0000        1.8750    0.000
   1086       47.5000        1.8750    0.000
   1087       50.0000        1.8750    0.000
   1088       52.5000        1.8750    0.000
   1089       55.0000        1.8750    0.000
   1090       57.5000        1.8750    0.000
   1091       60.0000        1.8750    0.000
   1092       62.5000        1.8750    0.000
   1093       65.0000        1.8750    0.000
   1094       67.5000        1.8750    0.000
   1095       70.0000        1.8750    0.000
   1096       72.5000        1.8750    0.000
   1097       75.0000        1.8750    0.000
   1098       77.5000        1.8750    0.000
   1099       80.0000        1.8750    0.000
   1100       82.5000        1.8750    0.000
   1101       85.0000        1.8750    0.000
   1102       87.5000        1.8750    0.000
   1103       90.0000        1.8750    0.000
   1104       92.5000        1.8750    0.000
   1105       95.0000        1.8750    0.000
   1106       97.5000        1.8750    0.000
   1107      100.0000        1.8750    0.000
   1108        0.0000        1.5625    0.000
   1109        2.5000        1.5625    0.000
   1110        5.0000        1.5625    0.000
   1111        7.5000        1.5625    0.000
   1112       10.0000        1.5625    0.000
   1113       12.5000        1.5625    0.000
   1114       15.0000        1.5625    0.000
   1115       17.5000        1.5625    0.000
   1116       20.0000        1.5625    0.000
   1117       22.5000        1.5625    0.000
   1118       25.0000        1.5625    0.000
   1119       27.5000        1.5625    0.000
   1120       30.0000        1.5625    0.000
   1121       32.5000        1.5625    0.000
   1122       35.0000        1.5625    0.000
   1123       37.5000        1.5625    0.000
   1124       40.0000        1.5625    0.000
   1125       42.5000        1.5625    0.000
   1126       45.0000        1.5625    0.000
   1127       47.5000        1.5625    0.000
   1128       50.0000        1.5625    0.000
   1129       52.5000        1.5625    0.000
   1130       55.0000        1.5625    0.000
   1131       57.5000        1.5625    0.000
   1132       60.0000        1.5625    0.000
   1133       62.5000        1.5625    0.000
   1134       65.0000        1.5625    0.000
   1135       67.5000        1.5625    0.000
   1136       70.0000        1.5625    0.000
   1137       72.5000        1.5625    0.000
   1138       75.0000        1.5625    0.000
   1139       77.5000        1.5625    0.000
   1140       80.0000        1.5625    0.000
   1141       82.5000        1.5625    0.000
   1142       85.0000        1.5625    0.000
   1143       87.5000        1.5625    0.000
   1144       90.0000        1.5625    0.000
   1145       92.5000        1.5625    0.000
   1146       95.0000        1.5625    0.000
   1147       97.5000        1.5625    0.000
   1148      100.0000        1.5625    0.000
   1149        0.0000        1.2500    0.000
   1150        2.5000        1.2500    0.000
   1151        5.0000        1.2500    0.000
   1152        7.5000        1.2500    0.000
   1153       10.0000        1.2500    0.000
   1154       12.5000        1.2500    0.000
   1155       15.0000        1.2500    0.000
   1156       17.5000        1.2500    0.000
   1157       20.0000        1.2500    0.000
   1158       22.5000        1.2500    0.000
   1159       25.0000        1.2500    0.000
   1160       27.5000        1.2500    0.000
   1161       30.0000        1.2500    0.000
   1162       32.5000        1.2500    0.000
   1163       35.0000        1.2500    0.000
   1164       37.5000        1.2500    0.000
   1165       40.0000        1.2500    0.000
   1166       42.5000        1.2500    0.000
   1167       45.0000        1.2500    0.000
   1168       47.5000        1.2500    0.000
   1169       50.0000        1.2500    0.000
   1170       52.5000        1.2500    0.000
   1171       55.0000        1.2500    0.000
   1172       57.5000        1.2500    0.000
   1173       60.0000        1.2500    0.000
   1174       62.5000        1.2500    0.000
   1175       65.0000        1.2500    0.000
   1176       67.5000        1.2500    0.000
   1177       70.0000        1.2500    0.000
   1178       72.5000        1.2500    0.000
   1179       75.0000        1.2500    0.000
   1180       77.5000        1.2500    0.000
   1181       80.0000        1.2500    0.000
   1182       82.5000        1.2500    0.000
   1183       85.0000        1.2500    0.000
   1184       87.5000        1.2500    0.000
   1185       90.0000        1.2500    0.000
   1186       92.5000        1.2500    0.000
   1187       95.0000        1.2500    0.000
   1188       97.5000        1.2500    0.000
   1189      100.0000        1.2500    0.000
   1190        0.0000        0.9375    0.000
   1191        2.5000        0.9375    0.000
   1192        5.0000        0.9375    0.000
   1193        7.5000        0.9375    0.000
   1194       10.0000        0.9375    0.000
   1195       12.5000        0.9375    0.000
   1196       15.0000        0.9375    0.000
   1197       17.5000        0.9375    0.000
   1198       20.0000        0.9375    0.000
   1199       22.5000        0.9375    0.000
   1200       25.0000        0.9375    0.000
   1201       27.5000        0.9375    0.000
   1202       30.0000        0.9375    0.000
   1203       32.5000        0.9375    0.000
   1204       35.0000        0.9375    0.000
   1205       37.5000        0.9375    0.000
   1206       40.0000        0.9375    0.000
   1207       42.5000        0.9375    0.000
   1208       45.0000        0.9375    0.000
   1209       47.5000        0.9375    0.000
   1210       50.0000        0.9375    0.000
   1211       52.5000        0.9375    0.000
   1212       55.0000        0.9375    0.000
   1213       57.5000        0.9375    0.000
   1214       60.0000        0.9375    0.000
   1215       62.5000        0.9375    0.000
   1216       65.0000        0.9375    0.000
   1217       67.5000        0.9375    0.000
   1218       70.0000        0.9375    0.000
   1219       72.5000        0.9375    0.000
   1220       75.0000        0.9375    0.000
   1221       77.5000        0.9375    0.000
   1222       80.0000        0.9375    0.000
   1223       82.5000        0.9375    0.000
   1224       85.0000        0.9375    0.000
   1225       87.5000        0.9375    0.000
   1226       90.0000        0.9375    0.000
   1227       92.5000        0.9375    0.000
   1228       95.0000        0.9375    0.000
   1229       97.5000        0.9375    0.000
   1230      100.0000        0.9375    0.000
   1231        0.0000        0.6250    0.000
   1232        2.5000        0.6250    0.000
   1233        5.0000        0.6250    0.000
   1234        7.5000        0.6250    0.000
   1235       10.0000        0.6250    0.000
   1236       12.5000        0.6250    0.000
   1237       15.0000        0.6250    0.000
   1238       17.5000        0.6250    0.000
   1239       20.0000        0.6250    0.000
   1240       22.5000        0.6250    0.000
   1241       25.0000        0.6250    0.000
   1242       27.5000        0.6250    0.000
   1243       30.0000        0.6250    0.000
   1244       32.5000        0.6250    0.000
   1245       35.0000        0.6250    0.000
   1246       37.5000        0.6250    0.000
   1247       40.0000        0.6250    0.000
   1248       42.5000        0.6250    0.000
   1249       45.0000        0.6250    0.000
   1250       47.5000        0.6250    0.000
   1251       50.0000        0.6250    0.000
   1252       52.5000        0.6250    0.000
   1253       55.0000        0.6250    0.000
   1254       57.5000        0.6250    0.000
   1255       60.0000        0.6250    0.000
   1256       62.5000        0.6250    0.000
   1257       65.0000        0.6250    0.000
   1258       67.5000        0.6250    0.000
   1259       70.0000        0.6250    0.000
   1260       72.5000        0.6250    0.000
   1261       75.0000        0.6250    0.000
   1262       77.5000        0.6250    0.000
   1263       80.0000        0.6250    0.000
   1264       82.5000        0.6250    0.000
   1265       85.0000        0.6250    0.000
   1266       87.5000        0.6250    0.000
   1267       90.0000        0.6250    0.000
   1268       92.5000        0.6250    0.000
   1269       95.0000        0.6250    0.000
   1270       97.5000        0.6250    0.000
   1271      100.0000        0.6250    0.000
   1272        0.0000        0.3125    0.000
   1273        2.5000        0.3125    0.000
   1274        5.0000        0.3125    0.000
   1275        7.5000        0.3125    0.000
   1276       10.0000        0.3125    0.000
   1277       12.5000        0.3125    0.000
   1278       15.0000        0.3125    0.000
   1279       17.5000        0.3125    0.000
   1280       20.0000        0.3125    0.000
   1281       22.5000        0.3125    0.000
   1282       25.0000        0.3125    0.000
   1283       27.5000        0.3125    0.000
   1284       30.0000        0.3125    0.000
   1285       32.5000        0.3125    0.000
   1286       35.0000        0.3125    0.000
   1287       37.5000        0.3125    0.000
   1288       40.0000        0.3125    0.000
   1289       42.5000        0.3125    0.000
   1290       45.0000        0.3125    0.000
   1291       47.5000        0.3125    0.000
   1292       50.0000        0.3125    0.000
   1293       52.5000        0.3125    0.000
   1294       55.0000        0.3125    0.000
   1295       57.5000        0.3125    0.000
   1296       60.0000        0.3125    0.000
   1297       62.5000        0.3125    0.000
   1298       65.0000        0.3125    0.000
   1299       67.5000        0.3125    0.000
   1300       70.0000        0.3125    0.000
   1301       72.5000        0.3125    0.000
   1302       75.0000        0.3125    0.000
   1303       77.5000        0.3125    0.000
   1304       80.0000        0.3125    0.000
   1305       82.5000        0.3125    0.000
   1306       85.0000        0.3125    0.000
   1307       87.5000        0.3125    0.000
   1308       90.0000        0.3125    0.000
   1309       92.5000        0.3125    0.000
   1310       95.0000        0.3125    0.000
   1311       97.5000        0.3125    0.000
   1312      100.0000        0.3125    0.000
   1313        0.0000        0.0000    0.000
   1314        2.5000        0.0000    0.000
   1315        5.0000        0.0000    0.000
   1316        7.5000        0.0000    0.000
   1317       10.0000        0.0000    0.000
   1318       12.5000        0.0000    0.000
   1319       15.0000        0.0000    0.000
   1320       17.5000        0.0000    0.000
   1321       20.0000        0.0000    0.000
   1322       22.5000        0.0000    0.000
   1323       25.0000        0.0000    0.000
   1324       27.5000        0.0000    0.000
   1325       30.0000        0.0000    0.000
   1326       32.5000        0.0000    0.000
   1327       35.0000        0.0000    0.000
   1328       37.5000        0.0000    0.000
   1329       40.0000        0.0000    0.000
   1330       42.5000        0.0000    0.000
   1331       45.0000        0.0000    0.000
   1332       47.5000        0.0000    0.000
   1333       50.0000        0.0000    0.000
   1334       52.5000        0.0000    0.000
   1335       55.0000        0.0000    0.000
   1336       57.5000        0.0000    0.000
   1337       60.0000        0.0000    0.000
   1338       62.5000        0.0000    0.000
   1339       65.0000        0.0000    0.000
   1340       67.5000        0.0000    0.000
   1341       70.0000        0.0000    0.000
   1342       72.5000        0.0000    0.000
   1343       75.0000        0.0000    0.000
   1344       77.5000        0.0000    0.000
   1345       80.0000        0.0000    0.000
   1346       82.5000        0.0000    0.000
   1347       85.0000        0.0000    0.000
   1348       87.5000        0.0000    0.000
   1349       90.0000        0.0000    0.000
   1350       92.5000        0.0000    0.000
   1351       95.0000        0.0000    0.000
   1352       97.5000        0.0000    0.000
   1353      100.0000        0.0000    0.000
      1      1     42     43    1
      2      1     43      2    1
      3      2     43     44    1
      4      2     44      3    1
      5      3     44     45    1
      6      3     45      4    1
      7      4     45     46    1
      8      4     46      5    1
      9      5     46     47    1
     10      5     47      6    1
     11      6     47     48    1
     12      6     48      7    1
     13      7     48     49    1
     14      7     49      8    1
     15      8     49     50    1
     16      8     50      9    1
     17      9     50     51    1
     18      9     51     10    1
     19     10     51     52    1
     20     10     52     11    1
     21     11     52     53    1
     22     11     53     12    1
     23     12     53     54    1
     24     12     54     13    1
     25     13     54     55    1
     26     13     55     14    1
     27     14     55     56    1
     28     14     56     15    1
     29     15     56     57    1
     30     15     57     16    1
     31     16     57     58    1
     32     16     58     17    1
     33     17     58     59    1
     34     17     59     18    1
     35     18     59     60    1
     36     18     60     19    1
     37     19     60     61    1
     38     19     61     20    1
     39     20     61     62    1
     40     20     62     21    1
     41     21     62     63    1
     42     21     63     22    1
     43     22     63     64    1
     44     22     64     23    1
     45     23     64     65    1
     46     23     65     24    1
     47     24     65     66    1
     48     24     66     25    1
     49     25     66     67    1
     50     25     67     26    1
     51     26     67     68    1
     52     26     68     27    1
     53     27     68     69    1
     54     27     69     28    1
     55     28     69     70    1
     56     28     70     29    1
     57     29     70     71    1
     58     29     71     30    1
     59     30     71     72    1
     60     30     72     31    1
     61     31     72     73    1
     62     31     73     32    1
     63     32     73     74    1
     64     32     74     33    1
     65     33     74     75    1
     66     33     75     34    1
     67     34     75     76    1
     68     34     76     35    1
     69     35     76     77    1
     70     35     77     36    1
     71     36     77     78    1
     72     36     78     37    1
     73     37     78     79    1
     74     37     79     38    1
     75     38     79     80    1
     76     38     80     39    1
     77     39     80     81    1
     78     39     81     40    1
     79     40     81     82    1
     80     40     82     41    1
     81     42     83     84    1
     82     42     84     43    1
     83     43     84     85    1
     84     43     85     44    1
     85     44     85     86    1
     86     44     86     45    1
     87     45     86     87    1
     88     45     87     46    1
     89     46     87     88    1
     90     46     88     47    1
     91     47     88     89    1
     92     47     89     48    1
     93     48     89     90    1
     94     48     90     49    1
     95     49     90     91    1
     96     49     91     50    1
     97     50     91     92    1
     98     50     92     51    1
     99     51     92     93    1
    100     51     93     52    1
    101     52     93     94    1
    102     52     94     53    1
    103     53     94     95    1
    104     53     95     54    1
    105     54     95     96    1
    106     54     96     55    1
    107     55     96     97    1
    108     55     97     56    1
    109     56     97     98    1
    110     56     98     57    1
    111     57     98     99    1
    112     57     99     58    1
    113     58     99    100    1
    114     58    100     59    1
    115     59    100    101    1
    116     59    101     60    1
    117     60    101    102    1
    118     60    102     61    1
    119     61    102    103    1
    120     61    103     62    1
    121     62    103    104    1
    122     62    104     63    1
    123     63    104    105    1
    124     63    105     64    1
    125     64    105    106    1
    126     64    106     65    1
    127     65    106    107    1
    128     65    107     66    1
    129     66    107    108    1
    130     66    108     67    1
    131     67    108    109    1
    132     67    109     68    1
    133     68    109    110    1
    134     68    110     69    1
    135     69    110    111    1
    136     69    111     70    1
    137     70    111    112    1
    138     70    112     71    1
    139     71    112    113    1
    140     71    113     72    1
    141     72    113    114    1
    142     72    114     73    1
    143     73    114    115    1
    144     73    115     74    1
    145     74    115    116    1
    146     74    116     75    1
    147     75    116    117    1
    148     75    117     76    1
    149     76    117    118    1
    150     76    118     77    1
    151     77    118    119    1
    152     77    119     78    1
    153     78    119    120    1
    154     78    120     79    1
    155     79    120    121    1
    156     79    121     80    1
    157     80    121    122    1
    158     80    122     81    1
    159     81    122    123    1
    160     81    123     82    1
    161     83    124    125    1
    162     83    125     84    1
    163     84    125    126    1
    164     84    126     85    1
    165     85    126    127    1
    166     85    127     86    1
    167     86    127    128    1
    168     86    128     87    1
    169     87    128    129    1
    170     87    129     88    1
    171     88    129    130    1
    172     88    130     89    1
    173     89    130    131    1
    174     89    131     90    1
    175     90    131    132    1
    176     90    132     91    1
    177     91    132    133    1
    178     91    133     92    1
    179     92    133    134    1
    180     92    134     93    1
    181     93    134    135    1
    182     93    135     94    1
    183     94    135    136    1
    184     94    136     95    1
    185     95    136    137    1
    186     95    137     96    1
    187     96    137    138    1
    188     96    138     97    1
    189     97    138    139    1
    190     97    139     98    1
    191     98    139    140    1
    192     98    140     99    1
    193     99    140    141    1
    194     99    141    100    1
    195    100    141    142    1
    196    100    142    101    1
    197    101    142    143    1
    198    101    143    102    1
    199    102    143    144    1
    200    102    144    103    1
    201    103    144    145    1
    202    103    145    104    1
    203    104    145    146    1
    204    104    146    105    1
    205    105    146    147    1
    206    105    147    106    1
    207    106    147    148    1
    208    106    148    107    1
    209    107    148    149    1
    210    107    149    108    1
    211    108    149    150    1
    212    108    150    109    1
    213    109    150    151    1
    214    109    151    110    1
    215    110    151    152    1
    216    110    152    111    1
    217    111    152    153    1
    218    111    153    112    1
    219    112    153    154    1
    220    112    154    113    1
    221    113    154    155    1
    222    113    155    114    1
    223    114    155    156    1
    224    114    156    115    1
    225    115    156    157    1
    226    115    157    116    1
    227    116    157    158    1
    228    116    158    117    1
    229    117    158    159    1
    230    117    159    118    1
    231    118    159    160    1
    232    118    160    119    1
    233    119    160    161    1
    234    119    161    120    1
    235    120    161    162    1
    236    120    162    121    1
    237    121    162    163    1
    238    121    163    122    1
    239    122    163    164    1
    240    122    164    123    1
    241    124    165    166    1
    242    124    166    125    1
    243    125    166    167    1
    244    125    167    126    1
    245    126    167    168    1
    246    126    168    127    1
    247    127    168    169    1
    248    127    169    128    1
    249    128    169    170    1
    250    128    170    129    1
    251    129    170    171    1
    252    129    171    130    1
    253    130    171    172    1
    254    130    172    131    1
    255    131    172    173    1
    256    131    173    132    1
    257    132    173    174    1
    258    132    174    133    1
    259    133    174    175    1
    260    133    175    134    1
    261    134    175    176    1
    262    134    176    135    1
    263    135    176    177    1
    264    135    177    136    1
    265    136    177    178    1
    266    136    178    137    1
    267    137    178    179    1
    268    137    179    138    1
    269    138    179    180    1
    270    138    180    139    1
    271    139    180    181    1
    272    139    181    140    1
    273    140    181    182    1
    274    140    182    141    1
    275    141    182    183    1
    276    141    183    142    1
    277    142    183    184    1
    278    142    184    143    1
    279    143    184    185    1
    280    143    185    144    1
    281    144    185    186    1
    282    144    186    145    1
    283    145    186    187    1
    284    145    187    146    1
    285    146    187    188    1
    286    146    188    147    1
    287    147    188    189    1
    288    147    189    148    1
    289    148    189    190    1
    290    148    190    149    1
    291    149    190    191    1
    292    149    191    150    1
    293    150    191    192    1
    294    150    192    151    1
    295    151    192    193    1
    296    151    193    152    1
    297    152    193    194    1
    298    152    194    153    1
    299    153    194    195    1
    300    153    195    154    1
    301    154    195    196    1
    302    154    196    155    1
    303    155    196    197    1
    304    155    197    156    1
    305    156    197    198    1
    306    156    198    157    1
    307    157    198    199    1
    308    157    199    158    1
    309    158    199    200    1
    310    158    200    159    1
    311    159    200    201    1
    312    159    201    160    1
    313    160    201    202    1
    314    160    202    161    1
    315    161    202    203    1
    316    161    203    162    1
    317    162    203    204    1
    318    162    204    163    1
    319    163    204    205    1
    320    163    205    164    1
    321    165    206    207    1
    322    165    207    166    1
    323    166    207    208    1
    324    166    208    167    1
    325    167    208    209    1
    326    167    209    168    1
    327    168    209    210    1
    328    168    210    169    1
    329    169    210    211    1
    330    169    211    170    1
    331    170    211    212    1
    332    170    212    171    1
    333    171    212    213    1
    334    171    213    172    1
    335    172    213    214    1
    336    172    214    173    1
    337    173    214    215    1
    338    173    215    174    1
    339    174    215    216    1
    340    174    216    175    1
    341    175    216    217    1
    342    175    217    176    1
    343    176    217    218    1
    344    176    218    177    1
    345    177    218    219    1
    346    177    219    178    1
    347    178    219    220    1
    348    178    220    179    1
    349    179    220    221    1
    350    179    221    180    1
    351    180    221    222    1
    352    180    222    181    1
    353    181    222    223    1
    354    181    223    182    1
    355    182    223    224    1
    356    182    224    183    1
    357    183    224    225    1
    358    183    225    184    1
    359    184    225    226    1
    360    184    226    185    1
    361    185    226    227    1
    362    185    227    186    1
    363    186    227    228    1
    364    186    228    187    1
    365    187    228    229    1
    366    187    229    188    1
    367    188    229    230    1
    368    188    230    189    1
    369    189    230    231    1
    370    189    231    190    1
    371    190    231    232    1
    372    190    232    191    1
    373    191    232    233    1
    374    191    233    192    1
    375    192    233    234    1
    376    192    234    193    1
    377    193    234    235    1
    378    193    235    194    1
    379    194    235    236    1
    380    194    236    195    1
    381    195    236    237    1
    382    195    237    196    1
    383    196    237    238    1
    384    196    238    197    1
    385    197    238    239    1
    386    197    239    198    1
    387    198    239    240    1
    388    198    240    199    1
    389    199    240    241    1
    390    199    241    200    1
    391    200    241    242    1
    392    200    242    201    1
    393    201    242    243    1
    394    201    243    202    1
    395    202    243    244    1
    396    202    244    203    1
    397    203    244    245    1
    398    203    245    204    1
    399    204    245    246    1
    400    204    246    205    1
    401    206    247    248    1
    402    206    248    207    1
    403    207    248    249    1
    404    207    249    208    1
    405    208    249    250    1
    406    208    250    209    1
    407    209    250    251    1
    408    209    251    210    1
    409    210    251    252    1
    410    210    252    211    1
    411    211    252    253    1
    412    211    253    212    1
    413    212    253    254    1
    414    212    254    213    1
    415    213    254    255    1
    416    213    255    214    1
    417    214    255    256    1
    418    214    256    215    1
    419    215    256    257    1
    420    215    257    216    1
    421    216    257    258    1
    422    216    258    217    1
    423    217    258    259    1
    424    217    259    218    1
    425    218    259    260    1
    426    218    260    219    1
    427    219    260    261    1
    428    219    261    220    1
    429    220    261    262    1
    430    220    262    221    1
    431    221    262    263    1
    432    221    263    222    1
    433    222    263    264    1
    434    222    264    223    1
    435    223    264    265    1
    436    223    265    224    1
    437    224    265    266    1
    438    224    266    225    1
    439    225    266    267    1
    440    225    267    226    1
    441    226    267    268    1
    442    226    268    227    1
    443    227    268    269    1
    444    227    269    228    1
    445    228    269    270    1
    446    228    270    229    1
    447    229    270    271    1
    448    229    271    230    1
    449    230    271    272    1
    450    230    272    231    1
    451    231    272    273    1
    452    231    273    232    1
    453    232    273    274    1
    454    232    274    233    1
    455    233    274    275    1
    456    233    275    234    1
    457    234    275    276    1
    458    234    276    235    1
    459    235    276    277    1
    460    235    277    236    1
    461    236    277    278    1
    462    236    278    237    1
    463    237    278    279    1
    464    237    279    238    1
    465    238    279    280    1
    466    238    280    239    1
    467    239    280    281    1
    468    239    281    240    1
    469    240    281    282    1
    470    240    282    241    1
    471    241    282    283    1
    472    241    283    242    1
    473    242    283    284    1
    474    242    284    243    1
    475    243    284    285    1
    476    243    285    244    1
    477    244    285    286    1
    478    244    286    245    1
    479    245    286    287    1
    480    245    287    246    1
    481    247    288    289    1
    482    247    289    248    1
    483    248    289    290    1
    484    248    290    249    1
    485    249    290    291    1
    486    249    291    250    1
    487    250    291    292    1
    488    250    292    251    1
    489    251    292    293    1
    490    251    293    252    1
    491    252    293    294    1
    492    252    294    253    1
    493    253    294    295    1
    494    253    295    254    1
    495    254    295    296    1
    496    254    296    255    1
    497    255    296    297    1
    498    255    297    256    1
    499    256    297    298    1
    500    256    298    257    1
    501    257    298    299    1
    502    257    299    258    1
    503    258    299    300    1
    504    258    300    259    1
    505    259    300    301    1
    506    259    301    260    1
    507    260    301    302    1
    508    260    302    261    1
    509    261    302    303    1
    510    261    303    262    1
    511    262    303    304    1
    512    262    304    263    1
    513    263    304    305    1
    514    263    305    264    1
    515    264    305    306    1
    516    264    306    265    1
    517    265    306    307    1
    518    265    307    266    1
    519    266    307    308    1
    520    266    308    267    1
    521    267    308    309    1
    522    267    309    268    1
    523    268    309    310    1
    524    268    310    269    1
    525    269    310    311    1
    526    269    311    270    1
    527    270    311    312    1
    528    270    312    271    1
    529    271    312    313    1
    530    271    313    272    1
    531    272    313    314    1
    532    272    314    273    1
    533    273    314    315    1
    534    273    315    274    1
    535    274    315    316    1
    536    274    316    275    1
    537    275    316    317    1
    538    275    317    276    1
    539    276    317    318    1
    540    276    318    277    1
    541    277    318    319    1
    542    277    319    278    1
    543    278    319    320    1
    544    278    320    279    1
    545    279    320    321    1
    546    279    321    280    1
    547    280    321    322    1
    548    280    322    281    1
    549    281    322    323    1
    550    281    323    282    1
    551    282    323    324    1
    552    282    324    283    1
    553    283    324    325    1
    554    283    325    284    1
    555    284    325    326    1
    556    284    326    285    1
    557    285    326    327    1
    558    285    327    286    1
    559    286    327    328    1
    560    286    328    287    1
    561    288    329    330    1
    562    288    330    289    1
    563    289    330    331    1
    564    289    331    290    1
    565    290    331    332    1
    566    290    332    291    1
    567    291    332    333    1
    568    291    333    292    1
    569    292    333    334    1
    570    292    334    293    1
    571    293    334    335    1
    572    293    335    294    1
    573    294    335    336    1
    574    294    336    295    1
    575    295    336    337    1
    576    295    337    296    1
    577    296    337    338    1
    578    296    338    297    1
    579    297    338    339    1
    580    297    339    298    1
    581    298    339    340    1
    582    298    340    299    1
    583    299    340    341    1
    584    299    341    300    1
    585    300    341    342    1
    586    300    342    301    1
    587    301    342    343    1
    588    301    343    302    1
    589    302    343    344    1
    590    302    344    303    1
    591    303    344    345    1
    592    303    345    304    1
    593    304    345    346    1
    594    304    346    305    1
    595    305    346    347    1
    596    305    347    306    1
    597    306    347    348    1
    598    306    348    307    1
    599    307    348    349    1
    600    307    349    308    1
    601    308    349    350    1
    602    308    350    309    1
    603    309    350    351    1
    604    309    351    310    1
    605    310    351    352    1
    606    310    352    311    1
    607    311    352    353    1
    608    311    353    312    1
    609    312    353    354    1
    610    312    354    313    1
    611    313    354    355    1
    612    313    355    314    1
    613    314    355    356    1
    614    314    356    315    1
    615    315    356    357    1
    616    315    357    316    1
    617    316    357    358    1
    618    316    358    317    1
    619    317    358    359    1
    620    317    359    318    1
    621    318    359    360    1
    622    318    360    319    1
    623    319    360    361    1
    624    319    361    320    1
    625    320    361    362    1
    626    320    362    321    1
    627    321    362    363    1
    628    321    363    322    1
    629    322    363    364    1
    630    322    364    323    1
    631    323    364    365    1
    632    323    365    324    1
    633    324    365    366    1
    634    324    366    325    1
    635    325    366    367    1
    636    325    367    326    1
    637    326    367    368    1
    638    326    368    327    1
    639    327    368    369    1
    640    327    369    328    1
    641    329    370    371    1
    642    329    371    330    1
    643    330    371    372    1
    644    330    372    331    1
    645    331    372    373    1
    646    331    373    332    1
    647    332    373    374    1
    648    332    374    333    1
    649    333    374    375    1
    650    333    375    334    1
    651    334    375    376    1
    652    334    376    335    1
    653    335    376    377    1
    654    335    377    336    1
    655    336    377    378    1
    656    336    378    337    1
    657    337    378    379    1
    658    337    379    338    1
    659    338    379    380    1
    660    338    380    339    1
    661    339    380    381    1
    662    339    381    340    1
    663    340    381    382    1
    664    340    382    341    1
    665    341    382    383    1
    666    341    383    342    1
    667    342    383    384    1
    668    342    384    343    1
    669    343    384    385    1
    670    343    385    344    1
    671    344    385    386    1
    672    344    386    345    1
    673    345    386    387    1
    674    345    387    346    1
    675    346    387    388    1
    676    346    388    347    1
    677    347    388    389    1
    678    347    389    348    1
    679    348    389    390    1
    680    348    390    349    1
    681    349    390    391    1
    682    349    391    350    1
    683    350    391    392    1
    684    350    392    351    1
    685    351    392    393    1
    686    351    393    352    1
    687    352    393    394    1
    688    352    394    353    1
    689    353    394    395    1
    690    353    395    354    1
    691    354    395    396    1
    692    354    396    355    1
    693    355    396    397    1
    694    355    397    356    1
    695    356    397    398    1
    696    356    398    357    1
    697    357    398    399    1
    698    357    399    358    1
    699    358    399    400    1
    700    358    400    359    1
    701    359    400    401    1
    702    359    401    360    1
    703    360    401    402    1
    704    360    402    361    1
    705    361    402    403    1
    706    361    403    362    1
    707    362    403    404    1
    708    362    404    363    1
    709    363    404    405    1
    710    363    405    364    1
    711    364    405    406    1
    712    364    406    365    1
    713    365    406    407    1
    714    365    407    366    1
    715    366    407    408    1
    716    366    408    367    1
    717    367    408    409    1
    718    367    409    368    1
    719    368    409    410    1
    720    368    410    369    1
    721    370    411    412    1
    722    370    412    371    1
    723    371    412    413    1
    724    371    413    372    1
    725    372    413    414    1
    726    372    414    373    1
    727    373    414    415    1
    728    373    415    374    1
    729    374    415    416    1
    730    374    416    375    1
    731    375    416    417    1
    732    375    417    376    1
    733    376    417    418    1
    734    376    418    377    1
    735    377    418    419    1
    736    377    419    378    1
    737    378    419    420    1
    738    378    420    379    1
    739    379    420    421    1
    740    379    421    380    1
    741    380    421    422    1
    742    380    422    381    1
    743    381    422    423    1
    744    381    423    382    1
    745    382    423    424    1
    746    382    424    383    1
    747    383    424    425    1
    748    383    425    384    1
    749    384    425    426    1
    750    384    426    385    1
    751    385    426    427    1
    752    385    427    386    1
    753    386    427    428    1
    754    386    428    387    1
    755    387    428    429    1
    756    387    429    388    1
    757    388    429    430    1
    758    388    430    389    1
    759    389    430    431    1
    760    389    431    390    1
    761    390    431    432    1
    762    390    432    391    1
    763    391    432    433    1
    764    391    433    392    1
    765    392    433    434    1
    766    392    434    393    1
    767    393    434    435    1
    768    393    435    394    1
    769    394    435    436    1
    770    394    436    395    1
    771    395    436    437    1
    772    395    437    396    1
    773    396    437    438    1
    774    396    438    397    1
    775    397    438    439    1
    776    397    439    398    1
    777    398    439    440    1
    778    398    440    399    1
    779    399    440    441    1
    780    399    441    400    1
    781    400    441    442    1
    782    400    442    401    1
    783    401    442    443    1
    784    401    443    402    1
    785    402    443    444    1
    786    402    444    403    1
    787    403    444    445    1
    788    403    445    404    1
    789    404    445    446    1
    790    404    446    405    1
    791    405    446    447    1
    792    405    447    406    1
    793    406    447    448    1
    794    406    448    407    1
    795    407    448    449    1
    796    407    449    408    1
    797    408    449    450    1
    798    408    450    409    1
    799    409    450    451    1
    800    409    451    410    1
    801    411    452    453    1
    802    411    453    412    1
    803    412    453    454    1
    804    412    454    413    1
    805    413    454    455    1
    806    413    455    414    1
    807    414    455    456    1
    808    414    456    415    1
    809    415    456    457    1
    810    415    457    416    1
    811    416    457    458    1
    812    416    458    417    1
    813    417    458    459    1
    814    417    459    418    1
    815    418    459    460    1
    816    418    460    419    1
    817    419    460    461    1
    818    419    461    420    1
    819    420    461    462    1
    820    420    462    421    1
    821    421    462    463    1
    822    421    463    422    1
    823    422    463    464    1
    824    422    464    423    1
    825    423    464    465    1
    826    423    465    424    1
    827    424    465    466    1
    828    424    466    425    1
    829    425    466    467    1
    830    425    467    426    1
    831    426    467    468    1
    832    426    468    427    1
    833    427    468    469    1
    834    427    469    428    1
    835    428    469    470    1
    836    428    470    429    1
    837    429    470    471    1
    838    429    471    430    1
    839    430    471    472    1
    840    430    472    431    1
    841    431    472    473    1
    842    431    473    432    1
    843    432    473    474    1
    844    432    474    433    1
    845    433    474    475    1
    846    433    475    434    1
    847    434    475    476    1
    848    434    476    435    1
    849    435    476    477    1
    850    435    477    436    1
    851    436    477    478    1
    852    436    478    437    1
    853    437    478    479    1
    854    437    479    438    1
    855    438    479    480    1
    856    438    480    439    1
    857    439    480    481    1
    858    439    481    440    1
    859    440    481    482    1
    860    440    482    441    1
    861    441    482    483    1
    862    441    483    442    1
    863    442    483    484    1
    864    442    484    443    1
    865    443    484    485    1
    866    443    485    444    1
    867    444    485    486    1
    868    444    486    445    1
    869    445    486    487    1
    870    445    487    446    1
    871    446    487    488    1
    872    446    488    447    1
    873    447    488    489    1
    874    447    489    448    1
    875    448    489    490    1
    876    448    490    449    1
    877    449    490    491    1
    878    449    491    450    1
    879    450    491    492    1
    880    450    492    451    1
    881    452    493    494    1
    882    452    494    453    1
    883    453    494    495    1
    884    453    495    454    1
    885    454    495    496    1
    886    454    496    455    1
    887    455    496    497    1
    888    455    497    456    1
    889    456    497    498    1
    890    456    498    457    1
    891    457    498    499    1
    892    457    499    458    1
    893    458    499    500    1
    894    458    500    459    1
    895    459    500    501    1
    896    459    501    460    1
    897    460    501    502    1
    898    460    502    461    1
    899    461    502    503    1
    900    461    503    462    1
    901    462    503    504    1
    902    462    504    463    1
    903    463    504    505    1
    904    463    505    464    1
    905    464    505    506    1
    906    464    506    465    1
    907    465    506    507    1
    908    465    507    466    1
    909    466    507    508    1
    910    466    508    467    1
    911    467    508    509    1
    912    467    509    468    1
    913    468    509    510    1
    914    468    510    469    1
    915    469    510    511    1
    916    469    511    470    1
    917    470    511    512    1
    918    470    512    471    1
    919    471    512    513    1
    920    471    513    472    1
    921    472    513    514    1
    922    472    514    473    1
    923    473    514    515    1
    924    473    515    474    1
    925    474    515    516    1
    926    474    516    475    1
    927    475    516    517    1
    928    475    517    476    1
    929    476    517    518    1
    930    476    518    477    1
    931    477    518    519    1
    932    477    519    478    1
    933    478    519    520    1
    934    478    520    479    1
    935    479    520    521    1
    936    479    521    480    1
    937    480    521    522    1
    938    480    522    481    1
    939    481    522    523    1
    940    481    523    482    1
    941    482    523    524    1
    942    482    524    483    1
    943    483    524    525    1
    944    483    525    484    1
    945    484    525    526    1
    946    484    526    485    1
    947    485    526    527    1
    948    485    527    486    1
    949    486    527    528    1
    950    486    528    487    1
    951    487    528    529    1
    952    487    529    488    1
    953    488    529    530    1
    954    488    530    489    1
    955    489    530    531    1
    956    489    531    490    1
    957    490    531    532    1
    958    490    532    491    1
    959    491    532    533    1
    960    491    533    492    1
    961    493    534    535    1
    962    493    535    494    1
    963    494    535    536    1
    964    494    536    495    1
    965    495    536    537    1
    966    495    537    496    1
    967    496    537    538    1
    968    496    538    497    1
    969    497    538    539    1
    970    497    539    498    1
    971    498    539    540    1
    972    498    540    499    1
    973    499    540    541    1
    974    499    541    500    1
    975    500    541    542    1
    976    500    542    501    1
    977    501    542    543    1
    978    501    543    502    1
    979    502    543    544    1
    980    502    544    503    1
    981    503    544    545    1
    982    503    545    504    1
    983    504    545    546    1
    984    504    546    505    1
    985    505    546    547    1
    986    505    547    506    1
    987    506    547    548    1
    988    506    548    507    1
    989    507    548    549    1
    990    507    549    508    1
    991    508    549    550    1
    992    508    550    509    1
    993    509    550    551    1
    994    509    551    510    1
    995    510    551    552    1
    996    510    552    511    1
    997    511    552    553    1
    998    511    553    512    1
    999    512    553    554    1
   1000    512    554    513    1
   1001    513    554    555    1
   1002    513    555    514    1
   1003    514    555    556    1
   1004    514    556    515    1
   1005    515    556    557    1
   1006    515    557    516    1
   1007    516    557    558    1
   1008    516    558    517    1
   1009    517    558    559    1
   1010    517    559    518    1
   1011    518    559    560    1
   1012    518    560    519    1
   1013    519    560    561    1
   1014    519    561    520    1
   1015    520    561    562    1
   1016    520    562    521    1
   1017    521    562    563    1
   1018    521    563    522    1
   1019    522    563    564    1
   1020    522    564    523    1
   1021    523    564    565    1
   1022    523    565    524    1
   1023    524    565    566    1
   1024    524    566    525    1
   1025    525    566    567    1
   1026    525    567    526    1
   1027    526    567    568    1
   1028    526    568    527    1
   1029    527    568    569    1
   1030    527    569    528    1
   1031    528    569    570    1
   1032    528    570    529    1
   1033    529    570    571    1
   1034    529    571    530    1
   1035    530    571    572    1
   1036    530    572    531    1
   1037    531    572    573    1
   1038    531    573    532    1
   1039    532    573    574    1
   1040    532    574    533    1
   1041    534    575    576    1
   1042    534    576    535    1
   1043    535    576    577    1
   1044    535    577    536    1
   1045    536    577    578    1
   1046    536    578    537    1
   1047    537    578    579    1
   1048    537    579    538    1
   1049    538    579    580    1
   1050    538    580    539    1
   1051    539    580    581    1
   1052    539    581    540    1
   1053    540    581    582    1
   1054    540    582    541    1
   1055    541    582    583    1
   1056    541    583    542    1
   1057    542    583    584    1
   1058    542    584    543    1
   1059    543    584    585    1
   1060    543    585    544    1
   1061    544    585    586    1
   1062    544    586    545    1
   1063    545    586    587    1
   1064    545    587    546    1
   1065    546    587    588    1
   1066    546    588    547    1
   1067    547    588    589    1
   1068    547    589    548    1
   1069    548    589    590    1
   1070    548    590    549    1
   1071    549    590    591    1
   1072    549    591    550    1
   1073    550    591    592    1
   1074    550    592    551    1
   1075    551    592    593    1
   1076    551    593    552    1
   1077    552    593    594    1
   1078    552    594    553    1
   1079    553    594    595    1
   1080    553    595    554    1
   1081    554    595    596    1
   1082    554    596    555    1
   1083    555    596    597    1
   1084    555    597    556    1
   1085    556    597    598    1
   1086    556    598    557    1
   1087    557    598    599    1
   1088    557    599    558    1
   1089    558    599    600    1
   1090    558    600    559    1
   1091    559    600    601    1
   1092    559    601    560    1
   1093    560    601    602    1
   1094    560    602    561    1
   1095    561    602    603    1
   1096    561    603    562    1
   1097    562    603    604    1
   1098    562    604    563    1
   1099    563    604    605    1
   1100    563    605    564    1
   1101    564    605    606    1
   1102    564    606    565    1
   1103    565    606    607    1
   1104    565    607    566    1
   1105    566    607    608    1
   1106    566    608    567    1
   1107    567    608    609    1
   1108    567    609    568    1
   1109    568    609    610    1
   1110    568    610    569    1
   1111    569    610    611    1
   1112    569    611    570    1
   1113    570    611    612    1
   1114    570    612    571    1
   1115    571    612    613    1
   1116    571    613    572    1
   1117    572    613    614    1
   1118    572    614    573    1
   1119    573    614    615    1
   1120    573    615    574    1
   1121    575    616    617    1
   1122    575    617    576    1
   1123    576    617    618    1
   1124    576    618    577    1
   1125    577    618    619    1
   1126    577    619    578    1
   1127    578    619    620    1
   1128    578    620    579    1
   1129    579    620    621    1
   1130    579    621    580    1
   1131    580    621    622    1
   1132    580    622    581    1
   1133    581    622    623    1
   1134    581    623    582    1
   1135    582    623    624    1
   1136    582    624    583    1
   1137    583    624    625    1
   1138    583    625    584    1
   1139    584    625    626    1
   1140    584    626    585    1
   1141    585    626    627    1
   1142    585    627    586    1
   1143    586    627    628    1
   1144    586    628    587    1
   1145    587    628    629    1
   1146    587    629    588    1
   1147    588    629    630    1
   1148    588    630    589    1
   1149    589    630    631    1
   1150    589    631    590    1
   1151    590    631    632    1
   1152    590    632    591    1
   1153    591    632    633    1
   1154    591    633    592    1
   1155    592    633    634    1
   1156    592    634    593    1
   1157    593    634    635    1
   1158    593    635    594    1
   1159    594    635    636    1
   1160    594    636    595    1
   1161    595    636    637    1
   1162    595    637    596    1
   1163    596    637    638    1
   1164    596    638    597    1
   1165    597    638    639    1
   1166    597    639    598    1
   1167    598    639    640    1
   1168    598    640    599    1
   1169    599    640    641    1
   1170    599    641    600    1
   1171    600    641    642    1
   1172    600    642    601    1
   1173    601    642    643    1
   1174    601    643    602    1
   1175    602    643    644    1
   1176    602    644    603    1
   1177    603    644    645    1
   1178    603    645    604    1
   1179    604    645    646    1
   1180    604    646    605    1
   1181    605    646    647    1
   1182    605    647    606    1
   1183    606    647    648    1
   1184    606    648    607    1
   1185    607    648    649    1
   1186    607    649    608    1
   1187    608    649    650    1
   1188    608    650    609    1
   1189    609    650    651    1
   1190    609    651    610    1
   1191    610    651    652    1
   1192    610    652    611    1
   1193    611    652    653    1
   1194    611    653    612    1
   1195    612    653    654    1
   1196    612    654    613    1
   1197    613    654    655    1
   1198    613    655    614    1
   1199    614    655    656    1
   1200    614    656    615    1
   1201    616    657    658    1
   1202    616    658    617    1
   1203    617    658    659    1
   1204    617    659    618    1
   1205    618    659    660    1
   1206    618    660    619    1
   1207    619    660    661    1
   1208    619    661    620    1
   1209    620    661    662    1
   1210    620    662    621    1
   1211    621    662    663    1
   1212    621    663    622    1
   1213    622    663    664    1
   1214    622    664    623    1
   1215    623    664    665    1
   1216    623    665    624    1
   1217    624    665    666    1
   1218    624    666    625    1
   1219    625    666    667    1
   1220    625    667    626    1
   1221    626    667    668    1
   1222    626    668    627    1
   1223    627    668    669    1
   1224    627    669    628    1
   1225    628    669    670    1
   1226    628    670    629    1
   1227    629    670    671    1
   1228    629    671    630    1
   1229    630    671    672    1
   1230    630    672    631    1
   1231    631    672    673    1
   1232    631    673    632    1
   1233    632    673    674    1
   1234    632    674    633    1
   1235    633    674    675    1
   1236    633    675    634    1
   1237    634    675    676    1
   1238    634    676    635    1
   1239    635    676    677    1
   1240    635    677    636    1
   1241    636    677    678    1
   1242    636    678    637    1
   1243    637    678    679    1
   1244    637    679    638    1
   1245    638    679    680    1
   1246    638    680    639    1
   1247    639    680    681    1
   1248    639    681    640    1
   1249    640    681    682    1
   1250    640    682    641    1
   1251    641    682    683    1
   1252    641    683    642    1
   1253    642    683    684    1
   1254    642    684    643    1
   1255    643    684    685    1
   1256    643    685    644    1
   1257    644    685    686    1
   1258    644    686    645    1
   1259    645    686    687    1
   1260    645    687    646    1
   1261    646    687    688    1
   1262    646    688    647    1
   1263    647    688    689    1
   1264    647    689    648    1
   1265    648    689    690    1
   1266    648    690    649    1
   1267    649    690    691    1
   1268    649    691    650    1
   1269    650    691    692    1
   1270    650    692    651    1
   1271    651    692    693    1
   1272    651    693    652    1
   1273    652    693    694    1
   1274    652    694    653    1
   1275    653    694    695    1
   1276    653    695    654    1
   1277    654    695    696    1
   1278    654    696    655    1
   1279    655    696    697    1
   1280    655    697    656    1
   1281    657    698    699    1
   1282    657    699    658    1
   1283    658    699    700    1
   1284    658    700    659    1
   1285    659    700    701    1
   1286    659    701    660    1
   1287    660    701    702    1
   1288    660    702    661    1
   1289    661    702    703    1
   1290    661    703    662    1
   1291    662    703    704    1
   1292    662    704    663    1
   1293    663    704    705    1
   1294    663    705    664    1
   1295    664    705    706    1
   1296    664    706    665    1
   1297    665    706    707    1
   1298    665    707    666    1
   1299    666    707    708    1
   1300    666    708    667    1
   1301    667    708    709    1
   1302    667    709    668    1
   1303    668    709    710    1
   1304    668    710    669    1
   1305    669    710    711    1
   1306    669    711    670    1
   1307    670    711    712    1
   1308    670    712    671    1
   1309    671    712    713    1
   1310    671    713    672    1
   1311    672    713    714    1
   1312    672    714    673    1
   1313    673    714    715    1
   1314    673    715    674    1
   1315    674    715    716    1
   1316    674    716    675    1
   1317    675    716    717    1
   1318    675    717    676    1
   1319    676    717    718    1
   1320    676    718    677    1
   1321    677    718    719    1
   1322    677    719    678    1
   1323    678    719    720    1
   1324    678    720    679    1
   1325    679    720    721    1
   1326    679    721    680    1
   1327    680    721    722    1
   1328    680    722    681    1
   1329    681    722    723    1
   1330    681    723    682    1
   1331    682    723    724    1
   1332    682    724    683    1
   1333    683    724    725    1
   1334    683    725    684    1
   1335    684    725    726    1
   1336    684    726    685    1
   1337    685    726    727    1
   1338    685    727    686    1
   1339    686    727    728    1
   1340    686    728    687    1
   1341    687    728    729    1
   1342    687    729    688    1
   1343    688    729    730    1
   1344    688    730    689    1
   1345    689    730    731    1
   1346    689    731    690    1
   1347    690    731    732    1
   1348    690    732    691    1
   1349    691    732    733    1
   1350    691    733    692    1
   1351    692    733    734    1
   1352    692    734    693    1
   1353    693    734    735    1
   1354    693    735    694    1
   1355    694    735    736    1
   1356    694    736    695    1
   1357    695    736    737    1
   1358    695    737    696    1
   1359    696    737    738    1
   1360    696    738    697    1
   1361    698    739    740    1
   1362    698    740    699    1
   1363    699    740    741    1
   1364    699    741    700    1
   1365    700    741    742    1
   1366    700    742    701    1
   1367    701    742    743    1
   1368    701    743    702    1
   1369    702    743    744    1
   1370    702    744    703    1
   1371    703    744    745    1
   1372    703    745    704    1
   1373    704    745    746    1
   1374    704    746    705    1
   1375    705    746    747    1
   1376    705    747    706    1
   1377    706    747    748    1
   1378    706    748    707    1
   1379    707    748    749    1
   1380    707    749    708    1
   1381    708    749    750    1
   1382    708    750    709    1
   1383    709    750    751    1
   1384    709    751    710    1
   1385    710    751    752    1
   1386    710    752    711    1
   1387    711    752    753    1
   1388    711    753    712    1
   1389    712    753    754    1
   1390    712    754    713    1
   1391    713    754    755    1
   1392    713    755    714    1
   1393    714    755    756    1
   1394    714    756    715    1
   1395    715    756    757    1
   1396    715    757    716    1
   1397    716    757    758    1
   1398    716    758    717    1
   1399    717    758    759    1
   1400    717    759    718    1
   1401    718    759    760    1
   1402    718    760    719    1
   1403    719    760    761    1
   1404    719    761    720    1
   1405    720    761    762    1
   1406    720    762    721    1
   1407    721    762    763    1
   1408    721    763    722    1
   1409    722    763    764    1
   1410    722    764    723    1
   1411    723    764    765    1
   1412    723    765    724    1
   1413    724    765    766    1
   1414    724    766    725    1
   1415    725    766    767    1
   1416    725    767    726    1
   1417    726    767    768    1
   1418    726    768    727    1
   1419    727    768    769    1
   1420    727    769    728    1
   1421    728    769    770    1
   1422    728    770    729    1
   1423    729    770    771    1
   1424    729    771    730    1
   1425    730    771    772    1
   1426    730    772    731    1
   1427    731    772    773    1
   1428    731    773    732    1
   1429    732    773    774    1
   1430    732    774    733    1
   1431    733    774    775    1
   1432    733    775    734    1
   1433    734    775    776    1
   1434    734    776    735    1
   1435    735    776    777    1
   1436    735    777    736    1
   1437    736    777    778    1
   1438    736    778    737    1
   1439    737    778    779    1
   1440    737    779    738    1
   1441    739    780    781    1
   1442    739    781    740    1
   1443    740    781    782    1
   1444    740    782    741    1
   1445    741    782    783    1
   1446    741    783    742    1
   1447    742    783    784    1
   1448    742    784    743    1
   1449    743    784    785    1
   1450    743    785    744    1
   1451    744    785    786    1
   1452    744    786    745    1
   1453    745    786    787    1
   1454    745    787    746    1
   1455    746    787    788    1
   1456    746    788    747    1
   1457    747    788    789    1
   1458    747    789    748    1
   1459    748    789    790    1
   1460    748    790    749    1
   1461    749    790    791    1
   1462    749    791    750    1
   1463    750    791    792    1
   1464    750    792    751    1
   1465    751    792    793    1
   1466    751    793    752    1
   1467    752    793    794    1
   1468    752    794    753    1
   1469    753    794    795    1
   1470    753    795    754    1
   1471    754    795    796    1
   1472    754    796    755    1
   1473    755    796    797    1
   1474    755    797    756    1
   1475    756    797    798    1
   1476    756    798    757    1
   1477    757    798    799    1
   1478    757    799    758    1
   1479    758    799    800    1
   1480    758    800    759    1
   1481    759    800    801    1
   1482    759    801    760    1
   1483    760    801    802    1
   1484    760    802    761    1
   1485    761    802    803    1
   1486    761    803    762    1
   1487    762    803    804    1
   1488    762    804    763    1
   1489    763    804    805    1
   1490    763    805    764    1
   1491    764    805    806    1
   1492    764    806    765    1
   1493    765    806    807    1
   1494    765    807    766    1
   1495    766    807    808    1
   1496    766    808    767    1
   1497    767    808    809    1
   1498    767    809    768    1
   1499    768    809    810    1
   1500    768    810    769    1
   1501    769    810    811    1
   1502    769    811    770    1
   1503    770    811    812    1
   1504    770    812    771    1
   1505    771    812    813    1
   1506    771    813    772    1
   1507    772    813    814    1
   1508    772    814    773    1
   1509    773    814    815    1
   1510    773    815    774    1
   1511    774    815    816    1
   1512    774    816    775    1
   1513    775    816    817    1
   1514    775    817    776    1
   1515    776    817    818    1
   1516    776    818    777    1
   1517    777    818    819    1
   1518    777    819    778    1
   1519    778    819    820    1
   1520    778    820    779    1
   1521    780    821    822    1
   1522    780    822    781    1
   1523    781    822    823    1
   1524    781    823    782    1
   1525    782    823    824    1
   1526    782    824    783    1
   1527    783    824    825    1
   1528    783    825    784    1
   1529    784    825    826    1
   1530    784    826    785    1
   1531    785    826    827    1
   1532    785    827    786    1
   1533    786    827    828    1
   1534    786    828    787    1
   1535    787    828    829    1
   1536    787    829    788    1
   1537    788    829    830    1
   1538    788    830    789    1
   1539    789    830    831    1
   1540    789    831    790    1
   1541    790    831    832    1
   1542    790    832    791    1
   1543    791    832    833    1
   1544    791    833    792    1
   1545    792    833    834    1
   1546    792    834    793    1
   1547    793    834    835    1
   1548    793    835    794    1
   1549    794    835    836    1
   1550    794    836    795    1
   1551    795    836    837    1
   1552    795    837    796    1
   1553    796    837    838    1
   1554    796    838    797    1
   1555    797    838    839    1
   1556    797    839    798    1
   1557    798    839    840    1
   1558    798    840    799    1
   1559    799    840    841    1
   1560    799    841    800    1
   1561    800    841    842    1
   1562    800    842    801    1
   1563    801    842    843    1
   1564    801    843    802    1
   1565    802    843    844    1
   1566    802    844    803    1
   1567    803    844    845    1
   1568    803    845    804    1
   1569    804    845    846    1
   1570    804    846    805    1
   1571    805    846    847    1
   1572    805    847    806    1
   1573    806    847    848    1
   1574    806    848    807    1
   1575    807    848    849    1
   1576    807    849    808    1
   1577    808    849    850    1
   1578    808    850    809    1
   1579    809    850    851    1
   1580    809    851    810    1
   1581    810    851    852    1
   1582    810    852    811    1
   1583    811    852    853    1
   1584    811    853    812    1
   1585    812    853    854    1
   1586    812    854    813    1
   1587    813    854    855    1
   1588    813    855    814    1
   1589    814    855    856    1
   1590    814    856    815    1
   1591    815    856    857    1
   1592    815    857    816    1
   1593    816    857    858    1
   1594    816    858    817    1
   1595    817    858    859    1
   1596    817    859    818    1
   1597    818    859    860    1
   1598    818    860    819    1
   1599    819    860    861    1
   1600    819    861    820    1
   1601    821    862    863    1
   1602    821    863    822    1
   1603    822    863    864    1
   1604    822    864    823    1
   1605    823    864    865    1
   1606    823    865    824    1
   1607    824    865    866    1
   1608    824    866    825    1
   1609    825    866    867    1
   1610    825    867    826    1
   1611    826    867    868    1
   1612    826    868    827    1
   1613    827    868    869    1
   1614    827    869    828    1
   1615    828    869    870    1
   1616    828    870    829    1
   1617    829    870    871    1
   1618    829    871    830    1
   1619    830    871    872    1
   1620    830    872    831    1
   1621    831    872    873    1
   1622    831    873    832    1
   1623    832    873    874    1
   1624    832    874    833    1
   1625    833    874    875    1
   1626    833    875    834    1
   1627    834    875    876    1
   1628    834    876    835    1
   1629    835    876    877    1
   1630    835    877    836    1
   1631    836    877    878    1
   1632    836    878    837    1
   1633    837    878    879    1
   1634    837    879    838    1
   1635    838    879    880    1
   1636    838    880    839    1
   1637    839    880    881    1
   1638    839    881    840    1
   1639    840    881    882    1
   1640    840    882    841    1
   1641    841    882    883    1
   1642    841    883    842    1
   1643    842    883    884    1
   1644    842    884    843    1
   1645    843    884    885    1
   1646    843    885    844    1
   1647    844    885    886    1
   1648    844    886    845    1
   1649    845    886    887    1
   1650    845    887    846    1
   1651    846    887    888    1
   1652    846    888    847    1
   1653    847    888    889    1
   1654    847    889    848    1
   1655    848    889    890    1
   1656    848    890    849    1
   1657    849    890    891    1
   1658    849    891    850    1
   1659    850    891    892    1
   1660    850    892    851    1
   1661    851    892    893    1
   1662    851    893    852    1
   1663    852    893    894    1
   1664    852    894    853    1
   1665    853    894    895    1
   1666    853    895    854    1
   1667    854    895    896    1
   1668    854    896    855    1
   1669    855    896    897    1
   1670    855    897    856    1
   1671    856    897    898    1
   1672    856    898    857    1
   1673    857    898    899    1
   1674    857    899    858    1
   1675    858    899    900    1
   1676    858    900    859    1
   1677    859    900    901    1
   1678    859    901    860    1
   1679    860    901    902    1
   1680    860    902    861    1
   1681    862    903    904    1
   1682    862    904    863    1
   1683    863    904    905    1
   1684    863    905    864    1
   1685    864    905    906    1
   1686    864    906    865    1
   1687    865    906    907    1
   1688    865    907    866    1
   1689    866    907    908    1
   1690    866    908    867    1
   1691    867    908    909    1
   1692    867    909    868    1
   1693    868    909    910    1
   1694    868    910    869    1
   1695    869    910    911    1
   1696    869    911    870    1
   1697    870    911    912    1
   1698    870    912    871    1
   1699    871    912    913    1
   1700    871    913    872    1
   1701    872    913    914    1
   1702    872    914    873    1
   1703    873    914    915    1
   1704    873    915    874    1
   1705    874    915    916    1
   1706    874    916    875    1
   1707    875    916    917    1
   1708    875    917    876    1
   1709    876    917    918    1
   1710    876    918    877    1
   1711    877    918    919    1
   1712    877    919    878    1
   1713    878    919    920    1
   1714    878    920    879    1
   1715    879    920    921    1
   1716    879    921    880    1
   1717    880    921    922    1
   1718    880    922    881    1
   1719    881    922    923    1
   1720    881    923    882    1
   1721    882    923    924    1
   1722    882    924    883    1
   1723    883    924    925    1
   1724    883    925    884    1
   1725    884    925    926    1
   1726    884    926    885    1
   1727    885    926    927    1
   1728    885    927    886    1
   1729    886    927    928    1
   1730    886    928    887    1
   1731    887    928    929    1
   1732    887    929    888    1
   1733    888    929    930    1
   1734    888    930    889    1
   1735    889    930    931    1
   1736    889    931    890    1
   1737    890    931    932    1
   1738    890    932    891    1
   1739    891    932    933    1
   1740    891    933    892    1
   1741    892    933    934    1
   1742    892    934    893    1
   1743    893    934    935    1
   1744    893    935    894    1
   1745    894    935    936    1
   1746    894    936    895    1
   1747    895    936    937    1
   1748    895    937    896    1
   1749    896    937    938    1
   1750    896    938    897    1
   1751    897    938    939    1
   1752    897    939    898    1
   1753    898    939    940    1
   1754    898    940    899    1
   1755    899    940    941    1
   1756    899    941    900    1
   1757    900    941    942    1
   1758    900    942    901    1
   1759    901    942    943    1
   1760    901    943    902    1
   1761    903    944    945    1
   1762    903    945    904    1
   1763    904    945    946    1
   1764    904    946    905    1
   1765    905    946    947    1
   1766    905    947    906    1
   1767    906    947    948    1
   1768    906    948    907    1
   1769    907    948    949    1
   1770    907    949    908    1
   1771    908    949    950    1
   1772    908    950    909    1
   1773    909    950    951    1
   1774    909    951    910    1
   1775    910    951    952    1
   1776    910    952    911    1
   1777    911    952    953    1
   1778    911    953    912    1
   1779    912    953    954    1
   1780    912    954    913    1
   1781    913    954    955    1
   1782    913    955    914    1
   1783    914    955    956    1
   1784    914    956    915    1
   1785    915    956    957    1
   1786    915    957    916    1
   1787    916    957    958    1
   1788    916    958    917    1
   1789    917    958    959    1
   1790    917    959    918    1
   1791    918    959    960    1
   1792    918    960    919    1
   1793    919    960    961    1
   1794    919    961    920    1
   1795    920    961    962    1
   1796    920    962    921    1
   1797    921    962    963    1
   1798    921    963    922    1
   1799    922    963    964    1
   1800    922    964    923    1
   1801    923    964    965    1
   1802    923    965    924    1
   1803    924    965    966    1
   1804    924    966    925    1
   1805    925    966    967    1
   1806    925    967    926    1
   1807    926    967    968    1
   1808    926    968    927    1
   1809    927    968    969    1
   1810    927    969    928    1
   1811    928    969    970    1
   1812    928    970    929    1
   1813    929    970    971    1
   1814    929    971    930    1
   1815    930    971    972    1
   1816    930    972    931    1
   1817    931    972    973    1
   1818    931    973    932    1
   1819    932    973    974    1
   1820    932    974    933    1
   1821    933    974    975    1
   1822    933    975    934    1
   1823    934    975    976    1
   1824    934    976    935    1
   1825    935    976    977    1
   1826    935    977    936    1
   1827    936    977    978    1
   1828    936    978    937    1
   1829    937    978    979    1
   1830    937    979    938    1
   1831    938    979    980    1
   1832    938    980    939    1
   1833    939    980    981    1
   1834    939    981    940    1
   1835    940    981    982    1
   1836    940    982    941    1
   1837    941    982    983    1
   1838    941    983    942    1
   1839    942    983    984    1
   1840    942    984    943    1
   1841    944    985    986    1
   1842    944    986    945    1
   1843    945    986    987    1
   1844    945    987    946    1
   1845    946    987    988    1
   1846    946    988    947    1
   1847    947    988    989    1
   1848    947    989    948    1
   1849    948    989    990    1
   1850    948    990    949    1
   1851    949    990    991    1
   1852    949    991    950    1
   1853    950    991    992    1
   1854    950    992    951    1
   1855    951    992    993    1
   1856    951    993    952    1
   1857    952    993    994    1
   1858    952    994    953    1
   1859    953    994    995    1
   1860    953    995    954    1
   1861    954    995    996    1
   1862    954    996    955    1
   1863    955    996    997    1
   1864    955    997    956    1
   1865    956    997    998    1
   1866    956    998    957    1
   1867    957    998    999    1
   1868    957    999    958    1
   1869    958    999   1000    1
   1870    958   1000    959    1
   1871    959   1000   1001    1
   1872    959   1001    960    1
   1873    960   1001   1002    1
   1874    960   1002    961    1
   1875    961   1002   1003    1
   1876    961   1003    962    1
   1877    962   1003   1004    1
   1878    962   1004    963    1
   1879    963   1004   1005    1
   1880    963   1005    964    1
   1881    964   1005   1006    1
   1882    964   1006    965    1
   1883    965   1006   1007    1
   1884    965   1007    966    1
   1885    966   1007   1008    1
   1886    966   1008    967    1
   1887    967   1008   1009    1
   1888    967   1009    968    1
   1889    968   1009   1010    1
   1890    968   1010    969    1
   1891    969   1010   1011    1
   1892    969   1011    970    1
   1893    970   1011   1012    1
   1894    970   1012    971    1
   1895    971   1012   1013    1
   1896    971   1013    972    1
   1897    972   1013   1014    1
   1898    972   1014    973    1
   1899    973   1014   1015    1
   1900    973   1015    974    1
   1901    974   1015   1016    1
   1902    974   1016    975    1
   1903    975   1016   1017    1
   1904    975   1017    976    1
   1905    976   1017   1018    1
   1906    976   1018    977    1
   1907    977   1018   1019    1
   1908    977   1019    978    1
   1909    978   1019   1020    1
   1910    978   1020    979    1
   1911    979   1020   1021    1
   1912    979   1021    980    1
   1913    980   1021   1022    1
   1914    980   1022    981    1
   1915    981   1022   1023    1
   1916    981   1023    982    1
   1917    982   1023   1024    1
   1918    982   1024    983    1
   1919    983   1024   1025    1
   1920    983   1025    984    1
   1921    985   1026   1027    1
   1922    985   1027    986    1
   1923    986   1027   1028    1
   1924    986   1028    987    1
   1925    987   1028   1029    1
   1926    987   1029    988    1
   1927    988   1029   1030    1
   1928    988   1030    989    1
   1929    989   1030   1031    1
   1930    989   1031    990    1
   1931    990   1031   1032    1
   1932    990   1032    991    1
   1933    991   1032   1033    1
   1934    991   1033    992    1
   1935    992   1033   1034    1
   1936    992   1034    993    1
   1937    993   1034   1035    1
   1938    993   1035    994    1
   1939    994   1035   1036    1
   1940    994   1036    995    1
   1941    995   1036   1037    1
   1942    995   1037    996    1
   1943    996   1037   1038    1
   1944    996   1038    997    1
   1945    997   1038   1039    1
   1946    997   1039    998    1
   1947    998   1039   1040    1
   1948    998   1040    999    1
   1949    999   1040   1041    1
   1950    999   1041   1000    1
   1951   1000   1041   1042    1
   1952   1000   1042   1001    1
   1953   1001   1042   1043    1
   1954   1001   1043   1002    1
   1955   1002   1043   1044    1
   1956   1002   1044   1003    1
   1957   1003   1044   1045    1
   1958   1003   1045   1004    1
   1959   1004   1045   1046    1
   1960   1004   1046   1005    1
   1961   1005   1046   1047    1
   1962   1005   1047   1006    1
   1963   1006   1047   1048    1
   1964   1006   1048   1007    1
   1965   1007   1048   1049    1
   1966   1007   1049   1008    1
   1967   1008   1049   1050    1
   1968   1008   1050   1009    1
   1969   1009   1050   1051    1
   1970   1009   1051   1010    1
   1971   1010   1051   1052    1
   1972   1010   1052   1011    1
   1973   1011   1052   1053    1
   1974   1011   1053   1012    1
   1975   1012   1053   1054    1
   1976   1012   1054   1013    1
   1977   1013   1054   1055    1
   1978   1013   1055   1014    1
   1979   1014   1055   1056    1
   1980   1014   1056   1015    1
   1981   1015   1056   1057    1
   1982   1015   1057   1016    1
   1983   1016   1057   1058    1
   1984   1016   1058   1017    1
   1985   1017   1058   1059    1
   1986   1017   1059   1018    1
   1987   1018   1059   1060    1
   1988   1018   1060   1019    1
   1989   1019   1060   1061    1
   1990   1019   1061   1020    1
   1991   1020   1061   1062    1
   1992   1020   1062   1021    1
   1993   1021   1062   1063    1
   1994   1021   1063   1022    1
   1995   1022   1063   1064    1
   1996   1022   1064   1023    1
   1997   1023   1064   1065    1
   1998   1023   1065   1024    1
   1999   1024   1065   1066    1
   2000   1024   1066   1025    1
   2001   1026   1067   1068    1
   2002   1026   1068   1027    1
   2003   1027   1068   1069    1
   2004   1027   1069   1028    1
   2005   1028   1069   1070    1
   2006   1028   1070   1029    1
   2007   1029   1070   1071    1
   2008   1029   1071   1030    1
   2009   1030   1071   1072    1
   2010   1030   1072   1031    1
   2011   1031   1072   1073    1
   2012   1031   1073   1032    1
   2013   1032   1073   1074    1
   2014   1032   1074   1033    1
   2015   1033   1074   1075    1
   2016   1033   1075   1034    1
   2017   1034   1075   1076    1
   2018   1034   1076   1035    1
   2019   1035   1076   1077    1
   2020   1035   1077   1036    1
   2021   1036   1077   1078    1
   2022   1036   1078   1037    1
   2023   1037   1078   1079    1
   2024   1037   1079   1038    1
   2025   1038   1079   1080    1
   2026   1038   1080   1039    1
   2027   1039   1080   1081    1
   2028   1039   1081   1040    1
   2029   1040   1081   1082    1
   2030   1040   1082   1041    1
   2031   1041   1082   1083    1
   2032   1041   1083   1042    1
   2033   1042   1083   1084    1
   2034   1042   1084   1043    1
   2035   1043   1084   1085    1
   2036   1043   1085   1044    1
   2037   1044   1085   1086    1
   2038   1044   1086   1045    1
   2039   1045   1086   1087    1
   2040   1045   1087   1046    1
   2041   1046   1087   1088    1
   2042   1046   1088   1047    1
   2043   1047   1088   1089    1
   2044   1047   1089   1048    1
   2045   1048   1089   1090    1
   2046   1048   1090   1049    1
   2047   1049   1090   1091    1
   2048   1049   1091   1050    1
   2049   1050   1091   1092    1
   2050   1050   1092   1051    1
   2051   1051   1092   1093    1
   2052   1051   1093   1052    1
   2053   1052   1093   1094    1
   2054   1052   1094   1053    1
   2055   1053   1094   1095    1
   2056   1053   1095   1054    1
   2057   1054   1095   1096    1
   2058   1054   1096   1055    1
   2059   1055   1096   1097    1
   2060   1055   1097   1056    1
   2061   1056   1097   1098    1
   2062   1056   1098   1057    1
   2063   1057   1098   1099    1
   2064   1057   1099   1058    1
   2065   1058   1099   1100    1
   2066   1058   1100   1059    1
   2067   1059   1100   1101    1
   2068   1059   1101   1060    1
   2069   1060   1101   1102    1
   2070   1060   1102   1061    1
   2071   1061   1102   1103    1
   2072   1061   1103   1062    1
   2073   1062   1103   1104    1
   2074   1062   1104   1063    1
   2075   1063   1104   1105    1
   2076   1063   1105   1064    1
   2077   1064   1105   1106    1
   2078   1064   1106   1065    1
   2079   1065   1106   1107    1
   2080   1065   1107   1066    1
   2081   1067   1108   1109    1
   2082   1067   1109   1068    1
   2083   1068   1109   1110    1
   2084   1068   1110   1069    1
   2085   1069   1110   1111    1
   2086   1069   1111   1070    1
   2087   1070   1111   1112    1
   2088   1070   1112   1071    1
   2089   1071   1112   1113    1
   2090   1071   1113   1072    1
   2091   1072   1113   1114    1
   2092   1072   1114   1073    1
   2093   1073   1114   1115    1
   2094   1073   1115   1074    1
   2095   1074   1115   1116    1
   2096   1074   1116   1075    1
   2097   1075   1116   1117    1
   2098   1075   1117   1076    1
   2099   1076   1117   1118    1
   2100   1076   1118   1077    1
   2101   1077   1118   1119    1
   2102   1077   1119   1078    1
   2103   1078   1119   1120    1
   2104   1078   1120   1079    1
   2105   1079   1120   1121    1
   2106   1079   1121   1080    1
   2107   1080   1121   1122    1
   2108   1080   1122   1081    1
   2109   1081   1122   1123    1
   2110   1081   1123   1082    1
   2111   1082   1123   1124    1
   2112   1082   1124   1083    1
   2113   1083   1124   1125    1
   2114   1083   1125   1084    1
   2115   1084   1125   1126    1
   2116   1084   1126   1085    1
   2117   1085   1126   1127    1
   2118   1085   1127   1086    1
   2119   1086   1127   1128    1
   2120   1086   1128   1087    1
   2121   1087   1128   1129    1
   2122   1087   1129   1088    1
   2123   1088   1129   1130    1
   2124   1088   1130   1089    1
   2125   1089   1130   1131    1
   2126   1089   1131   1090    1
   2127   1090   1131   1132    1
   2128   1090   1132   1091    1
   2129   1091   1132   1133    1
   2130   1091   1133   1092    1
   2131   1092   1133   1134    1
   2132   1092   1134   1093    1
   2133   1093   1134   1135    1
   2134   1093   1135   1094    1
   2135   1094   1135   1136    1
   2136   1094   1136   1095    1
   2137   1095   1136   1137    1
   2138   1095   1137   1096    1
   2139   1096   1137   1138    1
   2140   1096   1138   1097    1
   2141   1097   1138   1139    1
   2142   1097   1139   1098    1
   2143   1098   1139   1140    1
   2144   1098   1140   1099    1
   2145   1099   1140   1141    1
   2146   1099   1141   1100    1
   2147   1100   1141   1142    1
   2148   1100   1142   1101    1
   2149   1101   1142   1143    1
   2150   1101   1143   1102    1
   2151   1102   1143   1144    1
   2152   1102   1144   1103    1
   2153   1103   1144   1145    1
   2154   1103   1145   1104    1
   2155   1104   1145   1146    1
   2156   1104   1146   1105    1
   2157   1105   1146   1147    1
   2158   1105   1147   1106    1
   2159   1106   1147   1148    1
   2160   1106   1148   1107    1
   2161   1108   1149   1150    1
   2162   1108   1150   1109    1
   2163   1109   1150   1151    1
   2164   1109   1151   1110    1
   2165   1110   1151   1152    1
   2166   1110   1152   1111    1
   2167   1111   1152   1153    1
   2168   1111   1153   1112    1
   2169   1112   1153   1154    1
   2170   1112   1154   1113    1
   2171   1113   1154   1155    1
   2172   1113   1155   1114    1
   2173   1114   1155   1156    1
   2174   1114   1156   1115    1
   2175   1115   1156   1157    1
   2176   1115   1157   1116    1
   2177   1116   1157   1158    1
   2178   1116   1158   1117    1
   2179   1117   1158   1159    1
   2180   1117   1159   1118    1
   2181   1118   1159   1160    1
   2182   1118   1160   1119    1
   2183   1119   1160   1161    1
   2184   1119   1161   1120    1
   2185   1120   1161   1162    1
   2186   1120   1162   1121    1
   2187   1121   1162   1163    1
   2188   1121   1163   1122    1
   2189   1122   1163   1164    1
   2190   1122   1164   1123    1
   2191   1123   1164   1165    1
   2192   1123   1165   1124    1
   2193   1124   1165   1166    1
   2194   1124   1166   1125    1
   2195   1125   1166   1167    1
   2196   1125   1167   1126    1
   2197   1126   1167   1168    1
   2198   1126   1168   1127    1
   2199   1127   1168   1169    1
   2200   1127   1169   1128    1
   2201   1128   1169   1170    1
   2202   1128   1170   1129    1
   2203   1129   1170   1171    1
   2204   1129   1171   1130    1
   2205   1130   1171   1172    1
   2206   1130   1172   1131    1
   2207   1131   1172   1173    1
   2208   1131   1173   1132    1
   2209   1132   1173   1174    1
   2210   1132   1174   1133    1
   2211   1133   1174   1175    1
   2212   1133   1175   1134    1
   2213   1134   1175   1176    1
   2214   1134   1176   1135    1
   2215   1135   1176   1177    1
   2216   1135   1177   1136    1
   2217   1136   1177   1178    1
   2218   1136   1178   1137    1
   2219   1137   1178   1179    1
   2220   1137   1179   1138    1
   2221   1138   1179   1180    1
   2222   1138   1180   1139    1
   2223   1139   1180   1181    1
   2224   1139   1181   1140    1
   2225   1140   1181   1182    1
   2226   1140   1182   1141    1
   2227   1141   1182   1183    1
   2228   1141   1183   1142    1
   2229   1142   1183   1184    1
   2230   1142   1184   1143    1
   2231   1143   1184   1185    1
   2232   1143   1185   1144    1
   2233   1144   1185   1186    1
   2234   1144   1186   1145    1
   2235   1145   1186   1187    1
   2236   1145   1187   1146    1
   2237   1146   1187   1188    1
   2238   1146   1188   1147    1
   2239   1147   1188   1189    1
   2240   1147   1189   1148    1
   2241   1149   1190   1191    1
   2242   1149   1191   1150    1
   2243   1150   1191   1192    1
   2244   1150   1192   1151    1
   2245   1151   1192   1193    1
   2246   1151   1193   1152    1
   2247   1152   1193   1194    1
   2248   1152   1194   1153    1
   2249   1153   1194   1195    1
   2250   1153   1195   1154    1
   2251   1154   1195   1196    1
   2252   1154   1196   1155    1
   2253   1155   1196   1197    1
   2254   1155   1197   1156    1
   2255   1156   1197   1198    1
   2256   1156   1198   1157    1
   2257   1157   1198   1199    1
   2258   1157   1199   1158    1
   2259   1158   1199   1200    1
   2260   1158   1200   1159    1
   2261   1159   1200   1201    1
   2262   1159   1201   1160    1
   2263   1160   1201   1202    1
   2264   1160   1202   1161    1
   2265   1161   1202   1203    1
   2266   1161   1203   1162    1
   2267   1162   1203   1204    1
   2268   1162   1204   1163    1
   2269   1163   1204   1205    1
   2270   1163   1205   1164    1
   2271   1164   1205   1206    1
   2272   1164   1206   1165    1
   2273   1165   1206   1207    1
   2274   1165   1207   1166    1
   2275   1166   1207   1208    1
   2276   1166   1208   1167    1
   2277   1167   1208   1209    1
   2278   1167   1209   1168    1
   2279   1168   1209   1210    1
   2280   1168   1210   1169    1
   2281   1169   1210   1211    1
   2282   1169   1211   1170    1
   2283   1170   1211   1212    1
   2284   1170   1212   1171    1
   2285   1171   1212   1213    1
   2286   1171   1213   1172    1
   2287   1172   1213   1214    1
   2288   1172   1214   1173    1
   2289   1173   1214   1215    1
   2290   1173   1215   1174    1
   2291   1174   1215   1216    1
   2292   1174   1216   1175    1
   2293   1175   1216   1217    1
   2294   1175   1217   1176    1
   2295   1176   1217   1218    1
   2296   1176   1218   1177    1
   2297   1177   1218   1219    1
   2298   1177   1219   1178    1
   2299   1178   1219   1220    1
   2300   1178   1220   1179    1
   2301   1179   1220   1221    1
   2302   1179   1221   1180    1
   2303   1180   1221   1222    1
   2304   1180   1222   1181    1
   2305   1181   1222   1223    1
   2306   1181   1223   1182    1
   2307   1182   1223   1224    1
   2308   1182   1224   1183    1
   2309   1183   1224   1225    1
   2310   1183   1225   1184    1
   2311   1184   1225   1226    1
   2312   1184   1226   1185    1
   2313   1185   1226   1227    1
   2314   1185   1227   1186    1
   2315   1186   1227   1228    1
   2316   1186   1228   1187    1
   2317   1187   1228   1229    1
   2318   1187   1229   1188    1
   2319   1188   1229   1230    1
   2320   1188   1230   1189    1
   2321   1190   1231   1232    1
   2322   1190   1232   1191    1
   2323   1191   1232   1233    1
   2324   1191   1233   1192    1
   2325   1192   1233   1234    1
   2326   1192   1234   1193    1
   2327   1193   1234   1235    1
   2328   1193   1235   1194    1
   2329   1194   1235   1236    1
   2330   1194   1236   1195    1
   2331   1195   1236   1237    1
   2332   1195   1237   1196    1
   2333   1196   1237   1238    1
   2334   1196   1238   1197    1
   2335   1197   1238   1239    1
   2336   1197   1239   1198    1
   2337   1198   1239   1240    1
   2338   1198   1240   1199    1
   2339   1199   1240   1241    1
   2340   1199   1241   1200    1
   2341   1200   1241   1242    1
   2342   1200   1242   1201    1
   2343   1201   1242   1243    1
   2344   1201   1243   1202    1
   2345   1202   1243   1244    1
   2346   1202   1244   1203    1
   2347   1203   1244   1245    1
   2348   1203   1245   1204    1
   2349   1204   1245   1246    1
   2350   1204   1246   1205    1
   2351   1205   1246   1247    1
   2352   1205   1247   1206    1
   2353   1206   1247   1248    1
   2354   1206   1248   1207    1
   2355   1207   1248   1249    1
   2356   1207   1249   1208    1
   2357   1208   1249   1250    1
   2358   1208   1250   1209    1
   2359   1209   1250   1251    1
   2360   1209   1251   1210    1
   2361   1210   1251   1252    1
   2362   1210   1252   1211    1
   2363   1211   1252   1253    1
   2364   1211   1253   1212    1
   2365   1212   1253   1254    1
   2366   1212   1254   1213    1
   2367   1213   1254   1255    1
   2368   1213   1255   1214    1
   2369   1214   1255   1256    1
   2370   1214   1256   1215    1
   2371   1215   1256   1257    1
   2372   1215   1257   1216    1
   2373   1216   1257   1258    1
   2374   1216   1258   1217    1
   2375   1217   1258   1259    1
   2376   1217   1259   1218    1
   2377   1218   1259   1260    1
   2378   1218   1260   1219    1
   2379   1219   1260   1261    1
   2380   1219   1261   1220    1
   2381   1220   1261   1262    1
   2382   1220   1262   1221    1
   2383   1221   1262   1263    1
   2384   1221   1263   1222    1
   2385   1222   1263   1264    1
   2386   1222   1264   1223    1
   2387   1223   1264   1265    1
   2388   1223   1265   1224    1
   2389   1224   1265   1266    1
   2390   1224   1266   1225    1
   2391   1225   1266   1267    1
   2392   1225   1267   1226    1
   2393   1226   1267   1268    1
   2394   1226   1268   1227    1
   2395   1227   1268   1269    1
   2396   1227   1269   1228    1
   2397   1228   1269   1270    1
   2398   1228   1270   1229    1
   2399   1229   1270   1271    1
   2400   1229   1271   1230    1
   2401   1231   1272   1273    1
   2402   1231   1273   1232    1
   2403   1232   1273   1274    1
   2404   1232   1274   1233    1
   2405   1233   1274   1275    1
   2406   1233   1275   1234    1
   2407   1234   1275   1276    1
   2408   1234   1276   1235    1
   2409   1235   1276   1277    1
   2410   1235   1277   1236    1
   2411   1236   1277   1278    1
   2412   1236   1278   1237    1
   2413   1237   1278   1279    1
   2414   1237   1279   1238    1
   2415   1238   1279   1280    1
   2416   1238   1280   1239    1
   2417   1239   1280   1281    1
   2418   1239   1281   1240    1
   2419   1240   1281   1282    1
   2420   1240   1282   1241    1
   2421   1241   1282   1283    1
   2422   1241   1283   1242    1
   2423   1242   1283   1284    1
   2424   1242   1284   1243    1
   2425   1243   1284   1285    1
   2426   1243   1285   1244    1
   2427   1244   1285   1286    1
   2428   1244   1286   1245    1
   2429   1245   1286   1287    1
   2430   1245   1287   1246    1
   2431   1246   1287   1288    1
   2432   1246   1288   1247    1
   2433   1247   1288   1289    1
   2434   1247   1289   1248    1
   2435   1248   1289   1290    1
   2436   1248   1290   1249    1
   2437   1249   1290   1291    1
   2438   1249   1291   1250    1
   2439   1250   1291   1292    1
   2440   1250   1292   1251    1
   2441   1251   1292   1293    1
   2442   1251   1293   1252    1
   2443   1252   1293   1294    1
   2444   1252   1294   1253    1
   2445   1253   1294   1295    1
   2446   1253   1295   1254    1
   2447   1254   1295   1296    1
   2448   1254   1296   1255    1
   2449   1255   1296   1297    1
   2450   1255   1297   1256    1
   2451   1256   1297   1298    1
   2452   1256   1298   1257    1
   2453   1257   1298   1299    1
   2454   1257   1299   1258    1
   2455   1258   1299   1300    1
   2456   1258   1300   1259    1
   2457   1259   1300   1301    1
   2458   1259   1301   1260    1
   2459   1260   1301   1302    1
   2460   1260   1302   1261    1
   2461   1261   1302   1303    1
   2462   1261   1303   1262    1
   2463   1262   1303   1304    1
   2464   1262   1304   1263    1
   2465   1263   1304   1305    1
   2466   1263   1305   1264    1
   2467   1264   1305   1306    1
   2468   1264   1306   1265    1
   2469   1265   1306   1307    1
   2470   1265   1307   1266    1
   2471   1266   1307   1308    1
   2472   1266   1308   1267    1
   2473   1267   1308   1309    1
   2474   1267   1309   1268    1
   2475   1268   1309   1310    1
   2476   1268   1310   1269    1
   2477   1269   1310   1311    1
   2478   1269   1311   1270    1
   2479   1270   1311   1312    1
   2480   1270   1312   1271    1
   2481   1272   1313   1314    1
   2482   1272   1314   1273    1
   2483   1273   1314   1315    1
   2484   1273   1315   1274    1
   2485   1274   1315   1316    1
   2486   1274   1316   1275    1
   2487   1275   1316   1317    1
   2488   1275   1317   1276    1
   2489   1276   1317   1318    1
   2490   1276   1318   1277    1
   2491   1277   1318   1319    1
   2492   1277   1319   1278    1
   2493   1278   1319   1320    1
   2494   1278   1320   1279    1
   2495   1279   1320   1321    1
   2496   1279   1321   1280    1
   2497   1280   1321   1322    1
   2498   1280   1322   1281    1
   2499   1281   1322   1323    1
   2500   1281   1323   1282    1
   2501   1282   1323   1324    1
   2502   1282   1324   1283    1
   2503   1283   1324   1325    1
   2504   1283   1325   1284    1
   2505   1284   1325   1326    1
   2506   1284   1326   1285    1
   2507   1285   1326   1327    1
   2508   1285   1327   1286    1
   2509   1286   1327   1328    1
   2510   1286   1328   1287    1
   2511   1287   1328   1329    1
   2512   1287   1329   1288    1
   2513   1288   1329   1330    1
   2514   1288   1330   1289    1
   2515   1289   1330   1331    1
   2516   1289   1331   1290    1
   2517   1290   1331   1332    1
   2518   1290   1332   1291    1
   2519   1291   1332   1333    1
   2520   1291   1333   1292    1
   2521   1292   1333   1334    1
   2522   1292   1334   1293    1
   2523   1293   1334   1335    1
   2524   1293   1335   1294    1
   2525   1294   1335   1336    1
   2526   1294   1336   1295    1
   2527   1295   1336   1337    1
   2528   1295   1337   1296    1
   2529   1296   1337   1338    1
   2530   1296   1338   1297    1
   2531   1297   1338   1339    1
   2532   1297   1339   1298    1
   2533   1298   1339   1340    1
   2534   1298   1340   1299    1
   2535   1299   1340   1341    1
   2536   1299   1341   1300    1
   2537   1300   1341   1342    1
   2538   1300   1342   1301    1
   2539   1301   1342   1343    1
   2540   1301   1343   1302    1
   2541   1302   1343   1344    1
   2542   1302   1344   1303    1
   2543   1303   1344   1345    1
   2544   1303   1345   1304    1
   2545   1304   1345   1346    1
   2546   1304   1346   1305    1
   2547   1305   1346   1347    1
   2548   1305   1347   1306    1
   2549   1306   1347   1348    1
   2550   1306   1348   1307    1
   2551   1307   1348   1349    1
   2552   1307   1349   1308    1
   2553   1308   1349   1350    1
   2554   1308   1350   1309    1
   2555   1309   1350   1351    1
   2556   1309   1351   1310    1
   2557   1310   1351   1352    1
   2558   1310   1352   1311    1
   2559   1311   1352   1353    1
   2560   1311   1353   1312    1
   1313    1    1
   1353    0    1
      0    0    0
      1    0.0000    -1.2500
      2    0.0000    -2.5000
      3    0.0000    -2.5000
      4    0.0000    -2.5000
      5    0.0000    -2.5000
      6    0.0000    -2.5000
      7    0.0000    -2.5000
      8    0.0000    -2.5000
      9    0.0000    -2.5000
     10    0.0000    -2.5000
     11    0.0000    -2.5000
     12    0.0000    -2.5000
     13    0.0000    -2.5000
     14    0.0000    -2.5000
     15    0.0000    -2.5000
     16    0.0000    -2.5000
     17    0.0000    -2.5000
     18    0.0000    -2.5000
     19    0.0000    -2.5000
     20    0.0000    -2.5000
     21    0.0000    -2.5000
     22    0.0000    -2.5000
     23    0.0000    -2.5000
     24    0.0000    -2.5000
     25    0.0000    -2.5000
     26    0.0000    -2.5000
     27    0.0000    -2.5000
     28    0.0000    -2.5000
     29    0.0000    -2.5000
     30    0.0000    -2.5000
     31    0.0000    -2.5000
     32    0.0000    -2.5000
     33    0.0000    -2.5000
     34    0.0000    -2.5000
     35    0.0000    -2.5000
     36    0.0000    -2.5000
     37    0.0000    -2.5000
     38    0.0000    -2.5000
     39    0.0000    -2.5000
     40    0.0000    -2.5000
     41    0.0000    -1.2500
      0    0.0000    0.0000
